id,titre,prix,statut,motif_exclusion,niveau_risque,corrections_appliquees,rang_tri
1,NENHUM,0.00,EXCLU,"prix nul / absent ; hors stock",OK,,
2,"ESPELHO AFRICA 291413",4.80,EXCLU,"prix < 80 €",OK,,
3,"BANDEJA AÇO ESPELHO 40X15X5 DOURADO",31.09,EXCLU,"prix < 80 € ; aucune image ; hors stock ; image placeholder",OK,,
4,"BANDEJA METAL ESPELHO 38X18X5 1 MATE DOURADO",14.79,EXCLU,"prix < 80 € ; hors stock",OK,,
5,"BANDEJA DECORAÇÃO METAL ESPELHO 47X35X6 DOURADO",19.90,EXCLU,"prix < 80 € ; aucune image ; hors stock ; image placeholder",OK,,
6,"COMODA T 9003-2",199.00,EXCLU,"aucune image ; hors stock ; image placeholder",OK,,
7,"ESPELHO T8553-1",36.00,EXCLU,"prix < 80 € ; aucune image ; image placeholder",OK,,
8,"SALFORD Sofá Cama",499.00,INCLUS,,MÉDIO,"description nettoyée",787
11,"AKASYA Mesa de Jantar",259.00,INCLUS,,MÉDIO,"description nettoyée",473
13,"KASMIR Cadeira",99.00,INCLUS,,MÉDIO,"description nettoyée",429
14,"AKASYA Mesa de Cabeceira",69.00,EXCLU,"prix < 80 €",OK,,
17,"KEMER Base TV",149.00,EXCLU,"éligible non inclus (au-delà de la cible)",MÉDIO,"description nettoyée",
18,"KEMER Cadeira",79.00,EXCLU,"prix < 80 €",OK,,
20,"AKASYA Mesa de Centro",89.00,INCLUS,,MÉDIO,"description nettoyée",880
25,"KASMIR Mesa de Cabeceira",79.00,EXCLU,"prix < 80 €",OK,,
30,"NAMUR Cadeira",89.00,INCLUS,,MÉDIO,"description nettoyée",732
31,"GUEVARA Cadeira",79.00,EXCLU,"prix < 80 €",OK,,
32,"DEMEY MESA CENTRO ANTIBES 452878",125.00,EXCLU,"aucune image ; hors stock ; image placeholder",OK,,
34,"DEMEY MESA CENTRO CARVALHO ORIGIN 150505",49.00,EXCLU,"prix < 80 € ; aucune image ; image placeholder",OK,,
35,"ANTIBES Vitrine",369.00,EXCLU,"hors stock",OK,,
40,"COLMED Almofada SensorGel",96.00,EXCLU,"éligible non inclus (au-delà de la cible)",MÉDIO,"description nettoyée",
41,"COLMED Almofada ViscoPremium",68.00,EXCLU,"prix < 80 €",OK,,
42,"Conjunto de 4 Pés Redondos",39.00,EXCLU,"prix < 80 €",OK,,
47,"STAR CÓMODA CEREJEIRA C/ FRISO PRETO (110X75X50)",249.00,EXCLU,"aucune image ; hors stock ; image placeholder",OK,,
48,"STAR MESA CABECEIRA CEREJEIRA C/ FRISO PRETO (55X43X38)",129.00,EXCLU,"aucune image ; image placeholder",OK,,
50,"LUCY CÓMODA CEREJEIRA GAVETAS LC BRANCO (110X78X50)",339.00,EXCLU,"aucune image ; hors stock ; image placeholder",OK,,
51,"CAMISEIRO 2 GAVETAS PL 002 ARO",135.00,EXCLU,"aucune image ; image placeholder",OK,,
52,"MOLAFLEX Almofada Viscogel",37.50,EXCLU,"prix < 80 €",OK,,
61,"LINK Base TV",239.00,EXCLU,"éligible non inclus (au-delà de la cible)",MÉDIO,"description nettoyée",
62,"LINK Módulo Suspenso",109.00,EXCLU,"éligible non inclus (au-delà de la cible)",MÉDIO,"description nettoyée",
64,"LINK Mesa de Centro",209.00,EXCLU,"éligible non inclus (au-delà de la cible)",MÉDIO,"description nettoyée",
65,"LINK Estante Completa",969.00,INCLUS,,MÉDIO,"description nettoyée",958
66,"PRATELEIRA - ARCO (BRANCO / CARVALHO GRANDSON)",79.00,EXCLU,"prix < 80 €",OK,,
67,"ARCO Estante Completo",859.00,INCLUS,,MÉDIO,"description nettoyée",951
70,"FRESCO -LK ROUPEIRO SZAFA- (C200/A202/L57) FIA+CINZENTO",527.00,EXCLU,"aucune image ; image placeholder",OK,,
71,"LINK Mesa de Jantar",289.00,EXCLU,"éligible non inclus (au-delà de la cible)",MÉDIO,"description nettoyée",
72,"PRIMO Móvel de Entrada",339.00,INCLUS,,MÉDIO,"description nettoyée",901
94,"MD NEW 05  190X140 VENUS 16 - FIM DE LINHA",431.25,EXCLU,"aucune image ; image placeholder",OK,,
99,"MD SOMM 20  200X160 PARIS GREEN",789.00,EXCLU,"aucune image ; hors stock ; image placeholder",OK,,
101,"MD SAVANA  190X140 SAVANA MIXED BROWN",269.00,EXCLU,"aucune image ; hors stock ; image placeholder",OK,,
102,"MD SAVANA  190X140 SAVANA LIGHT GREY",269.00,EXCLU,"aucune image ; hors stock ; image placeholder",OK,,
103,"MD SAVANA  190X140 SAVANA BLUE",269.00,EXCLU,"aucune image ; hors stock ; image placeholder",OK,,
104,"MD SAVANA  200X160 SAVANA BLUE",299.00,EXCLU,"aucune image ; hors stock ; image placeholder",OK,,
106,"MD SAVANA  200X160 SAVANA MIXED BROWN",299.00,EXCLU,"aucune image ; hors stock ; image placeholder",OK,,
107,"MD SAVANA  200X160 SAVANA NATA",224.25,EXCLU,"aucune image ; image placeholder",OK,,
108,"MD SOMM 23  190X140 MARMORE FOREST - FIM DE LINHA",631.00,EXCLU,"aucune image ; hors stock ; image placeholder",OK,,
109,"MD ROYAL  200X160 ESTRUTURA SWEDEN MEDIUM GREY / ALMOFADA  CAPRI SILVER",599.00,EXCLU,"aucune image ; hors stock ; image placeholder",OK,,
110,"MD ROYAL  200X160 ESTRUTURA SWEDEN BLUE / ALMOFADA  CAPRI ATLANTIC",599.00,EXCLU,"aucune image ; hors stock ; image placeholder",OK,,
111,"MD ROYAL  200X160 ESTRUTURA SWEDEN BEGE / ALMOFADA  CAPRI BEGE",599.00,EXCLU,"aucune image ; hors stock ; image placeholder",OK,,
112,"MD ASTURIAS  190X140 MILANO NATA",329.00,EXCLU,"aucune image ; hors stock ; image placeholder",OK,,
113,"MD ASTURIAS  190X140 MILANO OCEAN",329.00,EXCLU,"aucune image ; hors stock ; image placeholder",OK,,
114,"MD ASTURIAS  190X140 MILANO STEEL",329.00,EXCLU,"aucune image ; hors stock ; image placeholder",OK,,
115,"MD ASTURIAS  200X160 MILANO NATA",379.00,EXCLU,"aucune image ; hors stock ; image placeholder",OK,,
118,"MS DANY  190X140 QUEENS TABAC",299.00,EXCLU,"aucune image ; hors stock ; image placeholder",OK,,
119,"MS FANA  190X140 QUEENS TAUPÉ",249.00,EXCLU,"aucune image ; hors stock ; image placeholder",OK,,
120,"MS ARÃO  200X160 CÉLIA 16 (CINZA)",259.00,EXCLU,"aucune image ; hors stock ; image placeholder",OK,,
121,"CONJ 3 ESPELHOS SORT CINZA/DOURADO",12.90,EXCLU,"prix < 80 € ; aucune image ; image placeholder",OK,,
122,"CONJ 3 ESPELHOS SORT BRANCO/DOURADO",12.90,EXCLU,"prix < 80 € ; aucune image ; hors stock ; image placeholder",OK,,
123,"ESPELHO PLASTICO 17X25 8LEDS COM SUPORTE",12.90,EXCLU,"prix < 80 € ; aucune image ; image placeholder",OK,,
124,"ESPELHO PLASTICO 18X30 8LEDS JANELA SOPO",22.90,EXCLU,"prix < 80 € ; aucune image ; hors stock ; image placeholder",OK,,
128,"ESPELHO METAL VIDRO 18X9X22 PRETO",3.20,EXCLU,"prix < 80 €",OK,,
129,"SANTI D`ITALIA Pack 2 Almofadas",14.90,EXCLU,"prix < 80 €",OK,,
130,"FRIDA ST Mesa de Centro",75.00,EXCLU,"prix < 80 €",OK,,
132,"FRIDA Camiseiro",99.00,INCLUS,,MÉDIO,"description nettoyée",778
183,"MATI - GM MÓDULO SUSPENSO W1",99.00,EXCLU,"hors stock",OK,,
213,"SINO - GM ROUPEIRO 260",999.00,EXCLU,"aucune image ; hors stock ; image placeholder",OK,,
214,"SINO - GM ROUPEIRO 230",775.00,EXCLU,"aucune image ; hors stock ; image placeholder",OK,,
215,"MONTANA - GM MÓDULO SUSPENSO W1 CARVALHO",73.00,EXCLU,"prix < 80 € ; aucune image ; hors stock ; image placeholder",OK,,
216,"MONTANA - GM MÓDULO SUSPENSO W1 CARVALHO + CINZA",73.00,EXCLU,"prix < 80 € ; aucune image ; hors stock ; image placeholder",OK,,
217,"MONTANA - GM COMODA K3S CARVALHO",205.00,EXCLU,"aucune image ; hors stock ; image placeholder",OK,,
218,"MONTANA - GM COMODA K3S CARVALHO + CINZA",205.00,EXCLU,"aucune image ; hors stock ; image placeholder",OK,,
221,"MONTANA - GM ROUPEIRO S3D CARVALHO",539.00,EXCLU,"aucune image ; hors stock ; image placeholder",OK,,
222,"DARK Mesa de Centro",255.00,INCLUS,,MÉDIO,"description nettoyée",449
223,"FLOW Mesa de Centro",115.00,INCLUS,,MÉDIO,"description nettoyée",873
227,"CAMPARI Base TV",205.00,INCLUS,,MÉDIO,"description nettoyée",672
230,"BL 140 Mesa de Jantar",199.00,EXCLU,"hors stock",OK,,
231,"SKY Vitrine",289.00,INCLUS,,MÉDIO,"description nettoyée",568
235,"PRIMO Mesa de Centro",219.00,INCLUS,,MÉDIO,"description nettoyée",754
236,"PRIMO Base TV",209.00,EXCLU,"hors stock",OK,,
237,"SKY Estante Completa",689.00,INCLUS,,MÉDIO,"description nettoyée",952
240,"ARDEN Base de TV",269.00,INCLUS,,MÉDIO,"description nettoyée",839
242,"ARDEN Mesa de Centro",229.00,INCLUS,,MÉDIO,"description nettoyée",749
243,"ARDEN Roupeiro",865.00,INCLUS,,MÉDIO,"description nettoyée",375
244,"ARDEN Cómoda",365.00,INCLUS,,MÉDIO,"description nettoyée",826
246,"ARDEN Mesa de Cabeceira",299.00,INCLUS,,MÉDIO,"description nettoyée",903
247,"ANDERS - LK - ROUPEIRO (SOSNA ANDERSEN)",607.00,EXCLU,"aucune image ; hors stock ; image placeholder",OK,,
249,"ANDERS - LK - MESA DE CABECEIRA (SOSNA ANDERSEN)",99.00,EXCLU,"aucune image ; hors stock ; image placeholder",OK,,
250,"LINK Roupeiro",199.00,INCLUS,,MÉDIO,"description nettoyée",848
251,"LINK Cómoda",269.00,INCLUS,,MÉDIO,"description nettoyée",840
252,"LENA Mesa de Centro",89.00,INCLUS,,MÉDIO,"description nettoyée",881
253,"ALVA Mesa de Centro",69.00,EXCLU,"prix < 80 €",OK,,
254,"ANTEK Secretária",179.00,EXCLU,"hors stock",OK,,
255,"MATI Módulo 2 Gavetas",99.00,EXCLU,"hors stock",OK,,
261,"CENTRO ESPELHADO PENAFIEL",10.00,EXCLU,"prix < 80 € ; aucune image ; hors stock ; image placeholder",OK,,
265,"HAMPTON Estúdio Completo",375.00,INCLUS,,MÉDIO,"description nettoyée",824
281,"PRICY 2 Mesa de Cabeceira",39.00,EXCLU,"prix < 80 € ; hors stock",OK,,
290,"COLORADO Mesa de Cabeceira",49.00,EXCLU,"prix < 80 €",OK,,
291,"COLORADO Cómoda",249.00,INCLUS,,MÉDIO,"description nettoyée",413
293,"PRESTIGE Cómoda",199.00,INCLUS,,MÉDIO,"description nettoyée",525
294,"PRESTIGE Mesa de Cabeceira",63.20,EXCLU,"prix < 80 €",OK,,
296,"PRESTIGE Aparador",199.20,EXCLU,"éligible non inclus (au-delà de la cible)",MÉDIO,"description nettoyée",
297,"PRESTIGE KI Base TV",199.00,INCLUS,,MÉDIO,"description nettoyée",791
298,"PRESTIGE - KI - MODULO SUSPENSO (FL)",63.20,EXCLU,"prix < 80 €",OK,,
299,"PRESTIGE Mesa de Jantar",229.00,INCLUS,,MÉDIO,"description nettoyée",845
300,"PRESTIGE Cadeira",79.00,EXCLU,"prix < 80 €",OK,,
301,"PRESTIGE Cama de Casal",239.20,INCLUS,,MÉDIO,"description nettoyée",843
302,"BRAMS Consola",99.00,INCLUS,,MÉDIO,"description nettoyée",714
303,"BRAMS Base TV",119.00,INCLUS,,MÉDIO,"description nettoyée",548
304,"BRAMS Mesa de Centro",119.00,INCLUS,,MÉDIO,"description nettoyée",549
305,"COLORADO - CONJ. 2 MESAS DE CENTRO - 151345",59.00,EXCLU,"prix < 80 €",OK,,
307,"COUNTRY SIDE - Mesa de Centro",99.00,INCLUS,,OK,,586
308,"DOCK89 Conjunto de Mesa e Bancos",89.00,INCLUS,,MÉDIO,"description nettoyée",882
309,"Dock - Mesa Industrial Regulável",79.00,EXCLU,"prix < 80 €",OK,,
310,"DOCK01 Conjunto de Mesa e Bancos",139.00,EXCLU,"hors stock",OK,,
311,"DOCK40 Conjunto de Mesa e Bancos",129.00,EXCLU,"éligible non inclus (au-delà de la cible)",MÉDIO,"description nettoyée",
312,"DOCK Banco de Bar Regulável",49.00,EXCLU,"prix < 80 €",OK,,
313,"BANDEJA METAL ESPELHO 28X28X4.5 CIRCULO DOURADO BD-164110",13.90,EXCLU,"prix < 80 € ; aucune image ; hors stock ; image placeholder",OK,,
314,"ESPELHO REDONDO POVOA",59.00,EXCLU,"prix < 80 € ; aucune image ; hors stock ; image placeholder",OK,,
317,"ARCO Quarto Casal",1243.00,INCLUS,,MÉDIO,"description nettoyée",600
327,"LENE 159 133*190 06 CINZA",44.00,EXCLU,"prix < 80 € ; aucune image ; hors stock ; image placeholder",OK,,
328,"MD Wave  190x140 Ramses 12-16-18 - FIM DE LINHA",599.00,EXCLU,"aucune image ; image placeholder",OK,,
329,"MD Wave  200x160 Ramses 12-16-18 - FIM DE LINHA",645.00,EXCLU,"aucune image ; image placeholder",OK,,
330,"MD Cross  190x140 Royal Grey - FIM DE LINHA",374.25,EXCLU,"aucune image ; image placeholder",OK,,
331,"MD FINE 200X160 KENIA KHAKI",779.00,EXCLU,"aucune image ; image placeholder",OK,,
332,"BELL 18 Cadeira",159.00,INCLUS,,MÉDIO,"description nettoyée",729
345,"BASE TAPI ELEVATÓRIA 220X200 AVANTIS COR 05",611.00,EXCLU,"aucune image ; hors stock ; image placeholder",OK,,
347,"BASIC Colchão Super Espuma",149.00,EXCLU,"éligible non inclus (au-delà de la cible)",MÉDIO,"description nettoyée",
355,"PIKOLIN NORDICO 220X220 MK 19775 / MK 19741 / cama de 110 a 140cm  OFERTA",0.00,EXCLU,"prix nul / absent ; aucune image ; image placeholder",OK,,
378,"CABECEIRA 8 200X160 (34-790/CINZA)",240.00,EXCLU,"aucune image ; image placeholder",OK,,
385,"ESPEJO 71CM FLORES ORO (2 - 4)",56.34,EXCLU,"prix < 80 €",OK,,
390,"MD KENIA 190X140 CORES SORTIDAS",259.00,EXCLU,"aucune image ; hors stock ; image placeholder",OK,,
393,"MESAS CABECEIRA REJA BRANCA (2 UN)",199.00,EXCLU,"aucune image ; hors stock ; image placeholder",OK,,
394,"MESAS CABECEIRA REJA PRETA (2 UN)",199.00,EXCLU,"aucune image ; hors stock ; image placeholder",OK,,
395,"MESAS CABECEIRA REJA CINZA (2 UN)",199.00,EXCLU,"aucune image ; hors stock ; image placeholder",OK,,
407,"ARTY Cómoda",99.00,EXCLU,"éligible non inclus (au-delà de la cible)",MÉDIO,"description nettoyée",
415,"COMODA ALTEA JR (TAORMINA ASH)",127.00,EXCLU,"hors stock",OK,,
424,"SOTO - ESTANTE P/ LIVROS (WHITE/PUCCINI OAK)",108.00,EXCLU,"aucune image ; hors stock ; image placeholder",OK,,
425,"ANTHONY JR Mesa de Centro",139.00,INCLUS,,OK,,700
426,"ANTHONY JR Aparador",569.00,INCLUS,,MÉDIO,"description nettoyée",812
427,"ANTHONY Base TV",259.00,INCLUS,,MÉDIO,"description nettoyée",841
428,"ANTHONY JR Vitrine",729.00,EXCLU,"hors stock",OK,,
432,"RELAX 2 Base TV",179.00,EXCLU,"éligible non inclus (au-delà de la cible)",MÉDIO,"description nettoyée",
433,"JOHNY Aparador",209.00,EXCLU,"hors stock",OK,,
435,"TOP Base TV",279.00,EXCLU,"hors stock",OK,,
437,"TOP JR Bengaleiro",116.00,EXCLU,"hors stock",OK,,
439,"TOP JR Móvel Entrada",145.00,EXCLU,"hors stock",OK,,
440,"TOP JR Espelho",69.00,EXCLU,"prix < 80 € ; hors stock",OK,,
441,"KENDRA JR Consola",129.00,INCLUS,,OK,,955
442,"MOVE JR Consola",179.00,EXCLU,"éligible non inclus (au-delà de la cible)",MÉDIO,"description nettoyée",
444,"ANNA Sapateira",189.00,EXCLU,"éligible non inclus (au-delà de la cible)",MÉDIO,"description nettoyée",
446,"BONN Bloco 3 Gavetas",99.00,EXCLU,"éligible non inclus (au-delà de la cible)",MÉDIO,"description nettoyée",
450,"Mesa de Jantar/ Consola L Jr",379.00,INCLUS,,MÉDIO,"titre normalisé (casse), description nettoyée",565
451,"SOTO JR ESTANSE LIVROS (SONOMA/GRAPHITE)",105.00,EXCLU,"aucune image ; hors stock ; image placeholder",OK,,
452,"SOTO JR MOVEL BAR (SONOMA/GRAPHITE)",89.00,EXCLU,"aucune image ; hors stock ; image placeholder",OK,,
455,"MD WAVE CABECEIRA ATE 150 A X 200 C",609.00,EXCLU,"aucune image ; hors stock ; image placeholder",OK,,
456,"Bell - Mesa Cabeceira",115.00,INCLUS,,OK,,940
457,"BELL Cómoda",270.00,INCLUS,,MÉDIO,"description nettoyée",837
458,"ATLANTIC Aparador",259.00,EXCLU,"éligible non inclus (au-delà de la cible)",MÉDIO,"description nettoyée",
460,"ATLANTIK Mesa de Jantar",229.00,EXCLU,"hors stock",OK,,
461,"BELL 26 Cadeira",149.00,INCLUS,,MÉDIO,"description nettoyée",890
462,"ATLANTIK Base TV",249.00,INCLUS,,MÉDIO,"description nettoyée",592
469,"MOVEL BAR PRIMO PK COM FRENTE BRANCA",319.00,EXCLU,"aucune image ; hors stock ; image placeholder",OK,,
472,"TUNA Mesa de Cabeceira",129.00,INCLUS,,MÉDIO,"description nettoyée",454
476,"MOLAFLEX Colchão Seaqual Pocket",849.00,INCLUS,,MÉDIO,"description nettoyée",960
479,"RIVERSIDE Bengaleiro",69.00,EXCLU,"prix < 80 €",OK,,
481,"DREAM Conjunto de Mesa e Bancos Infantil",34.00,EXCLU,"prix < 80 €",OK,,
482,"LOFT Base TV",79.00,EXCLU,"prix < 80 €",OK,,
483,"MANGER Mesa de Jantar",169.00,INCLUS,,MÉDIO,"description nettoyée",685
484,"LOFT Mesa de Centro",59.00,EXCLU,"prix < 80 € ; hors stock",OK,,
486,"FACTORY Base TV",39.00,EXCLU,"prix < 80 €",OK,,
487,"3D LK Roupeiro",839.00,INCLUS,,MÉDIO,"description nettoyée",484
489,"3D LK Cómoda",349.00,INCLUS,,MÉDIO,"description nettoyée",507
490,"3D LK Mesa de Centro",139.00,INCLUS,,MÉDIO,"description nettoyée",543
491,"3D Aparador",309.00,EXCLU,"hors stock",OK,,
492,"BROOKLYN Mesa de Centro",145.00,INCLUS,,MÉDIO,"description nettoyée",929
493,"BROOKLYN Consola",79.00,EXCLU,"prix < 80 €",OK,,
494,"VIRGINIA Mesa de Centro",34.00,EXCLU,"prix < 80 €",OK,,
495,"Factory - Mesa de Jantar (150X80X75Cm) 151151",99.00,EXCLU,"éligible non inclus (au-delà de la cible)",MÉDIO,"titre normalisé (casse), description nettoyée",
499,"CHELSEA Aparador",129.00,INCLUS,,MÉDIO,"description nettoyée",704
500,"MADISON - CONSOLA EM METAL PRETO (120X39X79CM) - 151338",39.00,EXCLU,"prix < 80 €",OK,,
501,"MADISON Mesa de Centro",45.00,EXCLU,"prix < 80 €",OK,,
502,"JOYA Mesa de Centro",59.00,EXCLU,"prix < 80 €",OK,,
503,"BALI Mesa de Centro",129.00,INCLUS,,MÉDIO,"description nettoyée",705
504,"BALI Base TV",79.00,EXCLU,"prix < 80 €",OK,,
505,"BROOKLYN - CONSOLA C/ ESTRUTA EM METAL (PRETO) (120X30XH77CM) - 151109",79.00,EXCLU,"prix < 80 € ; aucune image ; image placeholder",OK,,
506,"DOCK60 Conjunto de Mesa e Cadeiras",199.00,INCLUS,,MÉDIO,"description nettoyée",849
507,"DOCK61 Conjunto de Mesa e Cadeiras",89.00,INCLUS,,MÉDIO,"description nettoyée",883
508,"Hampton JR -Mesa Jantar",159.00,INCLUS,,MÉDIO,"description nettoyée",923
509,"HAMPTON Mesa de Centro",145.00,INCLUS,,MÉDIO,"description nettoyée",930
510,"HAMPTON Consola",99.00,EXCLU,"hors stock",OK,,
511,"MADISON Base TV",55.00,EXCLU,"prix < 80 €",OK,,
512,"CHELSEA Mesa de Centro",99.00,INCLUS,,MÉDIO,"description nettoyée",875
513,"Chelsea FR - Consola",89.00,EXCLU,"éligible non inclus (au-delà de la cible)",MÉDIO,"description nettoyée",
514,"CHELSEA Estante",139.00,EXCLU,"éligible non inclus (au-delà de la cible)",MÉDIO,"description nettoyée",
515,"CHELSEA Cómoda",149.00,EXCLU,"éligible non inclus (au-delà de la cible)",MÉDIO,"description nettoyée",
516,"JOYA Consola",129.00,EXCLU,"éligible non inclus (au-delà de la cible)",MÉDIO,"description nettoyée",
517,"JOYA Base TV",99.00,EXCLU,"hors stock",OK,,
518,"JOYA Mesa de Centro",75.00,EXCLU,"prix < 80 €",OK,,
519,"BRAMS FR Mesa de Jantar",189.00,INCLUS,,MÉDIO,"description nettoyée",682
520,"BALI Cómoda",120.00,INCLUS,,MÉDIO,"description nettoyée",939
521,"RIVERSIDE Consola",69.00,EXCLU,"prix < 80 € ; hors stock",OK,,
524,"MADIS LK Mesa de Centro",219.00,INCLUS,,MÉDIO,"description nettoyée",669
525,"MADIS Vitrine",409.00,INCLUS,,MÉDIO,"description nettoyée",435
526,"54108 Puff Industrial",29.00,EXCLU,"prix < 80 €",OK,,
529,"Cali PK - mesa JANTAR",575.00,EXCLU,"hors stock",OK,,
533,"COMODA 4 GAVETAS VEGAS",299.00,EXCLU,"aucune image ; hors stock ; image placeholder",OK,,
534,"CAMISEIRO 4G 70CM VEGAS",259.00,EXCLU,"aucune image ; hors stock ; image placeholder",OK,,
535,"MÓVEL SUSPENSO MÓVEL VIDRO 126CM VEGAS",299.00,EXCLU,"aucune image ; hors stock ; image placeholder",OK,,
536,"MESA DE CENTRO 90CM VEGAS",159.00,EXCLU,"aucune image ; hors stock ; image placeholder",OK,,
537,"BASE TV 97CM VEGAS",199.00,EXCLU,"aucune image ; hors stock ; image placeholder",OK,,
538,"BASE TV 127,5 CM VEGAS",249.00,EXCLU,"aucune image ; hors stock ; image placeholder",OK,,
539,"BASE TV 195 CM NATURAL",379.00,EXCLU,"aucune image ; hors stock ; image placeholder",OK,,
541,"PIKOLIN Almofada Cooper",17.40,EXCLU,"prix < 80 €",OK,,
542,"TIAGO Base TV",379.00,EXCLU,"hors stock",OK,,
543,"CAMA ALUMINIO LEOPAR - 12",215.25,EXCLU,"aucune image ; hors stock ; image placeholder",OK,,
544,"QUARTO COMPLETO GRAPHIC",255.00,EXCLU,"aucune image ; image placeholder",OK,,
546,"SOMMIER MÁLAGA QUEENS TAUPE 200x160 ON LINE",299.00,EXCLU,"aucune image ; hors stock ; image placeholder",OK,,
547,"WAYNE Base TV",139.00,INCLUS,,MÉDIO,"description nettoyée",544
548,"WAYNE Mesa de Centro",145.00,INCLUS,,MÉDIO,"description nettoyée",697
549,"WAYNE Aparador",199.00,INCLUS,,MÉDIO,"description nettoyée",673
550,"SOMMIER ARÃO  QUEENS BLACK 190X140 ON LINE",229.00,EXCLU,"aucune image ; hors stock ; image placeholder",OK,,
551,"WAYNE Mesa de Jantar",129.00,INCLUS,,MÉDIO,"description nettoyée",706
552,"SOMMIER  ARÃO  QUEENS BLACK 200X160 ONLINE",259.00,EXCLU,"aucune image ; hors stock ; image placeholder",OK,,
553,"WAYNE Armário",179.00,INCLUS,,MÉDIO,"description nettoyée",533
555,"SOMMIER MÁLAGA  QUEENS ASH 200X160 ON LINE",274.00,EXCLU,"aucune image ; hors stock ; image placeholder",OK,,
557,"SHEFFIELD Aparador",289.00,EXCLU,"hors stock",OK,,
558,"SHEFFIELD Base TV",175.00,EXCLU,"hors stock",OK,,
559,"SHEFFIELD Mesa de Centro",90.00,EXCLU,"hors stock",OK,,
560,"SHEFFIELD Vitrine",259.00,INCLUS,,MÉDIO,"description nettoyée",660
561,"SHEFFIELD Mesa de Jantar",179.00,EXCLU,"hors stock",OK,,
562,"DIAMOND Mesa de Centro",209.00,INCLUS,,MÉDIO,"description nettoyée",847
563,"DIAMOND Aparador Alto",299.00,INCLUS,,MÉDIO,"description nettoyée",567
564,"DIAMOND Base TV",219.00,INCLUS,,MÉDIO,"description nettoyée",670
565,"DIAMOND Vitrine",269.00,EXCLU,"hors stock",OK,,
566,"COMODA 1P+3G DIAMNOD KSZ104",269.00,EXCLU,"aucune image ; hors stock ; image placeholder",OK,,
568,"EMMA Almofada Original Comfort",56.80,EXCLU,"prix < 80 €",OK,,
569,"EMMA Almofada Original Adapt",91.00,INCLUS,,MÉDIO,"description nettoyée",879
570,"EMMA Almofada Original Adapt Cooling",66.30,EXCLU,"prix < 80 €",OK,,
581,"DONALD Cama",108.00,INCLUS,,MÉDIO,"description nettoyée",538
600,"CAMISEIRO 5 GAVETAS LARA ANDERSON PINO-GRIS  (ARTIGO EM  CÓDIGO ANTIGO)",149.00,EXCLU,"aucune image ; image placeholder",OK,,
614,"Linea KI - Mesa Cabeceira",99.00,INCLUS,,MÉDIO,"description nettoyée",570
615,"LINEA KI Cómoda",189.00,INCLUS,,MÉDIO,"description nettoyée",591
616,"LINEA Camiseiro",189.00,INCLUS,,MÉDIO,"description nettoyée",896
617,"LINEA Aparador",139.00,INCLUS,,MÉDIO,"description nettoyée",646
620,"LINEA KI Mesa de Centro",55.00,EXCLU,"prix < 80 €",OK,,
621,"ROMMY KI Cama Casal",249.00,INCLUS,,MÉDIO,"description nettoyée",661
623,"ROOMY KI Cómoda",129.00,EXCLU,"éligible non inclus (au-delà de la cible)",MÉDIO,"description nettoyée",
624,"ROOMY Camiseiro",139.00,EXCLU,"éligible non inclus (au-delà de la cible)",MÉDIO,"description nettoyée",
626,"ROOMY Mesa de Jantar",142.50,INCLUS,,MÉDIO,"description nettoyée",698
627,"ROOMY Cadeira",59.00,EXCLU,"prix < 80 €",OK,,
629,"ROOMY KI Mesa de Centro",45.00,EXCLU,"prix < 80 €",OK,,
631,"LAVITA KI Mesa de Cabeceira",99.00,INCLUS,,MÉDIO,"description nettoyée",876
634,"LAVITA Camiseiro",139.00,EXCLU,"éligible non inclus (au-delà de la cible)",MÉDIO,"description nettoyée",
637,"LAVITA Mesa de Centro",90.00,EXCLU,"éligible non inclus (au-delà de la cible)",MÉDIO,"description nettoyée",
639,"MD KENIA PRODUÇÃO 190 X 90,CABECEIRA AVANTIS - COR: 26,BASE AVANTIS - COR: 26",269.00,EXCLU,"aucune image ; hors stock ; image placeholder",OK,,
640,"SPIRIT Mesa de Centro",389.00,INCLUS,,OK,,245
641,"INSTA Biblioteca",639.00,INCLUS,,MÉDIO,"description nettoyée",492
642,"INSTA Secretária",729.00,INCLUS,,MÉDIO,"description nettoyée",572
643,"INSTA Vitrine",639.00,INCLUS,,MÉDIO,"description nettoyée",559
644,"INSTA SC Base TV",469.00,INCLUS,,OK,,220
645,"INSTA Mesa de Jantar",629.00,INCLUS,,OK,,177
646,"INSTA Mesa de Centro",299.00,INCLUS,,OK,,513
647,"FACE 18 Tela",49.00,EXCLU,"prix < 80 €",OK,,
652,"ILIAN cómoda",115.00,INCLUS,,MÉDIO,"description nettoyée",585
653,"TIAGO Mesa de Centro",299.00,INCLUS,,MÉDIO,"description nettoyée",352
657,"DIAMOND KOMODA K104 (2 portas) 103,5 x 76,7 x 39 CM",229.00,EXCLU,"aucune image ; image placeholder",OK,,
662,"COLORADO Estante 151375",49.00,EXCLU,"prix < 80 €",OK,,
663,"COLORADO PARTELEIRA RANGE 151379 FL",79.00,EXCLU,"prix < 80 € ; aucune image ; image placeholder",OK,,
664,"BAXTER Mesa de Centro",369.00,INCLUS,,OK,,469
665,"BAXTER Mesa de Jantar",599.00,INCLUS,,OK,,494
671,"BAXTER Aparador",649.00,INCLUS,,MÉDIO,"description nettoyée",614
680,"AVEIRO Roupeiro",659.00,INCLUS,,MÉDIO,"description nettoyée",806
683,"TIAGO - ESPELHO SE 19SA1711",179.00,EXCLU,"hors stock",OK,,
687,"GIANT JR Mesa de Jantar",349.00,INCLUS,,MÉDIO,"description nettoyée",648
690,"MD KENIA PRODUÇÃO ATÉ 200X200 PET PROOF",349.00,EXCLU,"aucune image ; hors stock ; image placeholder",OK,,
691,"JADE Mesa de Cabeceira",79.00,EXCLU,"prix < 80 €",OK,,
692,"MESA FIXA 110X70 BEST  BRANCO/ORLA CINZA",199.00,EXCLU,"aucune image ; image placeholder",OK,,
698,"BAXTER Consola",399.00,INCLUS,,MÉDIO,"description nettoyée",575
700,"MESA CABECEIRA PRIEGO CAM-GR",65.00,EXCLU,"prix < 80 € ; aucune image ; image placeholder",OK,,
708,"SNAPP SC Base TV",199.00,INCLUS,,MÉDIO,"description nettoyée",674
710,"SNAPP SC Mesa de Centro",319.00,EXCLU,"hors stock",OK,,
711,"SNAPP SC Mesa de Jantar",259.00,INCLUS,,OK,,522
712,"BRICE DM Secretária",215.00,EXCLU,"hors stock",OK,,
720,"LDC531 Cadeira",21.00,EXCLU,"prix < 80 €",OK,,
721,"COMODA SWEDEN BRANCA",289.00,EXCLU,"aucune image ; hors stock ; image placeholder",OK,,
722,"NOTTE Mesa de Centro",233.00,INCLUS,,MÉDIO,"description nettoyée",906
723,"MOVEL ALTO NOTTE ANTRACYT 2D2S",395.00,EXCLU,"aucune image ; hors stock ; image placeholder",OK,,
734,"CONSOLA MILLA MATERA/CHROM LEGS CINZA - FL",399.00,EXCLU,"aucune image ; hors stock ; image placeholder",OK,,
735,"CONSOLA MILLA WHITE GLOSS/CHROM LEGS BRANCO - FL",399.00,EXCLU,"aucune image ; image placeholder",OK,,
736,"CONSOLA MILLA BLACK GLOSS /CHROM LEGS PRETA - FL",399.00,EXCLU,"aucune image ; hors stock ; image placeholder",OK,,
737,"ARIA HT Toucador",299.00,INCLUS,,MÉDIO,"description nettoyée",656
738,"DIVA HT Toucador",319.00,EXCLU,"hors stock",OK,,
739,"ATHENS MT Mesa de Centro",159.00,EXCLU,"hors stock",OK,,
740,"ATHENS HT Base TV",429.00,EXCLU,"hors stock",OK,,
742,"HEKTOR Cómoda",399.00,INCLUS,,MÉDIO,"description nettoyée",742
749,"ASTON HT Móvel Alto",509.00,INCLUS,,MÉDIO,"description nettoyée",717
750,"ASTON Aparador Alto",459.00,INCLUS,,MÉDIO,"description nettoyée",720
751,"ASTON HT Mesa de Centro",289.00,INCLUS,,MÉDIO,"description nettoyée",835
753,"VERA CONJUNTO (51 + 26): CAMA 160 + 2 MESINHAS + CÓMODA ARTISAN OAK / BLACK",529.00,EXCLU,"aucune image ; hors stock ; image placeholder",OK,,
754,"VERA CONJUNTO (51 + 26): CAMA 160 + 2 MESINHAS + CÓMODA SONOMA OAK / WHITE",529.00,EXCLU,"aucune image ; hors stock ; image placeholder",OK,,
756,"VERA ROUPEIRO 4P MONASTRY OAK / BLACK",565.00,EXCLU,"aucune image ; hors stock ; image placeholder",OK,,
759,"VERA CÓMODA 2P 4G MONASTRY OAK / BLACK",199.00,EXCLU,"aucune image ; hors stock ; image placeholder",OK,,
762,"VERA CONJUNTO (51 + 26): CAMA 160 + 2 MESINHAS + CÓMODA MONASTRY OAK / BLACK",529.00,EXCLU,"aucune image ; hors stock ; image placeholder",OK,,
763,"VERA ROUPEIRO 4P ARTIC PINE FAIR / ARTIC PINE DARK",565.00,EXCLU,"aucune image ; hors stock ; image placeholder",OK,,
764,"VERA CÓMODA 2P 4G ARTIC PINE FAIR / ARTIC PINE DARK",199.00,EXCLU,"aucune image ; hors stock ; image placeholder",OK,,
765,"VERA CONJUNTO (51 + 26): CAMA 160 + 2 MESINHAS + CÓMODA ARTIC PINE FAIR / ARTIC PINE DARK",529.00,EXCLU,"aucune image ; hors stock ; image placeholder",OK,,
767,"SIGMA HT Mesa de Cabeceira",109.00,INCLUS,,MÉDIO,"description nettoyée",874
768,"SIGMA CÓMODA 2P+4G FLAGSTAFF OAK / BLACK SUPERMAT",309.00,EXCLU,"aucune image ; hors stock ; image placeholder",OK,,
771,"SIGMA MESA CABECEIRA 2 GAVETAS ARTISAN OAK / BLACK SUPERMAT - FIM DE LINHA",109.00,EXCLU,"aucune image ; image placeholder",OK,,
772,"SIGMA HT Cómoda",309.00,INCLUS,,MÉDIO,"description nettoyée",829
774,"Brooklyn - Mesa de Jantar (110X90X76Cm) - 151106",149.00,EXCLU,"éligible non inclus (au-delà de la cible)",MÉDIO,"titre normalisé (casse), description nettoyée",
775,"BROOKLYN Aparador",199.00,EXCLU,"éligible non inclus (au-delà de la cible)",MÉDIO,"description nettoyée",
776,"DOCK Estante",129.00,EXCLU,"éligible non inclus (au-delà de la cible)",MÉDIO,"description nettoyée",
777,"BAOBAB Aparador",119.00,EXCLU,"éligible non inclus (au-delà de la cible)",MÉDIO,"description nettoyée",
778,"BAOBAB Base TV",135.00,INCLUS,,MÉDIO,"description nettoyée",869
779,"BAOBAB Mesa de Centro",89.00,EXCLU,"éligible non inclus (au-delà de la cible)",MÉDIO,"description nettoyée",
780,"BAOBAB FR Consola",109.00,EXCLU,"éligible non inclus (au-delà de la cible)",MÉDIO,"description nettoyée",
781,"BAOBAB Estante",149.00,EXCLU,"éligible non inclus (au-delà de la cible)",MÉDIO,"description nettoyée",
782,"KARMA Cadeira",169.00,EXCLU,"hors stock",OK,,
783,"ROUPEIRO ALFA CASTANHO 200CM - 22F01518 - FIM DE LINHA",649.00,EXCLU,"aucune image ; hors stock ; image placeholder",OK,,
784,"ROUPEIRO 2P ALFA BRANCO 200CM - FIM DE LINHA",649.00,EXCLU,"aucune image ; image placeholder",OK,,
785,"SINTRA HT Prateleira",149.00,INCLUS,,MÉDIO,"description nettoyée",865
786,"SINTRA Armário",459.00,INCLUS,,MÉDIO,"description nettoyée",498
787,"SINTRA HT Base TV",449.00,INCLUS,,MÉDIO,"description nettoyée",396
788,"SINTRA Aparador Alto",579.00,INCLUS,,MÉDIO,"description nettoyée",623
789,"SINTRA HT Mesa de Centro",429.00,INCLUS,,MÉDIO,"description nettoyée",502
790,"BROOKLYN Base TV",89.00,INCLUS,,MÉDIO,"description nettoyée",956
795,"IRIS II HT Secretária",159.00,INCLUS,,MÉDIO,"description nettoyée",863
797,"CONSOLA QATAR 2 CEREJO/PRETO 1100X850X300",349.00,EXCLU,"aucune image ; image placeholder",OK,,
798,"CONSOLA QATAR 1 CEREJEIRA/ PRETO 100X900X300",269.00,EXCLU,"aucune image ; hors stock ; image placeholder",OK,,
805,"CRAFT JR Roupeiro",239.00,INCLUS,,MÉDIO,"description nettoyée",844
813,"NEST Cómoda",369.00,INCLUS,,MÉDIO,"description nettoyée",825
814,"Deco - Cómoda",359.00,INCLUS,,OK,,437
816,"SAIGON roupeiro",199.00,EXCLU,"hors stock",OK,,
818,"SAIGON JR cómoda",149.00,INCLUS,,MÉDIO,"description nettoyée",453
821,"SAIGON JR Mesa de Centro",99.00,EXCLU,"hors stock",OK,,
827,"Movel de Entrada C/ Duas Gavetas Pilu",129.00,EXCLU,"éligible non inclus (au-delà de la cible)",MÉDIO,"titre normalisé (casse), description nettoyée",
829,"INDUSTRIAL Consola",149.00,INCLUS,,MÉDIO,"description nettoyée",766
832,"KAMAIRA Consola",169.00,EXCLU,"hors stock",OK,,
833,"KAMAIRA Base TV",139.00,INCLUS,,MÉDIO,"description nettoyée",866
835,"COMODA C/ TRES GAVETAS KAMAIRA",199.00,EXCLU,"aucune image ; image placeholder",OK,,
837,"MOVEL ALTO C/ TRES GAVETAS KAMAIRA",119.00,EXCLU,"aucune image ; image placeholder",OK,,
838,"21810030 Consola",89.00,INCLUS,,MÉDIO,"description nettoyée",780
839,"TALINE Consola",89.00,INCLUS,,MÉDIO,"description nettoyée",781
845,"NEST Conjunto de 2 Mesas de Cabeceira",249.00,EXCLU,"éligible non inclus (au-delà de la cible)",MÉDIO,"description nettoyée",
846,"BALI Consola",149.00,EXCLU,"éligible non inclus (au-delà de la cible)",MÉDIO,"description nettoyée",
848,"JADE Mesa de Cabeceira",59.00,EXCLU,"prix < 80 € ; hors stock",OK,,
849,"JADE Roupeiro",299.00,INCLUS,,MÉDIO,"description nettoyée",405
850,"JADE Cómoda",169.00,INCLUS,,MÉDIO,"description nettoyée",368
851,"JADE Secretária",169.00,EXCLU,"hors stock",OK,,
852,"MD WAVE CABECEIRA ATE 150 A X 200 C PET PROOF",700.00,EXCLU,"aucune image ; hors stock ; image placeholder",OK,,
853,"DAYANA SC Mesa de Jantar",659.00,INCLUS,,OK,,807
854,"MD KENIA PRODUÇÃO ATÉ 190X140 PETPROOF",429.00,EXCLU,"aucune image ; hors stock ; image placeholder",OK,,
855,"MD KENIA CABECEIRA ATÉ 150 X 200 - PETPROOF",448.74,EXCLU,"aucune image ; hors stock ; image placeholder",OK,,
856,"MD KID  (OPERA CREAM) 190X90 - FIM DE LINHA",209.00,EXCLU,"aucune image ; hors stock ; image placeholder",OK,,
881,"MD PURE CABECEIRA ATÉ 150(A) X 160(C) PETPROOF",424.00,EXCLU,"aucune image ; hors stock ; image placeholder",OK,,
882,"MD PURE CABECEIRA ATÉ 150 A X 140 C",331.00,EXCLU,"aucune image ; hors stock ; image placeholder",OK,,
883,"MD PURE CABECEIRA ATÉ 150 A X 160 C",369.00,EXCLU,"aucune image ; hors stock ; image placeholder",OK,,
884,"MD WAVE CABECEIRA ATE 150 A X 160 C",609.00,EXCLU,"aucune image ; hors stock ; image placeholder",OK,,
885,"MD WAVE CABECEIRA ATE 150 A X 140 C",553.00,EXCLU,"aucune image ; hors stock ; image placeholder",OK,,
886,"MD WAVE CABECEIRA  ATE 150 A X 160 C PET PROOF",700.00,EXCLU,"aucune image ; hors stock ; image placeholder",OK,,
887,"MD WAVE CABECEIRA ATE 150 A X 140 C PET PROOF",636.00,EXCLU,"aucune image ; hors stock ; image placeholder",OK,,
888,"MD FINE CABECEIRA ATÉ 150 A X 160 C",669.00,EXCLU,"aucune image ; hors stock ; image placeholder",OK,,
889,"MD FINE CABECEIRA ATÉ 150 A X 140 C",499.00,EXCLU,"aucune image ; hors stock ; image placeholder",OK,,
890,"MD FINE CABECEIRA ATÉ 150 A X 200 C - PETPROOF",679.00,EXCLU,"aucune image ; hors stock ; image placeholder",OK,,
891,"MD FINE CABECEIRA ATÉ 150 A X 160 C - PETPROOF",589.00,EXCLU,"aucune image ; hors stock ; image placeholder",OK,,
892,"MD FINE CABECEIRA ATÉ 150 A X 140 C - PETPROOF",549.00,EXCLU,"aucune image ; hors stock ; image placeholder",OK,,
897,"MD BELGRADO CABECEIRA ATÉ 150 A X 140 C",629.00,EXCLU,"aucune image ; hors stock ; image placeholder",OK,,
898,"MD BELGRADO CABECEIRA ATÉ 150 A X 200 C - PETPROOF",879.23,EXCLU,"aucune image ; hors stock ; image placeholder",OK,,
899,"MD BELGRADO CABECEIRA ATÉ 150 A X 160 C - PETPROOF",809.00,EXCLU,"aucune image ; hors stock ; image placeholder",OK,,
900,"MD BELGRADO CABECEIRA ATÉ 150 A X 140 C - PETPROOF",699.00,EXCLU,"aucune image ; hors stock ; image placeholder",OK,,
901,"MD KENIA CABECEIRA ATÉ 150 A X 160 C",479.00,EXCLU,"aucune image ; hors stock ; image placeholder",OK,,
902,"MD KENIA CABECEIRA ATÉ 150 A X 140 C",439.00,EXCLU,"aucune image ; hors stock ; image placeholder",OK,,
903,"MD KENIA CABECEIRA ATÉ 150 X 160 - PETPROOF",389.00,EXCLU,"aucune image ; hors stock ; image placeholder",OK,,
906,"MB1985 Cadeira de Jardim",75.00,EXCLU,"prix < 80 €",OK,,
909,"MESA JANTAR BRSTOL BRANCO & WOTON",179.00,EXCLU,"aucune image ; hors stock ; image placeholder",OK,,
915,"SOFÁ CHAISE LONG ABI6702 EXTERIOR + MESA BEJE",890.00,EXCLU,"aucune image ; image placeholder",OK,,
916,"306 Conjunto de Jardim",99.00,EXCLU,"éligible non inclus (au-delà de la cible)",MÉDIO,"description nettoyée",
917,"314 Conjunto de Jardim",89.00,EXCLU,"éligible non inclus (au-delà de la cible)",MÉDIO,"description nettoyée",
918,"HARMONY RTV144 PK Base TV",229.00,INCLUS,,MÉDIO,"description nettoyée",523
919,"HARMONY Mesa de Centro",195.00,INCLUS,,MÉDIO,"description nettoyée",793
927,"HARMONY Aparador",279.00,INCLUS,,MÉDIO,"description nettoyée",412
932,"DECO 2 Mesas de Cabeceira",229.00,INCLUS,,MÉDIO,"description nettoyée",665
935,"BASE TAPI ELEVATORIA 190 X 140 (1 MÓDULO),SALVADOR 12",645.00,EXCLU,"aucune image ; image placeholder",OK,,
938,"MILTON LK Cómoda",479.00,INCLUS,,MÉDIO,"description nettoyée",630
939,"APARADOR  NEST",399.00,EXCLU,"aucune image ; hors stock ; image placeholder",OK,,
940,"2 Mesas Cabeceira - Verso LK",229.00,EXCLU,"aucune image ; image placeholder",OK,,
947,"Comoda Areti 5 Gavetas/ 1P",239.00,INCLUS,,MÉDIO,"titre normalisé (casse), description nettoyée",748
948,"SELMA Armário",365.00,EXCLU,"hors stock",OK,,
949,"SKAGEN Consola",209.00,INCLUS,,MÉDIO,"description nettoyée",755
950,"WILLOW Consola",149.00,INCLUS,,MÉDIO,"description nettoyée",767
951,"IRIS Consola",149.00,INCLUS,,MÉDIO,"description nettoyée",768
955,"MARTINE Consola",139.00,INCLUS,,MÉDIO,"description nettoyée",771
956,"MARTINE Base TV",309.00,INCLUS,,MÉDIO,"description nettoyée",830
957,"SOTO BLANCO-ROBLE módulo suspenso",85.00,EXCLU,"aucune image ; image placeholder",OK,,
962,"VITRINE 2P. 130 CM LARA PUCCINI-TEXTIL",115.00,EXCLU,"aucune image ; image placeholder",OK,,
964,"MOVEL BAIXO 1 PTA. 60 CM. LARA APIL.CAM-BL",95.00,EXCLU,"aucune image ; image placeholder",OK,,
975,"APARADOR 2P. 120CM LARA CAMBRIA-BLANCO",169.00,EXCLU,"aucune image ; image placeholder",OK,,
977,"CONJUNTO VIDEL MESA + 2 TABURETES",275.00,EXCLU,"aucune image ; image placeholder",OK,,
984,"RUSH Base TV",589.00,INCLUS,,MÉDIO,"description nettoyée",810
985,"XELO LK Roupeiro",1189.00,INCLUS,,MÉDIO,"description nettoyée",799
987,"MESA CENTRO YOSSI 151172",99.00,EXCLU,"aucune image ; image placeholder",OK,,
988,"MOVEL ALTO YOSSI 151199",189.00,EXCLU,"aucune image ; image placeholder",OK,,
989,"PRADO Mesa de Cabeceira",99.00,EXCLU,"hors stock",OK,,
998,"DAYANA Secretária",409.00,INCLUS,,OK,,234
1000,"DAYANA Mesa de Centro",289.00,INCLUS,,OK,,269
1001,"HARMONY Vitrine",289.00,INCLUS,,MÉDIO,"description nettoyée",411
1002,"SPIRIT Cadeira",169.00,INCLUS,,MÉDIO,"description nettoyée",686
1003,"EVORA HT - ROUPEIRO 5 PORTAS C/ 3 ESPELHOS WHITE + DAB LEFKAS",979.00,EXCLU,"aucune image ; image placeholder",OK,,
1005,"PUFF CINZA ESCURO PE METAL 22050026",69.00,EXCLU,"prix < 80 € ; aucune image ; image placeholder",OK,,
1006,"PUFF BEGE PE METAL 22050025",99.00,EXCLU,"aucune image ; image placeholder",OK,,
1007,"Banqueta Cama Cinza Claro 22050023",199.00,INCLUS,,MÉDIO,"titre normalisé (casse), description nettoyée",756
1010,"ESPELHO DECORATIVO 48 x 4,5 x 48 CM",7.50,EXCLU,"prix < 80 €",OK,,
1015,"EVORA HT - ROUPEIRO 4 PORTAS WHITE+ DAB LEFKAS (BRANCO)",799.00,EXCLU,"aucune image ; hors stock ; image placeholder",OK,,
1016,"COMODA 4 CAJONES CHESS - 21080137",309.00,EXCLU,"aucune image ; image placeholder",OK,,
1017,"COMODA 5 CAJONES IRIS - 21080147",359.00,EXCLU,"aucune image ; image placeholder",OK,,
1018,"MESILLA 3 CAJONES IRIS - 21080150",219.00,EXCLU,"aucune image ; image placeholder",OK,,
1020,"CONSOLA 3 CAJONES LYSSA - 21080153",219.00,EXCLU,"aucune image ; image placeholder",OK,,
1021,"MESILLA LINNET 2 CAJONES - 21260069",139.00,EXCLU,"aucune image ; image placeholder",OK,,
1022,"MESA DE ENTRADA LINNET - 21260070",295.00,EXCLU,"aucune image ; image placeholder",OK,,
1023,"COMODA 4 CAJONES LINNET - 21260071",299.00,EXCLU,"aucune image ; image placeholder",OK,,
1024,"ARMARIO LINNET 2 PUERTAS - 21260072",479.00,EXCLU,"aucune image ; image placeholder",OK,,
1025,"ARETI Mesa de Entrada",219.00,INCLUS,,MÉDIO,"description nettoyée",671
1026,"MESILLA NOCHE 4 CAJONES EMIL - 22100003",245.00,EXCLU,"aucune image ; image placeholder",OK,,
1027,"MESA ENTRADA EMIL - 22100005",169.00,EXCLU,"aucune image ; image placeholder",OK,,
1028,"BROOKLYN - SILLA PU NEGRO 55X45X78CM",79.00,EXCLU,"prix < 80 € ; aucune image ; image placeholder",OK,,
1029,"BROOKLYN - TABURETE DE BAR PU MARON ALT 66",115.00,EXCLU,"aucune image ; image placeholder",OK,,
1033,"Cómoda Hektor Ht",399.00,INCLUS,,MÉDIO,"titre normalisé (casse), description nettoyée",886
1041,"COMODA QUEENS",125.00,EXCLU,"aucune image ; hors stock ; image placeholder",OK,,
1065,"MESA DE APOIO SHELBY",39.00,EXCLU,"prix < 80 € ; hors stock",OK,,
1066,"SHELBY 166 Aparador",159.00,EXCLU,"hors stock",OK,,
1068,"SHELBY Consola",75.00,EXCLU,"prix < 80 € ; hors stock",OK,,
1069,"SHELBY 168 Aparador",79.00,EXCLU,"prix < 80 € ; hors stock",OK,,
1070,"MOVEL NOTTE C/ DOIS MODULOS SUSPENSOS",176.00,EXCLU,"aucune image ; hors stock ; image placeholder",OK,,
1088,"EDREDON SUBLIME ECOSLEEP",39.00,EXCLU,"prix < 80 €",OK,,
1090,"MALT Mesa de Jantar",459.00,INCLUS,,OK,,817
1091,"MALT Base TV",439.00,INCLUS,,MÉDIO,"description nettoyée",562
1093,"COLORADO Estante 151348",69.00,EXCLU,"prix < 80 €",OK,,
1095,"SOHO 151313 Base TV",139.00,EXCLU,"hors stock",OK,,
1102,"ETHNA COMODA 5 GAVETAS",189.00,EXCLU,"aucune image ; hors stock ; image placeholder",OK,,
1104,"HS60501 Cadeirão Relax",690.00,INCLUS,,OK,,590
1105,"HS 60479 Cadeirão Relax",324.00,INCLUS,,OK,,654
1106,"MESA DE CENTRO ODIN 10330160",139.00,EXCLU,"aucune image ; image placeholder",OK,,
1107,"SIRA Mesa de Centro",229.00,INCLUS,,MÉDIO,"description nettoyée",750
1108,"Comoda 3 Cajones Sira - 21530108",319.00,INCLUS,,MÉDIO,"titre normalisé (casse), description nettoyée",746
1109,"LYRA Sapateira",339.00,INCLUS,,MÉDIO,"description nettoyée",578
1110,"MESA CENTRO 3 CAJONES LYRA - 21530102",229.00,EXCLU,"aucune image ; image placeholder",OK,,
1111,"COMODA 4 CAJONES 1/P TROPICAL - 21530099",369.00,EXCLU,"aucune image ; image placeholder",OK,,
1112,"DUNE Base TV",149.00,INCLUS,,MÉDIO,"description nettoyée",925
1121,"MOVEL 3 PORTAS E 2 GAVETAS ZUG 03 (SONOMA)",169.00,EXCLU,"aucune image ; hors stock ; image placeholder",OK,,
1129,"MODJO Roupeiro",199.00,INCLUS,,MÉDIO,"description nettoyée",356
1139,"STOUT Mesa de Jantar",339.00,EXCLU,"hors stock",OK,,
1141,"STOUT CBA Aparador",439.00,EXCLU,"hors stock",OK,,
1154,"DONALD DS - MESA CABECEIRA ANDERSEN-PUCCINI  (ARTIGO EM  CÓDIGO ANTIGO)",79.00,EXCLU,"prix < 80 € ; aucune image ; image placeholder",OK,,
1196,"SOTO DS - CAMISEIRO ANDERSEN ROBLE",149.00,EXCLU,"aucune image ; image placeholder",OK,,
1206,"ACCESS Base TV",115.00,EXCLU,"hors stock",OK,,
1207,"ACCESS CBA Mesa de Centro",79.00,EXCLU,"prix < 80 €",OK,,
1208,"ACCESS CBA Mesa de Jantar",199.00,INCLUS,,MÉDIO,"description nettoyée",850
1209,"CRAFT Vitrine",399.00,EXCLU,"hors stock",OK,,
1210,"5A110 Cadeirão",89.00,EXCLU,"éligible non inclus (au-delà de la cible)",MÉDIO,"description nettoyée",
1211,"3C110 Cadeirão",69.00,EXCLU,"prix < 80 €",OK,,
1212,"4C110 Cadeirão",199.00,EXCLU,"éligible non inclus (au-delà de la cible)",MÉDIO,"description nettoyée",
1213,"APARADOR NOVA KSZ104 (BIALY)",389.00,EXCLU,"aucune image ; hors stock ; image placeholder",OK,,
1214,"GAMER SKIN CBA Secretária",189.00,INCLUS,,MÉDIO,"description nettoyée",531
1220,"TOY BOX OCHANA 346 564",149.00,EXCLU,"aucune image ; hors stock ; image placeholder",OK,,
1221,"CAMA DE BEBE OCHNA 403 546",499.00,EXCLU,"aucune image ; hors stock ; image placeholder",OK,,
1222,"BASE CABINET OCHNA 433 691",269.00,EXCLU,"aucune image ; hors stock ; image placeholder",OK,,
1223,"COMODA OCHNA 447628",279.00,EXCLU,"aucune image ; image placeholder",OK,,
1224,"ARMARIO 3P OCHNA 485 522",899.00,EXCLU,"aucune image ; hors stock ; image placeholder",OK,,
1228,"FRANKLYN Mesa de Entrada",139.00,INCLUS,,MÉDIO,"description nettoyée",701
1229,"Set 2 Mesas Consola - 20880096",105.00,INCLUS,,MÉDIO,"titre normalisé (casse), description nettoyée",777
1230,"ALANIS Consola",69.00,EXCLU,"prix < 80 €",OK,,
1231,"ODIN Consola",85.00,INCLUS,,MÉDIO,"description nettoyée",784
1236,"CAMISEIRO C/ 4 GAVETAS LUNA - 22100015",205.00,EXCLU,"aucune image ; image placeholder",OK,,
1240,"ALDER Consola",169.00,INCLUS,,MÉDIO,"description nettoyée",760
1244,"ELOY 43 Consola",169.00,INCLUS,,MÉDIO,"description nettoyée",915
1245,"ELOY 42 Consola",179.00,INCLUS,,MÉDIO,"description nettoyée",581
1246,"ELOY Base TV",189.00,INCLUS,,MÉDIO,"description nettoyée",452
1250,"ESPELHO ARNO HT",199.00,EXCLU,"hors stock",OK,,
1251,"ROUPEIRO 2 PORTAS ARNO COM ESPELHO WHITE GLOSS-SILVER (EXC. ONLINE) 2497LF19",979.00,EXCLU,"aucune image ; hors stock ; image placeholder",OK,,
1254,"ARNO HT toucador",299.00,INCLUS,,MÉDIO,"description nettoyée",789
1255,"PIEDRA KI Roupeiro",979.00,INCLUS,,MÉDIO,"description nettoyée",797
1256,"MAYRA KI - ESPELHO CÓMODA",79.00,EXCLU,"prix < 80 €",OK,,
1257,"PASTEL KI - ESPELHO CÓMODA***** fim linha",39.00,EXCLU,"prix < 80 €",OK,,
1258,"MERLIN KI Roupeiro",759.00,INCLUS,,MÉDIO,"description nettoyée",459
1259,"MERLIN KI - ESPELHO CÓMODA fim linha",69.30,EXCLU,"prix < 80 €",OK,,
1260,"MERLIN Camiseiro",159.00,INCLUS,,MÉDIO,"description nettoyée",905
1261,"MERLIN KI Mesa de Cabeceira",79.00,EXCLU,"prix < 80 €",OK,,
1262,"MERLIN KI Cómoda",149.00,INCLUS,,MÉDIO,"description nettoyée",693
1263,"MERLIN KI Mesa de Jantar",199.00,INCLUS,,MÉDIO,"description nettoyée",526
1264,"MERLIN Aparador",199.00,INCLUS,,MÉDIO,"description nettoyée",633
1265,"MERLIN Base TV",169.00,INCLUS,,MÉDIO,"description nettoyée",822
1267,"COMODA EDAJ 309673  - FIM DE LINHA",199.00,EXCLU,"aucune image ; image placeholder",OK,,
1268,"MESA CABECEIRA EDAJ 309672 - FIM DE LINHA",79.00,EXCLU,"prix < 80 € ; aucune image ; image placeholder",OK,,
1270,"TOUCADOR LILI 166538",169.00,EXCLU,"aucune image ; image placeholder",OK,,
1271,"2 GAVETAS LOUGANE 287532",105.00,EXCLU,"aucune image ; hors stock ; image placeholder",OK,,
1272,"COMODA FIRMIANA BRANCO 259608",229.00,EXCLU,"aucune image ; image placeholder",OK,,
1273,"COMODA ALBIZINA 360790",259.00,EXCLU,"aucune image ; image placeholder",OK,,
1274,"PRESTIGO Mesa de Cabeceira",139.00,INCLUS,,OK,,280
1275,"PRESTIGO Mesa de Centro",209.00,INCLUS,,OK,,31
1276,"PRESTIGO Secretária",329.00,EXCLU,"hors stock",OK,,
1277,"PRESTIGO Aparador Alto",369.00,INCLUS,,MÉDIO,"description nettoyée",560
1278,"PRESTIGO Estante",309.00,INCLUS,,MÉDIO,"description nettoyée",342
1279,"PRESTIGO Mesa de Jantar Extensivel",469.00,INCLUS,,OK,,149
1280,"PRESTIGO Roupeiro",439.00,INCLUS,,OK,,19
1288,"ROUPEIRO SAIGON 3P  KRONBERG (EXC. ONLINE)",299.00,EXCLU,"aucune image ; hors stock ; image placeholder",OK,,
1289,"ROUPEIRO SAIGON 4P  KRONBERG (EXC. ONLINE)",399.00,EXCLU,"aucune image ; hors stock ; image placeholder",OK,,
1292,"FERIDO Mesa de Centro",179.00,EXCLU,"hors stock",OK,,
1293,"FERIDO Roupeiro",499.00,EXCLU,"hors stock",OK,,
1294,"FERIDO Mesa de Cabeceira",179.00,EXCLU,"hors stock",OK,,
1295,"AUSTIN Mesa de Centro",115.00,EXCLU,"hors stock",OK,,
1296,"EVO Set de Jardim",249.00,INCLUS,,MÉDIO,"description nettoyée",414
1298,"ANTIBES Mesa de Jantar",285.00,EXCLU,"hors stock",OK,,
1299,"ANTIBES Aparador",345.00,EXCLU,"hors stock",OK,,
1347,"MD BELGRADO PRODUÇÃO ATÉ 190X90",739.00,EXCLU,"aucune image ; hors stock ; image placeholder",OK,,
1348,"MD BELGRADO CABECEIRA ATÉ 150 A X 90 C",549.00,EXCLU,"aucune image ; hors stock ; image placeholder",OK,,
1350,"MD KENIA CABECEIRA ATÉ 150 A X 90 C",279.00,EXCLU,"aucune image ; hors stock ; image placeholder",OK,,
1351,"MD PURE PRODUÇÃO ATÉ 190X90",479.00,EXCLU,"aucune image ; hors stock ; image placeholder",OK,,
1352,"MD PURE CABECEIRA ATÉ 150 A X 90 C",294.00,EXCLU,"aucune image ; hors stock ; image placeholder",OK,,
1353,"MD WAVE  190X90 RAMSES 12-16-18",555.00,EXCLU,"aucune image ; hors stock ; image placeholder",OK,,
1354,"MD WAVE PRODUÇÃO ATÉ 190X90",699.00,EXCLU,"aucune image ; hors stock ; image placeholder",OK,,
1355,"MD WAVE CABECEIRA ATE 150 A X 90 C",498.00,EXCLU,"aucune image ; hors stock ; image placeholder",OK,,
1356,"MD FINE PRODUÇÃO ATÉ 190X90",579.00,EXCLU,"aucune image ; hors stock ; image placeholder",OK,,
1357,"MD FINE CABECEIRA ATÉ 150 A X 90 C",459.00,EXCLU,"aucune image ; hors stock ; image placeholder",OK,,
1358,"MD VISEU PRODUÇÃO ATÉ 190X90",379.00,EXCLU,"aucune image ; hors stock ; image placeholder",OK,,
1361,"MD VISEU CABECEIRA ATÉ 150 A X 140 C",342.00,EXCLU,"aucune image ; hors stock ; image placeholder",OK,,
1362,"MD VISEU CABECEIRA ATÉ 150 A X 90 C",303.00,EXCLU,"aucune image ; hors stock ; image placeholder",OK,,
1363,"MD 23 V.2023 CABECEIRA ATÉ 150 A X 140 C",342.00,EXCLU,"aucune image ; hors stock ; image placeholder",OK,,
1364,"MD 23 V.2023 CABECEIRA ATÉ 150 A X 90 C",303.00,EXCLU,"aucune image ; hors stock ; image placeholder",OK,,
1365,"MD 23 V.2023 PRODUÇÃO ATÉ 190X90",569.00,EXCLU,"aucune image ; hors stock ; image placeholder",OK,,
1366,"ECOSLEEP Almofada Microfibra",12.90,EXCLU,"prix < 80 €",OK,,
1383,"MAYRA Aparador",309.00,INCLUS,,MÉDIO,"description nettoyée",721
1384,"MAYRA KI Mesa de Jantar",309.00,INCLUS,,MÉDIO,"description nettoyée",615
1385,"MAYRA Base TV",259.00,INCLUS,,MÉDIO,"description nettoyée",821
1386,"MAYRA KI Mesa de Cabeceira",99.00,INCLUS,,MÉDIO,"description nettoyée",851
1387,"MAYRA KI Cómoda",249.00,INCLUS,,MÉDIO,"description nettoyée",474
1388,"PIEDRA KI Mesa de Jantar",309.00,INCLUS,,MÉDIO,"description nettoyée",627
1389,"PIEDRA Aparador",289.00,INCLUS,,MÉDIO,"description nettoyée",814
1390,"PIEDRA KI Base TV",189.00,INCLUS,,MÉDIO,"description nettoyée",831
1391,"PIEDRA KI Mesa de Cabeceira",89.00,INCLUS,,MÉDIO,"description nettoyée",535
1392,"PIEDRA KI Cómoda",239.00,INCLUS,,MÉDIO,"description nettoyée",649
1393,"PIEDRA Cadeira",159.00,INCLUS,,MÉDIO,"description nettoyée",675
1394,"MAYRA Cadeira",139.00,INCLUS,,MÉDIO,"description nettoyée",722
1395,"MERLIN BEDROOM DRESSER fim linha",181.30,EXCLU,"aucune image ; image placeholder",OK,,
1397,"VEGA Mesa de Cabeceira",89.00,EXCLU,"éligible non inclus (au-delà de la cible)",MÉDIO,"description nettoyée",
1398,"MAYRA Camiseiro",209.00,INCLUS,,MÉDIO,"description nettoyée",836
1400,"DELFINA KI Sofá 3 Lugares",669.00,INCLUS,,MÉDIO,"description nettoyée",464
1402,"PASTEL KI CAMISEIRO ALTO***** fim linha",129.00,EXCLU,"aucune image ; image placeholder",OK,,
1403,"PIEDRA Camiseiro",229.00,INCLUS,,MÉDIO,"description nettoyée",751
1404,"ZA-90 Cadeira",59.00,EXCLU,"prix < 80 €",OK,,
1405,"ZA-95 Cadeira",79.00,EXCLU,"prix < 80 €",OK,,
1406,"ZA-96 Cadeira",69.00,EXCLU,"prix < 80 €",OK,,
1407,"ZA-101 Cadeira",79.00,EXCLU,"prix < 80 €",OK,,
1408,"20A12 Cadeira",99.00,INCLUS,,MÉDIO,"description nettoyée",891
1410,"SLM 23099 Sofá Cama",799.00,INCLUS,,MÉDIO,"description nettoyée",609
1414,"ASOLA Base TV",269.00,INCLUS,,MÉDIO,"description nettoyée",659
1415,"ASOLA Mesa de Jantar",299.00,INCLUS,,MÉDIO,"description nettoyée",832
1420,"MIA Cómoda",399.00,INCLUS,,MÉDIO,"description nettoyée",576
1423,"ESPELHO PRT 2816-352",2.00,EXCLU,"prix < 80 € ; aucune image ; hors stock ; image placeholder",OK,,
1427,"MESA SAE-180 CINZA EXT. 180-240CM",99.00,EXCLU,"aucune image ; image placeholder",OK,,
1428,"MESA SAE-180 BEGE EXT. 180-240CM",199.00,EXCLU,"aucune image ; hors stock ; image placeholder",OK,,
1429,"VCE CABECEIRA VERTICAL MOD.355 155X100 - SALMÃO",180.00,EXCLU,"aucune image ; hors stock ; image placeholder",OK,,
1431,"MOD70 Mesa de Jantar Extensível",189.00,INCLUS,,MÉDIO,"description nettoyée",856
1432,"ACNES & LANE Conjunto de Mesa e Cadeiras",255.00,EXCLU,"éligible non inclus (au-delà de la cible)",MÉDIO,"description nettoyée",
1438,"AURA DS Móvel de Cozinha",92.00,EXCLU,"éligible non inclus (au-delà de la cible)",MÉDIO,"description nettoyée",
1440,"AVATAR Conjunto de Mesa e Cadeiras",195.00,EXCLU,"éligible non inclus (au-delà de la cible)",MÉDIO,"description nettoyée",
1441,"AVATAR DT Mesa de Jantar",79.00,EXCLU,"prix < 80 €",OK,,
1442,"AVATAR Pack 6 Cadeiras",169.00,INCLUS,,MÉDIO,"description nettoyée",888
1443,"AXISS Conjunto de Mesa e Cadeiras",189.00,EXCLU,"éligible non inclus (au-delà de la cible)",MÉDIO,"description nettoyée",
1444,"AXISS DS Mesa de Jantar",79.00,EXCLU,"prix < 80 €",OK,,
1445,"AXISS Pack 6 Cadeiras",149.00,EXCLU,"éligible non inclus (au-delà de la cible)",MÉDIO,"description nettoyée",
1450,"LARA Garrafeira",189.00,INCLUS,,MÉDIO,"description nettoyée",911
1453,"CHAMPION Sapateira",79.00,EXCLU,"prix < 80 €",OK,,
1458,"LARA DS espelho",78.00,EXCLU,"prix < 80 €",OK,,
1459,"LARA DS espelho",78.00,EXCLU,"prix < 80 €",OK,,
1460,"CABRA 02 Quarto Casal",399.00,INCLUS,,MÉDIO,"description nettoyée",973
1462,"CABRA DS armário",479.00,INCLUS,,OK,,885
1470,"CHESTER DS - ESPELHO NEGRO",25.00,EXCLU,"prix < 80 €",OK,,
1472,"DINAMARCA & FINA Conjunto de Mesa e Cadeiras",175.00,EXCLU,"éligible non inclus (au-delà de la cible)",MÉDIO,"description nettoyée",
1473,"ENTER Móvel de Entrada",119.00,EXCLU,"éligible non inclus (au-delà de la cible)",MÉDIO,"description nettoyée",
1474,"FLORES & FINA Conjunto de Mesa e Cadeiras",175.00,EXCLU,"éligible non inclus (au-delà de la cible)",MÉDIO,"description nettoyée",
1475,"JANSEN Conjunto de Mesa e 5 Cadeiras",238.00,INCLUS,,MÉDIO,"description nettoyée",954
1476,"KIRBY & VIDEL Conjunto de Mesa e Cadeiras",240.00,EXCLU,"hors stock",OK,,
1488,"AROA Pack 2 Cadeiras",169.00,INCLUS,,MÉDIO,"description nettoyée",889
1489,"CODY Pack 4 Cadeiras",159.00,EXCLU,"éligible non inclus (au-delà de la cible)",MÉDIO,"description nettoyée",
1490,"EMI DT Mesa de Jantar",79.00,EXCLU,"prix < 80 €",OK,,
1491,"MARMOL Pack 6 Cadeiras",169.00,INCLUS,,MÉDIO,"description nettoyée",860
1492,"SAN DT Mesa de Jantar",149.00,EXCLU,"éligible non inclus (au-delà de la cible)",MÉDIO,"description nettoyée",
1493,"SENSEI Pack 4 Cadeiras",289.00,INCLUS,,MÉDIO,"description nettoyée",569
1494,"SULLIE Mesa de Jantar",99.00,EXCLU,"éligible non inclus (au-delà de la cible)",MÉDIO,"description nettoyée",
1495,"ZUNI Pack 6 Cadeiras",219.00,INCLUS,,MÉDIO,"description nettoyée",887
1497,"MARMOL Mesa de Jantar",119.00,EXCLU,"éligible non inclus (au-delà de la cible)",MÉDIO,"description nettoyée",
1518,"SANDER & ROWENA Conjunto de Mesa e Cadeiras",420.00,INCLUS,,MÉDIO,"description nettoyée",970
1519,"SAN & SAKURA Conjunto de Mesa de Tampo Duplo e 6 Cadeiras",358.00,EXCLU,"hors stock",OK,,
1520,"SENNA Mesa de Centro",39.00,EXCLU,"prix < 80 €",OK,,
1521,"SENSEI Conjunto de Mesa de Tampo Duplo e Cadeiras",384.00,INCLUS,,MÉDIO,"description nettoyée",980
1527,"SOTO prateleira",22.00,EXCLU,"prix < 80 €",OK,,
1528,"SOTO prateleira",22.00,EXCLU,"prix < 80 €",OK,,
1535,"TARA Mesa de Centro",89.00,EXCLU,"éligible non inclus (au-delà de la cible)",MÉDIO,"description nettoyée",
1538,"URAL DS - CONJUNTO 2 ESPELHOS BLANCO",95.00,EXCLU,"hors stock",OK,,
1539,"URAL DS - CONJUNTO 2 ESPELHOS NEGRO",95.00,EXCLU,"hors stock",OK,,
1543,"YURI & RORY Conjunto de Mesa e Cadeiras",229.00,EXCLU,"éligible non inclus (au-delà de la cible)",MÉDIO,"description nettoyée",
1544,"AURA Secretária",69.00,EXCLU,"prix < 80 €",OK,,
1545,"CHAMPION Armário 2 Portas",219.00,INCLUS,,MÉDIO,"description nettoyée",907
1546,"LARA espelho",78.00,EXCLU,"prix < 80 €",OK,,
1549,"Chellen Ds - Moldura Espelho com Lua Color Cañon",89.00,INCLUS,,MÉDIO,"titre normalisé (casse), description nettoyée",946
1552,"CYNTHIA Mesa de Cabeceira",39.00,EXCLU,"prix < 80 €",OK,,
1559,"TEXAS espelho",72.00,EXCLU,"prix < 80 €",OK,,
1563,"CABRA Cabeceira",119.00,EXCLU,"éligible non inclus (au-delà de la cible)",MÉDIO,"description nettoyée",
1564,"CABRA Cómoda 4 Gavetas",189.00,INCLUS,,MÉDIO,"description nettoyée",912
1565,"CABRA espelho",69.00,EXCLU,"prix < 80 €",OK,,
1566,"CABRA Mesa de Cabeceira",79.00,EXCLU,"prix < 80 €",OK,,
1567,"Cabra Ds - Espelho com Lua Blanco",89.00,INCLUS,,MÉDIO,"titre normalisé (casse), description nettoyée",947
1568,"CABRA Camiseiro",169.00,INCLUS,,MÉDIO,"description nettoyée",916
1571,"PRIEGO DS cómoda",189.00,EXCLU,"éligible non inclus (au-delà de la cible)",OK,,
1572,"PRIEGO espelho",69.00,EXCLU,"prix < 80 €",OK,,
1573,"PRIEGO Mesa de Cabeceira",79.00,EXCLU,"prix < 80 €",OK,,
1575,"PRIEGO Camiseiro",169.00,INCLUS,,MÉDIO,"description nettoyée",917
1596,"CHELLEN espelho",69.00,EXCLU,"prix < 80 €",OK,,
1604,"CORDOBA espelho",68.00,EXCLU,"prix < 80 €",OK,,
1609,"DONALD armário com 3 portas e 2 gavetas",292.00,EXCLU,"éligible non inclus (au-delà de la cible)",MÉDIO,"description nettoyée",
1630,"LARA espelho",78.00,EXCLU,"prix < 80 € ; hors stock",OK,,
1656,"DONALD arca de arrumação",142.00,INCLUS,,MÉDIO,"description nettoyée",730
1664,"DONALD Sapateira",62.00,EXCLU,"prix < 80 €",OK,,
1784,"CHELLEN 01 Quarto Casal",476.00,INCLUS,,MÉDIO,"description nettoyée",968
1786,"CHELLEN 05 Quarto Juvenil",296.00,EXCLU,"éligible non inclus (au-delà de la cible)",MÉDIO,"description nettoyée",
1788,"CHELLEN 02 Quarto Casal",480.00,INCLUS,,MÉDIO,"description nettoyée",967
1790,"CHELLEN 03 Quarto Casal",476.00,INCLUS,,MÉDIO,"description nettoyée",969
1815,"EUROPA Garrafeira",304.00,INCLUS,,MÉDIO,"description nettoyée",512
1816,"EUROPA Aparador c/ Garrafeira",324.00,INCLUS,,MÉDIO,"description nettoyée",509
1817,"CABRA 01 Quarto Casal",399.00,INCLUS,,MÉDIO,"description nettoyée",974
1820,"EUROPA DT Mesa de Jantar",202.00,INCLUS,,MÉDIO,"description nettoyée",595
1821,"EUROPA Aparador",344.00,INCLUS,,MÉDIO,"description nettoyée",508
1823,"EUROPA Mesa de Centro",198.00,INCLUS,,MÉDIO,"description nettoyée",596
1828,"PRIEGO 01 Quarto Casal",399.00,INCLUS,,MÉDIO,"description nettoyée",975
1829,"PRIEGO 02 Quarto Casal",399.00,INCLUS,,MÉDIO,"description nettoyée",976
1831,"RAMBLA 02 Quarto Casal",399.00,INCLUS,,MÉDIO,"description nettoyée",977
1836,"CALISTA DT Mesa de Jantar",289.00,EXCLU,"éligible non inclus (au-delà de la cible)",MÉDIO,"description nettoyée",
1923,"FLORES & 20 Conjunto de Mesa Extensível e Cadeiras",290.00,EXCLU,"hors stock",OK,,
1924,"JANSEN DT Mesa de Jantar",109.00,INCLUS,,MÉDIO,"description nettoyée",551
1925,"JANSEN Pack 5 Cadeiras",179.00,INCLUS,,MÉDIO,"description nettoyée",597
1926,"KIRBY DT Mesa de Jantar",119.00,INCLUS,,MÉDIO,"description nettoyée",872
1931,"REGATTA DT Mesa de Jantar",259.00,EXCLU,"éligible non inclus (au-delà de la cible)",MÉDIO,"description nettoyée",
1933,"ROYCE Mesa de Jantar",199.00,EXCLU,"éligible non inclus (au-delà de la cible)",MÉDIO,"description nettoyée",
1934,"SANDER DT Mesa de Jantar",169.00,INCLUS,,MÉDIO,"description nettoyée",861
1936,"VIDEL Banco Industrial",69.00,EXCLU,"prix < 80 €",OK,,
1937,"VIDEL DT Mesa de Jantar",119.00,INCLUS,,MÉDIO,"description nettoyée",708
1938,"VIDEL Pack 5 Cadeiras",179.00,INCLUS,,MÉDIO,"description nettoyée",794
1940,"NIRVANA Beliche Funny",199.00,EXCLU,"éligible non inclus (au-delà de la cible)",MÉDIO,"description nettoyée",
1950,"DINAMARCA DS - CONJUNTO DE MESA REDONDA + 4 CADEIRAS PRETO",128.00,EXCLU,"aucune image ; image placeholder",OK,,
1960,"DOCK - PYRAMID SHELF 3 HEIGHTS 151239",99.00,EXCLU,"aucune image ; image placeholder",OK,,
1972,"ZA-98 Cadeira",129.00,EXCLU,"éligible non inclus (au-delà de la cible)",MÉDIO,"description nettoyée",
1973,"ZA-97 Cadeira",99.00,EXCLU,"éligible non inclus (au-delà de la cible)",MÉDIO,"description nettoyée",
1974,"ZA-92 Cadeira",99.00,INCLUS,,MÉDIO,"description nettoyée",731
1990,"DECORATIVA Y0001 Tela",14.50,EXCLU,"prix < 80 €",OK,,
1991,"GIRASSOL Tela",14.50,EXCLU,"prix < 80 €",OK,,
1992,"FASHION 02 Tela",14.50,EXCLU,"prix < 80 €",OK,,
1993,"LEON 12 Tela",14.50,EXCLU,"prix < 80 €",OK,,
1994,"Z0030 Relógio de Parede",9.90,EXCLU,"prix < 80 €",OK,,
1995,"Z0032 Relógio de Parede",9.90,EXCLU,"prix < 80 €",OK,,
1996,"Z0040 Relógio de Parede",4.90,EXCLU,"prix < 80 €",OK,,
1997,"DIY Z0009 Relógio Parede",9.90,EXCLU,"prix < 80 €",OK,,
1998,"DIY Z0011 Relógio Parede",9.90,EXCLU,"prix < 80 €",OK,,
1999,"ECOSLEEP Almofada Ergo Fresh",49.00,EXCLU,"prix < 80 €",OK,,
2000,"ECOSLEEP Almofada Cervical Fresh",49.00,EXCLU,"prix < 80 €",OK,,
2001,"ECOSLEEP Almofada Carbono Adapt",29.00,EXCLU,"prix < 80 €",OK,,
2002,"ECOSLEEP Almofada Soja Adapt",29.00,EXCLU,"prix < 80 €",OK,,
2003,"JD5108 Cadeira",69.00,EXCLU,"prix < 80 €",OK,,
2005,"JD0818 Cadeira",119.00,INCLUS,,MÉDIO,"description nettoyée",428
2007,"EVORA HT - ROUPEIRO 3 PORTAS WHITE+ DAB LEFKAS (BRANCO)",699.00,EXCLU,"aucune image ; hors stock ; image placeholder",OK,,
2011,"SUNSET Cómoda",339.00,INCLUS,,MÉDIO,"description nettoyée",350
2012,"SUNSET OPT LUMINAIRE LIT N A1 (EXCLUSIVO ON-LINE)",39.00,EXCLU,"prix < 80 € ; aucune image ; hors stock ; image placeholder",OK,,
2016,"DNEVNA SOBA ALBA TV KOMODA KANELA/BELO",299.00,EXCLU,"aucune image ; image placeholder",OK,,
2017,"DNEVNA SOBA ALBA TV KOMODA KANELA/MASLINA",299.00,EXCLU,"aucune image ; hors stock ; image placeholder",OK,,
2018,"DNEVNA SOBA ASTANA TV KOMODA 128 KASMIR/ORAH",249.00,EXCLU,"aucune image ; image placeholder",OK,,
2019,"DNEVNA SOBA ASTANA TV KOMODA 165 KASMIR/ORAH",319.00,EXCLU,"aucune image ; hors stock ; image placeholder",OK,,
2020,"TEMPUR Almofada Symphony",121.00,INCLUS,,MÉDIO,"description nettoyée",427
2021,"TEMPUR Almofada Sonata",145.00,EXCLU,"aucune image ; image placeholder",OK,,
2022,"TEMPUR Almofada Comfort",165.00,EXCLU,"aucune image ; image placeholder",OK,,
2031,"MJD22029 Cadeira",69.00,EXCLU,"prix < 80 € ; hors stock",OK,,
2033,"IMPRESSIO JR Mesa de Cabeceira",89.00,INCLUS,,MÉDIO,"description nettoyée",555
2034,"IMPRESSIO JR Cómoda",165.00,INCLUS,,MÉDIO,"description nettoyée",423
2036,"VERTINA JR - MOLDURA PARA ROUPEIRO DE 3 PORTAS",70.00,EXCLU,"prix < 80 € ; aucune image ; image placeholder",OK,,
2037,"VERTINA JR - MOLDURA PARA ROUPEIRO DE 4 PORTAS",70.00,EXCLU,"prix < 80 € ; aucune image ; image placeholder",OK,,
2038,"VERTINA JR Mesa de Cabeceira",105.00,INCLUS,,MÉDIO,"description nettoyée",552
2039,"VERTINA JR Cómoda",175.00,INCLUS,,MÉDIO,"description nettoyée",536
2040,"ROUPEIRO WIKI IX JR COR SONOMA 180CM - FIM DE LINHA",659.00,EXCLU,"aucune image ; hors stock ; image placeholder",OK,,
2043,"SANTI D`ITALIA Almofada Viscoelástica",4.90,EXCLU,"prix < 80 €",OK,,
2044,"KARITZ NEW RR Sofá Chaise Longue",1814.00,INCLUS,,MÉDIO,"description nettoyée",57
2045,"JADE sofá",359.00,INCLUS,,OK,,227
2046,"JAVA Sofá Chaise Longue",1259.00,INCLUS,,OK,,9
2064,"ZEGNA Roupeiro",399.00,INCLUS,,MÉDIO,"description nettoyée",743
2068,"ZEGNA 220 AI - ROUPEIRO C/ 2 PORTAS - WHITE",529.00,EXCLU,"aucune image ; hors stock ; image placeholder",OK,,
2069,"ZEGNA 220 AI - ROUPEIRO C/ 2 PORTAS - OAK",529.00,EXCLU,"aucune image ; hors stock ; image placeholder",OK,,
2070,"ZEGNA 255 AI - ROUPEIRO C/ 2 PORTAS - OAK",609.00,EXCLU,"aucune image ; hors stock ; image placeholder",OK,,
2071,"MAJA 01 Mesa de Cabeceira",89.00,INCLUS,,MÉDIO,"description nettoyée",948
2073,"BOLLO BO19 AI - ESPELHO OAK ARTISAN",59.00,EXCLU,"prix < 80 € ; aucune image ; hors stock ; image placeholder",OK,,
2074,"BOLLO BO20 AI - MESA CABECEIRA OAK ARTISAN",89.00,EXCLU,"aucune image ; hors stock ; image placeholder",OK,,
2076,"ASTI Sapateira",299.00,EXCLU,"éligible non inclus (au-delà de la cible)",MÉDIO,"description nettoyée",
2078,"MZX 2852 Sofá Cama",699.00,INCLUS,,MÉDIO,"description nettoyée",462
2079,"MZX 2972 Sofá Cama",799.00,INCLUS,,MÉDIO,"description nettoyée",884
2080,"MZX 3192 Sofá Cama",990.00,INCLUS,,MÉDIO,"description nettoyée",800
2082,"MC223 Cadeira",89.00,EXCLU,"éligible non inclus (au-delà de la cible)",MÉDIO,"description nettoyée",
2083,"MC239 Cadeira",99.00,EXCLU,"éligible non inclus (au-delà de la cible)",MÉDIO,"description nettoyée",
2084,"MC226 Cadeira",79.00,EXCLU,"prix < 80 €",OK,,
2085,"MC252 Cadeira",94.00,EXCLU,"éligible non inclus (au-delà de la cible)",MÉDIO,"description nettoyée",
2086,"MC261 Cadeira",89.00,EXCLU,"éligible non inclus (au-delà de la cible)",MÉDIO,"description nettoyée",
2087,"MC266 Cadeira",79.00,EXCLU,"prix < 80 €",OK,,
2088,"MC091 Mesa de Jantar",139.00,EXCLU,"éligible non inclus (au-delà de la cible)",MÉDIO,"description nettoyée",
2089,"MC093 Mesa de Jantar",139.00,EXCLU,"éligible non inclus (au-delà de la cible)",MÉDIO,"description nettoyée",
2090,"MC094 Mesa de Jantar",179.00,EXCLU,"éligible non inclus (au-delà de la cible)",MÉDIO,"description nettoyée",
2091,"MC152 Mesa Redonda",179.00,INCLUS,,MÉDIO,"description nettoyée",858
2092,"MC153 Mesa de Jantar",199.00,INCLUS,,MÉDIO,"description nettoyée",852
2094,"COMODA ARNO 4 GAVETAS PRETO (EXC. ONLINE)",559.00,EXCLU,"aucune image ; hors stock ; image placeholder",OK,,
2095,"MESA CABECEIRA ARNO 1 GAVETA PRETO (EXC. ONLINE)",219.00,EXCLU,"aucune image ; hors stock ; image placeholder",OK,,
2096,"CONSOLA DUAS GAVETAS RAIBY 90CM 21530121",139.00,EXCLU,"aucune image ; image placeholder",OK,,
2097,"CONSOLA CINCO GAVETAS RAIBY 108CM 21530119",179.00,EXCLU,"aucune image ; image placeholder",OK,,
2098,"COMODA TRES GAVETAS EROS 21260134",269.00,EXCLU,"aucune image ; image placeholder",OK,,
2099,"COMODA TRES GAVETAS EROS 21260133",169.00,EXCLU,"aucune image ; image placeholder",OK,,
2100,"COMODA DUAS PORTAS EROS 21260132",249.00,EXCLU,"aucune image ; image placeholder",OK,,
2101,"ESPELHO DEC CJ.3 DRD 2793-004-A CX16",8.00,EXCLU,"prix < 80 € ; aucune image ; hors stock ; image placeholder",OK,,
2102,"ESPELHO DEC 25+31+25 DRD 2793-006-A CX16",8.00,EXCLU,"prix < 80 € ; aucune image ; hors stock ; image placeholder",OK,,
2103,"ESPELHO DEC 25+31+25CM PTO 2793-006-C CX16",8.00,EXCLU,"prix < 80 € ; aucune image ; hors stock ; image placeholder",OK,,
2107,"ESPELHO BOLSO 6,7CM 2355-504",0.80,EXCLU,"prix < 80 € ; aucune image ; image placeholder",OK,,
2108,"LCT 310 Mesa de Centro",26.95,EXCLU,"prix < 80 €",OK,,
2109,"LCT 443 Mesa de Centro",59.00,EXCLU,"prix < 80 €",OK,,
2110,"LDT 112 Mesa de Jantar",48.95,EXCLU,"prix < 80 €",OK,,
2111,"GDC029 Cadeira",26.95,EXCLU,"prix < 80 €",OK,,
2112,"GDT 122 Mesa Apoio",26.95,EXCLU,"prix < 80 €",OK,,
2113,"GDC202 Cadeira",29.00,EXCLU,"prix < 80 €",OK,,
2114,"ESPELHO MAO 454-622",0.80,EXCLU,"prix < 80 € ; aucune image ; image placeholder",OK,,
2115,"LANTE LK Roupeiro",1329.00,INCLUS,,MÉDIO,"description nettoyée",588
2116,"LANTE Mesa de Cabeceira",239.00,INCLUS,,MÉDIO,"description nettoyée",662
2117,"LANTE Cómoda",579.00,INCLUS,,MÉDIO,"description nettoyée",811
2118,"JAD 008 - 120X160 03 MULTI",46.00,EXCLU,"prix < 80 € ; aucune image ; image placeholder",OK,,
2119,"JAD 008 - 120X160 04 MULTI",46.00,EXCLU,"prix < 80 € ; aucune image ; image placeholder",OK,,
2120,"JAD 008 - 133X190 03 MULTI",60.00,EXCLU,"prix < 80 € ; aucune image ; hors stock ; image placeholder",OK,,
2121,"JAD 008 - 133X190 04 MULTI",60.00,EXCLU,"prix < 80 € ; aucune image ; image placeholder",OK,,
2122,"JAD 008 - 160X235 03 MULTI",90.00,EXCLU,"aucune image ; image placeholder",OK,,
2123,"JAD 008 - 160X235  04 MULTI",90.00,EXCLU,"aucune image ; image placeholder",OK,,
2124,"JAD 008 - 200X285 03 MULTI",136.00,EXCLU,"aucune image ; image placeholder",OK,,
2125,"JAD 008 - 200X285  04 MULTI",136.00,EXCLU,"aucune image ; image placeholder",OK,,
2126,"JAD 008 - 80X150 03 MULTI",29.00,EXCLU,"prix < 80 € ; aucune image ; hors stock ; image placeholder",OK,,
2127,"JAD 008 - 80X150  04 MULTI",29.00,EXCLU,"prix < 80 € ; aucune image ; hors stock ; image placeholder",OK,,
2129,"LUA Sofá Chaise Longue",1049.00,INCLUS,,MÉDIO,"description nettoyée",10
2131,"ITÁLIA Sofá Chaise Longue",990.00,INCLUS,,MÉDIO,"description nettoyée",8
2136,"AURORA Base TV",199.00,INCLUS,,MÉDIO,"description nettoyée",527
2137,"AURORA Aparador",309.00,INCLUS,,MÉDIO,"description nettoyée",655
2138,"AURORA Mesa de Centro",189.00,INCLUS,,MÉDIO,"description nettoyée",532
2139,"AURORA Mesa de Cabeceira",59.00,EXCLU,"prix < 80 € ; hors stock",OK,,
2140,"SENTO Mesa de Cabeceira",159.00,EXCLU,"hors stock",OK,,
2141,"SENTO Base TV",335.00,EXCLU,"hors stock",OK,,
2142,"LANG Mesa de Centro",189.00,EXCLU,"hors stock",OK,,
2144,"Kmax P0001",549.00,INCLUS,,MÉDIO,"titre normalisé (casse), description nettoyée",813
2167,"DESCASCADOR VERTICAL 2971-000 CX144 (Q12)",0.80,EXCLU,"prix < 80 € ; aucune image ; image placeholder",OK,,
2168,"PINCEL SILICONE 22X3,5 2998-100 CX144 (Q12)",0.80,EXCLU,"prix < 80 € ; aucune image ; image placeholder",OK,,
2169,"AMBIENT WC LIMAO 4X15 2963-000B-A",0.80,EXCLU,"prix < 80 € ; aucune image ; image placeholder",OK,,
2170,"AMBIENT WC OCEANO 4UN 2963-000B-B CX144",0.80,EXCLU,"prix < 80 € ; aucune image ; image placeholder",OK,,
2171,"AMBIENT WC ROSAS 4UN 2963-000B-C CX144",0.80,EXCLU,"prix < 80 € ; aucune image ; image placeholder",OK,,
2172,"SACO AMB JASMIN 0032-035 CX144",0.80,EXCLU,"prix < 80 € ; aucune image ; image placeholder",OK,,
2173,"SACO AMB BAUNILHA 0032-038 CX144",0.80,EXCLU,"prix < 80 € ; aucune image ; image placeholder",OK,,
2174,"SACO AMB LAVANDA 0032-039 CX144",0.80,EXCLU,"prix < 80 € ; aucune image ; image placeholder",OK,,
2175,"SACO AMB LARANJA/CANELA 0032-040 CX144",0.80,EXCLU,"prix < 80 € ; aucune image ; image placeholder",OK,,
2176,"PULVERIZADOR 350ML SKPA-837-384",0.80,EXCLU,"prix < 80 € ; aucune image ; image placeholder",OK,,
2177,"GARRAFA VIDRO SKPA-837-533",0.80,EXCLU,"prix < 80 € ; aucune image ; image placeholder",OK,,
2178,"PANO MICROF 40X60CM 0565-02 CX72",0.80,EXCLU,"prix < 80 € ; aucune image ; image placeholder",OK,,
2179,"PANO MICROF 32X32CM SET3 0565-004",0.80,EXCLU,"prix < 80 € ; aucune image ; image placeholder",OK,,
2180,"PALITEIRO + CX 1000UN 638-025 CX144",0.80,EXCLU,"prix < 80 € ; aucune image ; image placeholder",OK,,
2181,"CORTADOR AÇO 2629-006 CX240 (Q12)",0.80,EXCLU,"prix < 80 € ; aucune image ; image placeholder",OK,,
2182,"COLHER SANGRIA BRANCA 2971-101 CX288 (Q12)",0.80,EXCLU,"prix < 80 € ; aucune image ; image placeholder",OK,,
2183,"PINCEL COZINHA 2 PCS 2971-151 CX144 (Q12)",0.80,EXCLU,"prix < 80 € ; aucune image ; image placeholder",OK,,
2184,"AMB. MIKADO DOY PACK F.V 30ML",1.60,EXCLU,"prix < 80 € ; aucune image ; image placeholder",OK,,
2185,"AMB. MIKADO DOY PACK ROSA 30ML",1.60,EXCLU,"prix < 80 € ; aucune image ; image placeholder",OK,,
2186,"AMB. MIKADO DOY PACK LAR. 30ML",1.60,EXCLU,"prix < 80 € ; aucune image ; image placeholder",OK,,
2187,"VELA COPO COCO REF. 1031",0.80,EXCLU,"prix < 80 € ; aucune image ; image placeholder",OK,,
2188,"VELA COPO CONICO LAVANDA-BAUNILHA",0.80,EXCLU,"prix < 80 € ; aucune image ; image placeholder",OK,,
2189,"FRASCO 660ML C-00115",0.80,EXCLU,"prix < 80 € ; aucune image ; image placeholder",OK,,
2190,"MOLAS 4UN SKPA-837-394",1.60,EXCLU,"prix < 80 € ; aucune image ; image placeholder",OK,,
2191,"ESMAGA ALHO 3072-4327 CX48 (Q12)",1.60,EXCLU,"prix < 80 € ; aucune image ; image placeholder",OK,,
2192,"GARFO + FACA SERRILHA 1133-010 CX144(Q12)",1.60,EXCLU,"prix < 80 € ; aucune image ; image placeholder",OK,,
2193,"MARTELO MADEIRA 1133-607 CX144",1.60,EXCLU,"prix < 80 € ; aucune image ; image placeholder",OK,,
2194,"SACA ROLHAS METAL 2971-301 CX144 (Q12)",1.60,EXCLU,"prix < 80 € ; aucune image ; image placeholder",OK,,
2195,"PRATO PIZZA DEC. 30CM  2955-201-A CX24",1.60,EXCLU,"prix < 80 € ; aucune image ; image placeholder",OK,,
2196,"ESPATULA BOLOS 2497-524-01 CX144",1.60,EXCLU,"prix < 80 € ; aucune image ; image placeholder",OK,,
2197,"ESPATULA SILICONE 2998-100-02 CX144 (Q12)",1.60,EXCLU,"prix < 80 € ; aucune image ; image placeholder",OK,,
2198,"CESTO FORRADO BAMBU BRANCO 0180-07 (26X16X10CM)",1.60,EXCLU,"prix < 80 € ; aucune image ; image placeholder",OK,,
2199,"CESTO FORRADO BAMBU PRETO 0180-08 (26X16X10CM)",1.60,EXCLU,"prix < 80 € ; aucune image ; image placeholder",OK,,
2200,"COLHER GELADO 50MM 1156-400-01",1.60,EXCLU,"prix < 80 € ; aucune image ; image placeholder",OK,,
2201,"DISPENSADOR DET+ESPONJA 203-165 CX100",2.00,EXCLU,"prix < 80 € ; aucune image ; image placeholder",OK,,
2202,"TESOURA COZINHA MULT 1133-609 CX144",1.60,EXCLU,"prix < 80 € ; aucune image ; image placeholder",OK,,
2203,"DOSEADOR DETERG.18X6X16 1690-310",1.60,EXCLU,"prix < 80 € ; aucune image ; image placeholder",OK,,
2204,"CANECA MUG 6,7X6,2CM 2997-002 CX160",1.60,EXCLU,"prix < 80 € ; aucune image ; image placeholder",OK,,
2205,"FACA 33CM 1830-007-04",1.60,EXCLU,"prix < 80 € ; aucune image ; image placeholder",OK,,
2206,"TAPETE CORDA 40X60CM 321-28 CX10",1.60,EXCLU,"prix < 80 € ; aucune image ; image placeholder",OK,,
2207,"SET 16 TALHERES C/SUPORTE 420-01 CX12",4.00,EXCLU,"prix < 80 € ; aucune image ; image placeholder",OK,,
2208,"TAPETE COCO 40X60CM 321-09 CX10",4.00,EXCLU,"prix < 80 € ; aucune image ; image placeholder",OK,,
2209,"BULE 1000ML  2949-700 CX20",8.00,EXCLU,"prix < 80 € ; aucune image ; image placeholder",OK,,
2210,"SET 5PCS WC 0302-150 CX8",8.00,EXCLU,"prix < 80 € ; aucune image ; image placeholder",OK,,
2211,"CESTO ROUPA RED C/TP BAMBU 0180-01 CX6",8.00,EXCLU,"prix < 80 € ; aucune image ; image placeholder",OK,,
2212,"CESTO ROUPA RED C/TP BAMBU 0180-02 CX6",8.00,EXCLU,"prix < 80 € ; aucune image ; image placeholder",OK,,
2213,"CANECA MUG 9,5X8 207-125",0.80,EXCLU,"prix < 80 € ; aucune image ; image placeholder",OK,,
2214,"MOLAS FECHA FACIL 4 PCS 2972-700",0.80,EXCLU,"prix < 80 € ; aucune image ; image placeholder",OK,,
2215,"MOLAS FECHA FACIL 3 PCS  2972-701",0.80,EXCLU,"prix < 80 € ; aucune image ; image placeholder",OK,,
2216,"MOLAS FECHA FACIL 3 PCS 2972-702",0.80,EXCLU,"prix < 80 € ; aucune image ; image placeholder",OK,,
2217,"CALICE MONASTIC 44,5CL",0.80,EXCLU,"prix < 80 € ; aucune image ; image placeholder",OK,,
2218,"FACA COZ. C. MAD.20,5 2497-131-01",0.80,EXCLU,"prix < 80 € ; aucune image ; image placeholder",OK,,
2219,"GARFO COZ.C.MAD.20,5 2497-131-02",0.80,EXCLU,"prix < 80 € ; aucune image ; image placeholder",OK,,
2220,"COLHER COZ.C.MAD.20,5 32497-131-03",0.80,EXCLU,"prix < 80 € ; aucune image ; image placeholder",OK,,
2221,"KIT HIGIENE DENTARIO 837-332",0.80,EXCLU,"prix < 80 € ; aucune image ; image placeholder",OK,,
2222,"TIRA PELOS SKPA-837-375",0.80,EXCLU,"prix < 80 € ; aucune image ; image placeholder",OK,,
2223,"SET ESCOVA DENTES 3UN 837-382",0.80,EXCLU,"prix < 80 € ; aucune image ; image placeholder",OK,,
2224,"FRASCO VIDRO 180ML 837-520",0.80,EXCLU,"prix < 80 € ; aucune image ; image placeholder",OK,,
2225,"PULVERIZADOR 530ML 2630-771-530",0.80,EXCLU,"prix < 80 € ; aucune image ; image placeholder",OK,,
2226,"COPO VINHO DIAMOND 37CL",1.00,EXCLU,"prix < 80 € ; aucune image ; hors stock ; image placeholder",OK,,
2227,"TALHERES BAMBU CJ.3UN 2375-100-03",0.80,EXCLU,"prix < 80 € ; aucune image ; image placeholder",OK,,
2228,"CORTA OVOS 837-304",0.80,EXCLU,"prix < 80 € ; aucune image ; image placeholder",OK,,
2229,"ESPATULA 25CM 837-306",0.80,EXCLU,"prix < 80 € ; aucune image ; image placeholder",OK,,
2230,"GARRAFA SPRAY 837-610",0.80,EXCLU,"prix < 80 € ; aucune image ; image placeholder",OK,,
2231,"ESCORREDOR LOUÇA 645-23",0.80,EXCLU,"prix < 80 € ; aucune image ; image placeholder",OK,,
2232,"VASO MADEIRA 12,5X12,5X11 164-04A",0.80,EXCLU,"prix < 80 € ; aucune image ; image placeholder",OK,,
2233,"VASO MADEIRA 12,5X12,5X11 164-04B",0.80,EXCLU,"prix < 80 € ; aucune image ; image placeholder",OK,,
2234,"PINCEL 25CM 837-307",1.60,EXCLU,"prix < 80 € ; aucune image ; image placeholder",OK,,
2235,"CONJ. 2 SACO HERMETICO SKPA-837-308",1.60,EXCLU,"prix < 80 € ; aucune image ; image placeholder",OK,,
2236,"SACO HERMETICO SKPA-837-309",1.60,EXCLU,"prix < 80 € ; aucune image ; image placeholder",OK,,
2237,"FRASCO VIDRO 250ML C/TP HERM 837-521",1.60,EXCLU,"prix < 80 € ; aucune image ; image placeholder",OK,,
2238,"FRASCO VIDRO ESP 250ML 837-522",1.60,EXCLU,"prix < 80 € ; aucune image ; image placeholder",OK,,
2239,"COPO GIN 730CC PE AZUL",1.60,EXCLU,"prix < 80 € ; aucune image ; image placeholder ; catégorie restreinte Google","RISCO ELEVADO",,
2240,"TABULEIRO 30X19X4 CX12 837-316",1.60,EXCLU,"prix < 80 € ; aucune image ; image placeholder",OK,,
2241,"FRASCO P/ESPECIARIAS 230ML 837-523",1.60,EXCLU,"prix < 80 € ; aucune image ; image placeholder",OK,,
2242,"MANGUEIRA DUCHE 1,5M 2996000-1,5",1.60,EXCLU,"prix < 80 € ; aucune image ; image placeholder",OK,,
2243,"BOLEIRA 30X30X10 837-318",1.60,EXCLU,"prix < 80 € ; aucune image ; image placeholder",OK,,
2244,"CESTO OVAL C/ASAS 645-21",1.60,EXCLU,"prix < 80 € ; aucune image ; image placeholder",OK,,
2245,"VASO CIMENTO C/PLANTA ART 2437-010",1.60,EXCLU,"prix < 80 € ; aucune image ; image placeholder",OK,,
2246,"SET 4 CAIXAS QUAD C/TAMPA 645-03",1.60,EXCLU,"prix < 80 € ; aucune image ; image placeholder",OK,,
2247,"SET 3 CAIXAS QUAD C/TAMPA 645-05",2.00,EXCLU,"prix < 80 € ; aucune image ; image placeholder",OK,,
2248,"SET 4 CAIXAS RED C/TAMPA 645-08",1.60,EXCLU,"prix < 80 € ; aucune image ; image placeholder",OK,,
2249,"SET 2 FRASCOS C/TAMPA 645-090",2.00,EXCLU,"prix < 80 € ; aucune image ; hors stock ; image placeholder",OK,,
2250,"DEGRAU PLASTICO 645-10 SK",1.60,EXCLU,"prix < 80 € ; aucune image ; image placeholder",OK,,
2251,"CAIXA MULTIFUNÇOES 5L 645-17 SK",1.60,EXCLU,"prix < 80 € ; aucune image ; image placeholder",OK,,
2252,"VASO MADEIRA 19X19X12 164-01A",1.60,EXCLU,"prix < 80 € ; aucune image ; image placeholder",OK,,
2253,"VASO MAD PASC 25X15X13 164-03A",1.60,EXCLU,"prix < 80 € ; aucune image ; image placeholder",OK,,
2254,"VASO MADEIRA 29,5X15,5X14 164-05",1.60,EXCLU,"prix < 80 € ; aucune image ; image placeholder",OK,,
2255,"VASO MADEIRA 20X20X10,5 164-06A",1.60,EXCLU,"prix < 80 € ; aucune image ; image placeholder",OK,,
2256,"CESTO MADEIRA 25X24X40 164-08A",1.60,EXCLU,"prix < 80 € ; aucune image ; image placeholder",OK,,
2257,"VASO MADEIRA 23X23X12 164-09A",1.60,EXCLU,"prix < 80 € ; aucune image ; image placeholder",OK,,
2258,"VASO MADEIRA 26X20X12 164-10A",1.60,EXCLU,"prix < 80 € ; aucune image ; image placeholder",OK,,
2259,"CESTO MADEIRA 22X18X11 164-11A",1.60,EXCLU,"prix < 80 € ; aucune image ; image placeholder",OK,,
2260,"VASO MADEIRA 22X18X11 164-12A",1.60,EXCLU,"prix < 80 € ; aucune image ; image placeholder",OK,,
2261,"VASO MADEIRA 19X19X12 164-01B",1.60,EXCLU,"prix < 80 € ; aucune image ; image placeholder",OK,,
2262,"VASO MADEIRA 29,5X15,5X14 164-05B",1.60,EXCLU,"prix < 80 € ; aucune image ; image placeholder",OK,,
2263,"VASO MADEIRA 20X20X10,5 164-06B",1.60,EXCLU,"prix < 80 € ; aucune image ; image placeholder",OK,,
2264,"VASO MADEIRA 18,5X18,5X17 164-07B",1.60,EXCLU,"prix < 80 € ; aucune image ; image placeholder",OK,,
2265,"CESTO MADEIRA 23X23X12 164-08B",1.60,EXCLU,"prix < 80 € ; aucune image ; image placeholder",OK,,
2266,"VASO MADEIRA 23X23X12 164-09B",1.60,EXCLU,"prix < 80 € ; aucune image ; image placeholder",OK,,
2267,"VASO MADEIRA 26X20X12 164-10B",1.60,EXCLU,"prix < 80 € ; aucune image ; image placeholder",OK,,
2268,"CESTO MADEIRA 22X18X11 164-11B",1.60,EXCLU,"prix < 80 € ; aucune image ; image placeholder",OK,,
2269,"VASO MADEIRA 22X18X11 164-12B",1.60,EXCLU,"prix < 80 € ; aucune image ; image placeholder",OK,,
2270,"VASO MADEIRA 25X15X13 164-03B",1.60,EXCLU,"prix < 80 € ; aucune image ; image placeholder",OK,,
2271,"VASO MADEIRA 18,5X18,5X17 164-07C",1.60,EXCLU,"prix < 80 € ; aucune image ; image placeholder",OK,,
2272,"VASO METAL ASAS 3073-200-45",1.60,EXCLU,"prix < 80 € ; aucune image ; image placeholder",OK,,
2273,"CAIXA SAPATO HOMEM 0105-54",2.00,EXCLU,"prix < 80 € ; aucune image ; hors stock ; image placeholder",OK,,
2274,"TAPETE CORDA 40X60CM 321-25",1.60,EXCLU,"prix < 80 € ; aucune image ; image placeholder",OK,,
2275,"CHAVENA CAFE 80ML 3072-4600",1.60,EXCLU,"prix < 80 € ; aucune image ; image placeholder",OK,,
2276,"SET FERRAM P/JARDIM 3072-5959",1.60,EXCLU,"prix < 80 € ; aucune image ; image placeholder",OK,,
2277,"MANGUEIRA DUCHE 1,75M 2996001-1,75",1.60,EXCLU,"prix < 80 € ; aucune image ; image placeholder",OK,,
2278,"PANO MICROFIBRA 40X50CM",2.40,EXCLU,"prix < 80 € ; aucune image ; image placeholder",OK,,
2279,"PULVERIZADOR 1.8L 2630-775-1.8 CX30",2.40,EXCLU,"prix < 80 € ; aucune image ; image placeholder",OK,,
2280,"SET 5 CAIXAS QUAD C/TAMPA 645-06 SK",3.20,EXCLU,"prix < 80 € ; aucune image ; image placeholder",OK,,
2281,"CAÇAROLA 1800ML SUPER 645-28 SK",3.20,EXCLU,"prix < 80 € ; aucune image ; image placeholder",OK,,
2282,"SET CHUVEIRO SKPA-837-300",4.00,EXCLU,"prix < 80 € ; aucune image ; image placeholder",OK,,
2283,"TERMO P/LIQUIDOS 0,5L 645-33 SK",4.00,EXCLU,"prix < 80 € ; aucune image ; image placeholder",OK,,
2284,"TELEF DUCHE3F+MANG+SUP 2996102-1,5",4.80,EXCLU,"prix < 80 € ; aucune image ; image placeholder",OK,,
2285,"TELEF DUCHE 1FUNCAO+MANG+SUP",4.80,EXCLU,"prix < 80 € ; aucune image ; image placeholder",OK,,
2286,"TELEF DUCHE 3FUNÇOES+MANG+SUP",4.80,EXCLU,"prix < 80 € ; aucune image ; image placeholder",OK,,
2287,"CAÇAROLA 3100ML SUPER 645-29 SK",8.00,EXCLU,"prix < 80 € ; aucune image ; image placeholder",OK,,
2288,"TERMO P/SOLIDOS 2500ML 645-30 SK",8.00,EXCLU,"prix < 80 € ; aucune image ; image placeholder",OK,,
2289,"VASO C/PLANTA ARTIFICIAL 2441-100-01",8.00,EXCLU,"prix < 80 € ; aucune image ; image placeholder",OK,,
2290,"RALADOR C/RECIPIENTE 2843-002",10.00,EXCLU,"prix < 80 € ; aucune image ; image placeholder",OK,,
2291,"GARRAFA 800ML 3017-100",10.00,EXCLU,"prix < 80 € ; aucune image ; image placeholder",OK,,
2292,"ESTENDAL VARANDA FERRO 0200-3",8.00,EXCLU,"prix < 80 € ; aucune image ; image placeholder",OK,,
2293,"CONJUNTO PIQUENIQUE 22 PÇS 0105-22",8.00,EXCLU,"prix < 80 € ; aucune image ; image placeholder",OK,,
2294,"BALDE LIXO C/PEDAL 12L CINZA 0105-39",8.00,EXCLU,"prix < 80 € ; aucune image ; image placeholder",OK,,
2295,"SET TALHERES 837-563",8.00,EXCLU,"prix < 80 € ; aucune image ; image placeholder",OK,,
2296,"ESPELHO DEC CJ.3 24CM PTO 2793-004C",8.00,EXCLU,"prix < 80 € ; aucune image ; image placeholder",OK,,
2297,"ESPELHO DEC CJ.3 22X20 PTO 2793-103C",8.00,EXCLU,"prix < 80 € ; aucune image ; image placeholder",OK,,
2298,"ESPELHO DEC CJ.3 22X20 BRC 2793-103D",8.00,EXCLU,"prix < 80 € ; aucune image ; image placeholder",OK,,
2299,"ESPELHO DEC CJ.4 22X20 PTO 2793-104C",8.00,EXCLU,"prix < 80 € ; aucune image ; image placeholder",OK,,
2300,"ESPELHO DEC CJ4 22X20 BRC 2793-104D",8.00,EXCLU,"prix < 80 € ; aucune image ; image placeholder",OK,,
2301,"BALDE LIXO C/PEDAL 20L CINZA 0105-41",10.00,EXCLU,"prix < 80 € ; aucune image ; hors stock ; image placeholder",OK,,
2302,"COPO TERMICO C/PALHA 500 3027-003-500",8.00,EXCLU,"prix < 80 € ; aucune image ; image placeholder",OK,,
2303,"GARRAFA TERMICA C/ TP  3027-005-400",8.00,EXCLU,"prix < 80 € ; aucune image ; image placeholder",OK,,
2304,"GARRAFA TERMICA C/ TP  3027-100-600",8.00,EXCLU,"prix < 80 € ; aucune image ; image placeholder",OK,,
2305,"GARRAFA TERMICA 500ML 3017-202",10.00,EXCLU,"prix < 80 € ; aucune image ; image placeholder",OK,,
2306,"ESTENDAL FERRO 0200-1",10.00,EXCLU,"prix < 80 € ; aucune image ; image placeholder",OK,,
2307,"CESTO TALHERES INOX 837-564",8.00,EXCLU,"prix < 80 € ; aucune image ; image placeholder",OK,,
2308,"CAÇAROLA 1200ML JUPITER 645-26 SK",8.00,EXCLU,"prix < 80 € ; aucune image ; image placeholder",OK,,
2309,"TERMO P/SOLIDOS 3600ML 645-31 SK",8.00,EXCLU,"prix < 80 € ; aucune image ; image placeholder",OK,,
2310,"TERMO P/LIQUIDOS 1,8L 645-34 SK",8.00,EXCLU,"prix < 80 € ; aucune image ; image placeholder",OK,,
2311,"JARRO TERMICO 900  3027-101-900",8.00,EXCLU,"prix < 80 € ; aucune image ; image placeholder",OK,,
2312,"GARRAFA TERMICA 900 ML 3027-102-900",8.00,EXCLU,"prix < 80 € ; aucune image ; image placeholder",OK,,
2313,"VASO PLASTICO C/ PLANTA 1990-300",8.00,EXCLU,"prix < 80 € ; aucune image ; image placeholder",OK,,
2314,"VASO PLASTICO C/ PLANTA 1990-301",8.00,EXCLU,"prix < 80 € ; aucune image ; image placeholder",OK,,
2315,"VASO C/ FLOR 2439-050",10.00,EXCLU,"prix < 80 € ; aucune image ; hors stock ; image placeholder",OK,,
2316,"ESPELHO 30X30X15X+16.3 2575-703-B",8.00,EXCLU,"prix < 80 € ; aucune image ; image placeholder",OK,,
2317,"GUARDA- JOIAS 2575-704-A",8.00,EXCLU,"prix < 80 € ; aucune image ; image placeholder",OK,,
2318,"GUARDA- JOIAS 2575-704-B",8.00,EXCLU,"prix < 80 € ; aucune image ; image placeholder",OK,,
2319,"BALDE LIXO C/PEDAL 12L BEGE 0105-08",8.00,EXCLU,"prix < 80 € ; aucune image ; image placeholder",OK,,
2320,"BALDE LIXO C/PEDAL 12L CINZA 0105-09",10.00,EXCLU,"prix < 80 € ; aucune image ; hors stock ; image placeholder",OK,,
2321,"TERMO P/LIQUIDOS 2497-620",8.00,EXCLU,"prix < 80 € ; aucune image ; image placeholder",OK,,
2322,"ESTANTE ORG 4P PRT117-240/SP335 33X38X98CM",8.00,EXCLU,"prix < 80 € ; aucune image ; image placeholder",OK,,
2323,"TERMO 800ML 2950-650-01",8.00,EXCLU,"prix < 80 € ; aucune image ; image placeholder",OK,,
2324,"CAPA ARQUIVO 2 ARG 1967-534-D",1.60,EXCLU,"prix < 80 € ; aucune image ; image placeholder",OK,,
2325,"PORTA CANETAS C/12UN 205-979",0.80,EXCLU,"prix < 80 € ; aucune image ; image placeholder",OK,,
2326,"PORTA LAPIS 10.5X7.5CM",0.80,EXCLU,"prix < 80 € ; aucune image ; image placeholder",OK,,
2327,"TESOURA MULTI 17,3CM 1565--116",0.80,EXCLU,"prix < 80 € ; aucune image ; image placeholder",OK,,
2328,"AGRAFADOR+AGRAFOS 26/6 2498-102",0.80,EXCLU,"prix < 80 € ; aucune image ; image placeholder",OK,,
2329,"TESOURA MULTIUSOS 2498-703",0.80,EXCLU,"prix < 80 € ; aucune image ; image placeholder",OK,,
2330,"REC LAPISEIRA 2X20 MINAS 0.5",0.80,EXCLU,"prix < 80 € ; aucune image ; image placeholder",OK,,
2331,"POTE PLASTIC. 14COR MOLDE 2724-003",0.80,EXCLU,"prix < 80 € ; aucune image ; image placeholder",OK,,
2332,"MARCADOR PERM. SORT 4UN 1465-001-04",0.80,EXCLU,"prix < 80 € ; aucune image ; image placeholder",OK,,
2333,"MARCADOR 2 PONTAS 3UN1465-05-03",0.80,EXCLU,"prix < 80 € ; aucune image ; image placeholder",OK,,
2334,"CONJ. 6 GRD MARCADORES 1807-001-06",0.80,EXCLU,"prix < 80 € ; aucune image ; image placeholder",OK,,
2335,"COLA LIQUIDA 60ML 2462-000-01",0.80,EXCLU,"prix < 80 € ; aucune image ; image placeholder",OK,,
2336,"CANETA GEL 3UN 14CM 2556-012-03",0.80,EXCLU,"prix < 80 € ; aucune image ; image placeholder",OK,,
2337,"PIONES CORES 100UN 2681-705-02",0.80,EXCLU,"prix < 80 € ; aucune image ; image placeholder",OK,,
2338,"FITA COLA 3UN DISPENS 2796960-03",0.80,EXCLU,"prix < 80 € ; aucune image ; image placeholder",OK,,
2339,"CAD CAPA PRETA 01",0.80,EXCLU,"prix < 80 € ; aucune image ; image placeholder",OK,,
2340,"ABRAÇ BRC REUTILIZ 2796820",0.80,EXCLU,"prix < 80 € ; aucune image ; image placeholder",OK,,
2341,"CABIDE ADESIVO 3 UDS 2972-000",0.80,EXCLU,"prix < 80 € ; aucune image ; image placeholder",OK,,
2342,"CABIDE ADESIVO 1 PC 2972-104",0.80,EXCLU,"prix < 80 € ; aucune image ; image placeholder",OK,,
2343,"PINCEL 1,5 2796751-1,5",0.80,EXCLU,"prix < 80 € ; aucune image ; image placeholder",OK,,
2344,"CABIDE ADESIVO 6 UDS 2972-000-01",0.80,EXCLU,"prix < 80 € ; aucune image ; image placeholder",OK,,
2345,"LUVA NYLON PRT TAM 9 0303-09",0.80,EXCLU,"prix < 80 € ; aucune image ; image placeholder",OK,,
2346,"COLA CONTACTO 40ML 202-774",0.80,EXCLU,"prix < 80 € ; aucune image ; image placeholder",OK,,
2347,"CABIDE ADESIVO 2UN 2972-191",0.80,EXCLU,"prix < 80 € ; aucune image ; image placeholder",OK,,
2348,"NIVEL 3,8X22,5CM 3030-200",0.80,EXCLU,"prix < 80 € ; aucune image ; image placeholder",OK,,
2349,"CABIDE ADESIVO 4UN 2972-103-01",0.80,EXCLU,"prix < 80 € ; aucune image ; image placeholder",OK,,
2350,"CABIDE ADESIVO 2UN 2972-105",0.80,EXCLU,"prix < 80 € ; aucune image ; image placeholder",OK,,
2351,"CABIDE ADESIVO 2UN 2972-106",0.80,EXCLU,"prix < 80 € ; aucune image ; image placeholder",OK,,
2352,"CONJ. CHAVES SEXTAVADA 9UU 3030-000",0.80,EXCLU,"prix < 80 € ; aucune image ; image placeholder",OK,,
2353,"FITA METRICA 3M 3072-5935",0.80,EXCLU,"prix < 80 € ; aucune image ; image placeholder",OK,,
2354,"X-ACTO SX816",0.80,EXCLU,"prix < 80 € ; aucune image ; image placeholder",OK,,
2355,"X-ACTO SX37N",0.80,EXCLU,"prix < 80 € ; aucune image ; image placeholder",OK,,
2356,"SET PINCEIS 4 UN 3072-5942",1.60,EXCLU,"prix < 80 € ; aucune image ; image placeholder",OK,,
2357,"CONJ. CHAVES FENDAS  6UN 3030-001",1.60,EXCLU,"prix < 80 € ; aucune image ; image placeholder",OK,,
2358,"FITA COLA TRANSP 4,8CMX125M 2796000-125",1.60,EXCLU,"prix < 80 € ; aucune image ; image placeholder",OK,,
2359,"FICHA DUPLA 2TOMAD C/INTERR HY-6112B",1.60,EXCLU,"prix < 80 € ; aucune image ; hors stock ; image placeholder",OK,,
2360,"PISTOLA SUP.SILICONE MANUAL 3030-201",1.60,EXCLU,"prix < 80 € ; aucune image ; image placeholder",OK,,
2361,"CABIDE ADESIVO 5 GANCH 2972-003-01",1.60,EXCLU,"prix < 80 € ; aucune image ; image placeholder",OK,,
2362,"GANCHO METAL 2972-190-02",1.60,EXCLU,"prix < 80 € ; aucune image ; image placeholder",OK,,
2363,"SERRA MANUAL 3072-5904",1.60,EXCLU,"prix < 80 € ; aucune image ; image placeholder",OK,,
2364,"MARTELO 29X8,5X5,5CM 2637-250",1.60,EXCLU,"prix < 80 € ; aucune image ; image placeholder",OK,,
2365,"CONJ CHAVE FENDA  10P 3030-002",1.60,EXCLU,"prix < 80 € ; aucune image ; image placeholder",OK,,
2366,"ALICATE 4,5 3030-100",1.60,EXCLU,"prix < 80 € ; aucune image ; image placeholder",OK,,
2367,"ALICATE 4,5 3030-100-01",1.60,EXCLU,"prix < 80 € ; aucune image ; image placeholder",OK,,
2368,"PINCEL ROLO 7+BANDEJA PINT",1.60,EXCLU,"prix < 80 € ; aucune image ; image placeholder",OK,,
2369,"MARTELO 30X12,5X2,7CM 3030-110",1.60,EXCLU,"prix < 80 € ; aucune image ; image placeholder",OK,,
2370,"EXTENSAO 1.5M C/3TOMADAS+ INT HY-1113P",4.00,EXCLU,"prix < 80 € ; aucune image ; image placeholder",OK,,
2371,"BRAM Sofá Cama",779.00,INCLUS,,MÉDIO,"description nettoyée",483
2372,"CILLIAN Sofá Chaise Longue",1349.00,INCLUS,,MÉDIO,"description nettoyée",63
2373,"LANCHEIRA C/ GARFO/COLHER 2630-067 CX72",1.60,EXCLU,"prix < 80 € ; aucune image ; image placeholder",OK,,
2374,"GARRAFA PLST. SET 3 TAM 203-183-A CX48",6.40,EXCLU,"prix < 80 € ; aucune image ; image placeholder",OK,,
2375,"GARRAFA PLST. SET 3 TAM 203-183-B CX48",6.40,EXCLU,"prix < 80 € ; aucune image ; image placeholder",OK,,
2376,"COPO C/PALHA 450ML L-00850 CX24",0.80,EXCLU,"prix < 80 € ; aucune image ; image placeholder",OK,,
2377,"CAIXA PLT C/TP RECT 500ML ASD033 CX60",0.80,EXCLU,"prix < 80 € ; aucune image ; image placeholder",OK,,
2378,"CAIXA PLT C/TP RECT 900ML ASD034 CX60",0.80,EXCLU,"prix < 80 € ; aucune image ; image placeholder",OK,,
2379,"CAIXA PLT C/TP RECT 1,5L ASD035 CX60",0.80,EXCLU,"prix < 80 € ; aucune image ; image placeholder",OK,,
2380,"CAIXA PLT C/TP RECT 2,4L ASD036 CX60",1.60,EXCLU,"prix < 80 € ; aucune image ; image placeholder",OK,,
2381,"CAIXA PLT C/TP QUAD 900ML ASD111 CX60",0.80,EXCLU,"prix < 80 € ; aucune image ; image placeholder",OK,,
2382,"CAIXA PLT C/TP QUAD 1,5L ASD112 CX60",0.80,EXCLU,"prix < 80 € ; aucune image ; image placeholder",OK,,
2383,"CAIXA PLT C/TP QUAD 2,4L ASD113 CX60",1.60,EXCLU,"prix < 80 € ; aucune image ; image placeholder",OK,,
2384,"SAORI JR MESA CABECEIRA 1 PORTA SN COR CREMONA",149.00,EXCLU,"aucune image ; hors stock ; image placeholder",OK,,
2385,"SAORI JR MOVEL ALTO K3D  COR CREMONA",369.00,EXCLU,"aucune image ; hors stock ; image placeholder",OK,,
2386,"CLEMENT Sofá Chaise Longue",1129.00,INCLUS,,MÉDIO,"description nettoyée",79
2387,"SACO 41X40CM 207-133 CX36",1.60,EXCLU,"prix < 80 € ; aucune image ; image placeholder",OK,,
2388,"SACO NONWOVEN 36X10X47 1436-005-02 CX240",0.80,EXCLU,"prix < 80 € ; aucune image ; image placeholder",OK,,
2389,"PULVERIZADOR PLASTICO 1000ML",1.60,EXCLU,"prix < 80 € ; aucune image ; image placeholder",OK,,
2390,"GARFO JARDIM 2672-010 CX60",1.60,EXCLU,"prix < 80 € ; aucune image ; image placeholder",OK,,
2391,"KIT ACESSORIOS MANGUEIRA 3031-200 CX48",1.60,EXCLU,"prix < 80 € ; aucune image ; image placeholder",OK,,
2392,"MANGUEIRA C/ACESSORIOS 10M 553-112-10 (Q6)",8.00,EXCLU,"prix < 80 € ; aucune image ; image placeholder",OK,,
2393,"ANCINHO JARDIM 2672-010-05 CX60",1.60,EXCLU,"prix < 80 € ; aucune image ; image placeholder",OK,,
2394,"PA JARDIM 37×8.5CM 2672-010-06 CX60",1.60,EXCLU,"prix < 80 € ; aucune image ; image placeholder",OK,,
2395,"FERB Sofá Chaise Longue",1359.00,INCLUS,,MÉDIO,"description nettoyée",4
2396,"BOLA C/ GUIZO P/ GATO 605-501 (Q12)",0.80,EXCLU,"prix < 80 € ; aucune image ; image placeholder",OK,,
2397,"BRINQ. ANIMAIS  FRANGO 639-011",0.80,EXCLU,"prix < 80 € ; aucune image ; image placeholder",OK,,
2398,"BRINQUEDO P/ANIMAIS 639-038 CX240 (Q12)",0.80,EXCLU,"prix < 80 € ; aucune image ; image placeholder",OK,,
2399,"BRINQ. ANIMAIS 639-066 CX240 (Q12)",0.80,EXCLU,"prix < 80 € ; aucune image ; image placeholder",OK,,
2400,"BRINQ. ANIMAIS 639-071 CX240 (Q12)",0.80,EXCLU,"prix < 80 € ; aucune image ; image placeholder",OK,,
2401,"BRINQUEDO P/ANIMAIS 639-513 Q12",1.00,EXCLU,"prix < 80 € ; aucune image ; hors stock ; image placeholder",OK,,
2402,"PENTE ANIMAL 1937-627 18X5CM CX240(Q12)",1.60,EXCLU,"prix < 80 € ; aucune image ; image placeholder",OK,,
2403,"COMEDOURO ANIMAL 2670-900 CX288",0.80,EXCLU,"prix < 80 € ; aucune image ; image placeholder",OK,,
2404,"PEITORAL + TRELA ANIMAL 2548-000-1 CX120(Q6)",4.00,EXCLU,"prix < 80 € ; aucune image ; image placeholder",OK,,
2405,"CAMA P/ANIMAL 45X41X7CM 2530-001-01 (Q6)",8.00,EXCLU,"prix < 80 € ; aucune image ; hors stock ; image placeholder",OK,,
2406,"BRINQ. P/ANIMAIS 1937-439-06B CX240 (Q12)",0.80,EXCLU,"prix < 80 € ; aucune image ; image placeholder",OK,,
2407,"BRINQUEDO P/ CAO 096356 (Q12)",0.80,EXCLU,"prix < 80 € ; aucune image ; image placeholder",OK,,
2408,"CADEADO 25MM 1143-601-25",0.80,EXCLU,"prix < 80 € ; aucune image ; image placeholder",OK,,
2409,"BANDEJA PINTOR C/ACESS. 3PCS 1143-080",2.00,EXCLU,"prix < 80 € ; aucune image ; hors stock ; image placeholder",OK,,
2410,"FERRAMENTA 4 PCS 2630-971 CX96",2.00,EXCLU,"prix < 80 € ; aucune image ; hors stock ; image placeholder",OK,,
2411,"ALICATE CORTE 8 2637-002 CX60",1.60,EXCLU,"prix < 80 € ; aucune image ; hors stock ; image placeholder",OK,,
2412,"FERRAMENTAS 5 PCS 2637-108 CX120",2.00,EXCLU,"prix < 80 € ; aucune image ; hors stock ; image placeholder",OK,,
2413,"CABIDE ADESIVO 3 GANCH 2972-003 CX144",0.80,EXCLU,"prix < 80 € ; aucune image ; image placeholder",OK,,
2414,"CABIDE ADESIVO FERRO 2UN 2972-100 CX144",0.80,EXCLU,"prix < 80 € ; aucune image ; image placeholder",OK,,
2415,"CABIDE ADESIVO 2UN 2972-103 CX144",1.00,EXCLU,"prix < 80 € ; aucune image ; hors stock ; image placeholder",OK,,
2416,"SET FERRAMENTAS 5 PCS  2973-023 CX72",2.00,EXCLU,"prix < 80 € ; aucune image ; hors stock ; image placeholder",OK,,
2417,"FITA DUPLA FACE ACR  2796060-02 CX240",1.00,EXCLU,"prix < 80 € ; aucune image ; hors stock ; image placeholder",OK,,
2418,"CABIDE ADESIVO FERRO 2UN2972-100-01CX144",0.80,EXCLU,"prix < 80 € ; aucune image ; image placeholder",OK,,
2419,"GANCHO METAL 2972-190-03 CX144",1.60,EXCLU,"prix < 80 € ; aucune image ; image placeholder",OK,,
2420,"LUVA NYLON VERM TAM 10 0303-16",1.00,EXCLU,"prix < 80 € ; aucune image ; hors stock ; image placeholder",OK,,
2421,"X-ACTO SX61 CX144",0.80,EXCLU,"prix < 80 € ; aucune image ; image placeholder",OK,,
2422,"FITA COLA CAST. 4.8X100MT 2500-200-100",2.00,EXCLU,"prix < 80 € ; aucune image ; hors stock ; image placeholder",OK,,
2423,"FITA COLA TRANSP 4,8CMX60M 2796000-060 CX72",1.00,EXCLU,"prix < 80 € ; aucune image ; hors stock ; image placeholder",OK,,
2424,"FELTRO PROT RED PRT  2796300-86A CX240",1.00,EXCLU,"prix < 80 € ; aucune image ; image placeholder",OK,,
2425,"ABRAÇ BRC 30 UN 2796801A-25 CX144",0.80,EXCLU,"prix < 80 € ; aucune image ; image placeholder",OK,,
2426,"ABRAÇ BRC 30UN 2796801A-30 CX144",0.80,EXCLU,"prix < 80 € ; aucune image ; image placeholder",OK,,
2427,"ABRAÇ BRC 05X30  2796802A-30 CX288",0.80,EXCLU,"prix < 80 € ; aucune image ; image placeholder",OK,,
2428,"COLA SUPER 5000 LIQUIDA 10G (CX24)",1.00,EXCLU,"prix < 80 € ; aucune image ; hors stock ; image placeholder",OK,,
2429,"SUPER COLA 5000 3GR",0.80,EXCLU,"prix < 80 € ; aucune image ; image placeholder",OK,,
2430,"QUADRO MENSAGEM39.5X26.5 2372-200-06P",0.80,EXCLU,"prix < 80 € ; aucune image ; image placeholder",OK,,
2431,"BLOCO NOTAS A7 160P 1595-091 CX192",0.80,EXCLU,"prix < 80 € ; aucune image ; image placeholder",OK,,
2432,"BLOCO DE NOTAS A7 1595-102 CX192",0.80,EXCLU,"prix < 80 € ; aucune image ; image placeholder",OK,,
2433,"TELA P/PINTAR 20X30CM 2373-035",1.60,EXCLU,"prix < 80 € ; aucune image ; hors stock ; image placeholder",OK,,
2434,"MARCADOR 4PCS 2556-308 CX288",0.80,EXCLU,"prix < 80 € ; aucune image ; image placeholder",OK,,
2435,"REC LAPISEIRA 2X20 MINAS 0.7",0.80,EXCLU,"prix < 80 € ; aucune image ; image placeholder",OK,,
2436,"TIPEX CORRECTOR DUPLA",0.80,EXCLU,"prix < 80 € ; aucune image ; image placeholder",OK,,
2437,"CALCULADORA 12X15CM 2917-000 CX96",1.60,EXCLU,"prix < 80 € ; aucune image ; image placeholder",OK,,
2438,"CAPA ARQ FC 36X26CM 2935-001 CX240",0.80,EXCLU,"prix < 80 € ; aucune image ; image placeholder",OK,,
2439,"BLOCO NOTAS A61595-091-01 CX144",1.60,EXCLU,"prix < 80 € ; aucune image ; image placeholder",OK,,
2440,"CORRETOR FITA 1971-003-01 CX576",0.80,EXCLU,"prix < 80 € ; aucune image ; image placeholder",OK,,
2441,"QUADRO MENSAGEM 2372-200-01",1.60,EXCLU,"prix < 80 € ; aucune image ; image placeholder",OK,,
2442,"CANETA GEL 3UN 14CM 2556-008-03 CX288",0.80,EXCLU,"prix < 80 € ; aucune image ; image placeholder",OK,,
2443,"CANETA GEL 5UN 14CM 2556-015-05 CX288",0.80,EXCLU,"prix < 80 € ; aucune image ; image placeholder",OK,,
2444,"MARCADOR PERMANENTE 2556-103-01 CX288",0.80,EXCLU,"prix < 80 € ; aucune image ; image placeholder",OK,,
2445,"CADERNO  ESPIRAL A5 AZUL 80FLS QUADRICUL(CX48)",0.80,EXCLU,"prix < 80 € ; aucune image ; image placeholder",OK,,
2446,"CAD CAPA PRETA 02",0.80,EXCLU,"prix < 80 € ; aucune image ; image placeholder",OK,,
2447,"CAD CAPA PRETA 03",0.80,EXCLU,"prix < 80 € ; aucune image ; image placeholder",OK,,
2448,"CADERNO CAPA AZUL A4 PAUTADO",1.60,EXCLU,"prix < 80 € ; aucune image ; image placeholder",OK,,
2449,"CADERNO CAPA AZUL A4 QUAD 953-06 CX24",1.60,EXCLU,"prix < 80 € ; aucune image ; image placeholder",OK,,
2450,"ESPATULA AÇO 2629-004 CX240",0.80,EXCLU,"prix < 80 € ; aucune image ; image placeholder",OK,,
2451,"MOLAS FECHA FACIL 6 PCS 2972-703 CX144",0.80,EXCLU,"prix < 80 € ; aucune image ; image placeholder",OK,,
2452,"MOLAS INOXIDAVEIS 4UN 3072-5713 CX24",1.60,EXCLU,"prix < 80 € ; aucune image ; image placeholder",OK,,
2453,"SACO COMPRAS DOBRAVEL 1407-055 CX202",1.60,EXCLU,"prix < 80 € ; aucune image ; image placeholder",OK,,
2454,"TAPETE BANHEIRA COR SOLIDA 202-696 CX60 (Q12)",1.60,EXCLU,"prix < 80 € ; aucune image ; hors stock ; image placeholder",OK,,
2455,"MANGUEIRA DUCHE 2M 2996000-2",1.60,EXCLU,"prix < 80 € ; aucune image ; image placeholder",OK,,
2456,"TELEF DUCHE+MANG+SUP 2996-100-1,5",3.20,EXCLU,"prix < 80 € ; aucune image ; image placeholder",OK,,
2457,"TELEF DUCHE+MANG+SUP 2996106-1,5",3.20,EXCLU,"prix < 80 € ; aucune image ; image placeholder",OK,,
2458,"TELEF DUCHE 1F+ MANG+SUP 2996-113",3.20,EXCLU,"prix < 80 € ; aucune image ; image placeholder",OK,,
2459,"TELEF DUCHE 1FUNCAO+MANG+SUP",3.20,EXCLU,"prix < 80 € ; aucune image ; image placeholder",OK,,
2460,"AMB SPRAY FLORES FARMALINE",0.80,EXCLU,"prix < 80 € ; aucune image ; image placeholder",OK,,
2461,"AMB SPRAY ORQUIDEA",0.80,EXCLU,"prix < 80 € ; aucune image ; image placeholder",OK,,
2462,"AMB SPRAY CITRICO FARMALINE",0.80,EXCLU,"prix < 80 € ; aucune image ; image placeholder",OK,,
2463,"AMB SPRAY ALGODAO FARMALINE",0.80,EXCLU,"prix < 80 € ; aucune image ; image placeholder",OK,,
2464,"ORGANIZADOR MULTIUSOS 0105-25 CX8 (Q12)",3.20,EXCLU,"prix < 80 € ; aucune image ; hors stock ; image placeholder",OK,,
2465,"SET 3 CAIXAS RED C/TAMPA 645-02 SK CX16",1.60,EXCLU,"prix < 80 € ; aucune image ; hors stock ; image placeholder",OK,,
2466,"SET 4 CAIXAS RED C/TAMPA 645-045 SK CX12",2.00,EXCLU,"prix < 80 € ; aucune image ; hors stock ; image placeholder",OK,,
2467,"CAÇAROLA 1800ML JUPITER 645-27 SK CX8",5.60,EXCLU,"prix < 80 € ; aucune image ; image placeholder",OK,,
2468,"TERMO P/LIQUIDOS 1L 645-32 SK CX12",3.20,EXCLU,"prix < 80 € ; aucune image ; hors stock ; image placeholder",OK,,
2470,"MARTENS AQ Sofá Chaise Longue Reversível",999.00,INCLUS,,MÉDIO,"description nettoyée",88
2471,"MARCO Sofá Cama c/ Chaise Reversível",779.00,INCLUS,,MÉDIO,"description nettoyée",135
2472,"NASSAU Set de Jardim",179.00,EXCLU,"éligible non inclus (au-delà de la cible)",MÉDIO,"description nettoyée",
2473,"347 Conjunto de Jardim",199.00,EXCLU,"éligible non inclus (au-delà de la cible)",MÉDIO,"description nettoyée",
2475,"BASE TAPI 190X140 CM (1 MÓDULO),BASE HAVANA DARK BROWN",319.00,EXCLU,"aucune image ; hors stock ; image placeholder",OK,,
2477,"GRAPHIC Mesa de Cabeceira",39.00,EXCLU,"prix < 80 € ; hors stock",OK,,
2478,"IM D80 JR023 - JARRA",30.00,EXCLU,"prix < 80 € ; aucune image ; image placeholder",OK,,
2479,"IM C93 VS076 - VASO PRETO PEQ.",20.00,EXCLU,"prix < 80 € ; aucune image ; image placeholder",OK,,
2480,"IM A48 JR028 - JARRA CINZA",30.00,EXCLU,"prix < 80 € ; aucune image ; image placeholder",OK,,
2481,"IM A48 JR029 - JARRA CINZA",25.00,EXCLU,"prix < 80 € ; aucune image ; image placeholder",OK,,
2482,"IM A48 JR019 - JARRA CINZA",30.00,EXCLU,"prix < 80 € ; aucune image ; image placeholder",OK,,
2483,"IM D80 JR044 - JARRA",30.00,EXCLU,"prix < 80 € ; aucune image ; image placeholder",OK,,
2484,"IM C41 JR036 - JARRA",25.00,EXCLU,"prix < 80 € ; aucune image ; image placeholder",OK,,
2485,"IM D80 JR059 - JARRA",25.00,EXCLU,"prix < 80 € ; aucune image ; image placeholder",OK,,
2486,"IM D84 JR001 - JARRA",20.00,EXCLU,"prix < 80 € ; aucune image ; image placeholder",OK,,
2487,"IM D84 JR004 - JARRA",30.00,EXCLU,"prix < 80 € ; aucune image ; image placeholder",OK,,
2488,"IM I06 JR209 - JARRA",80.00,EXCLU,"aucune image ; image placeholder",OK,,
2489,"IM D84 JR005 - JARRA",20.00,EXCLU,"prix < 80 € ; aucune image ; image placeholder",OK,,
2490,"IM C41 JR037 - JARRA",20.00,EXCLU,"prix < 80 € ; aucune image ; image placeholder",OK,,
2491,"LF Z02 FA002 - PÉ COM FLOR",10.00,EXCLU,"prix < 80 € ; aucune image ; image placeholder",OK,,
2495,"JC7220A Mesa de Centro",219.00,INCLUS,,MÉDIO,"description nettoyée",908
2496,"JC166A Mesa de Centro",120.45,INCLUS,,MÉDIO,"description nettoyée",938
2497,"JC102 Mesa de Centro",109.45,INCLUS,,MÉDIO,"description nettoyée",941
2498,"JE102 Mesa de Centro",125.95,INCLUS,,MÉDIO,"description nettoyée",937
2501,"FLMIX 364 - 80 X 150 (SORTIDA)",15.20,EXCLU,"prix < 80 € ; aucune image ; image placeholder",OK,,
2502,"FLMIX 364 - 120 X 160 (SORTIDA)",29.00,EXCLU,"prix < 80 € ; aucune image ; image placeholder",OK,,
2503,"FLMIX 364 - 120 X 170 (SORTIDA)",23.20,EXCLU,"prix < 80 € ; aucune image ; image placeholder",OK,,
2504,"FLMIX 364 - 120 X 180 (SORTIDA)",23.20,EXCLU,"prix < 80 € ; aucune image ; image placeholder",OK,,
2505,"FLMIX 364 - 130 X 190 (SORTIDA)",39.00,EXCLU,"prix < 80 € ; aucune image ; image placeholder",OK,,
2506,"FLMIX 364 - 133 X 190 (SORTIDA)",31.20,EXCLU,"prix < 80 € ; aucune image ; image placeholder",OK,,
2507,"FLMIX 364 - 140 X 200 (SORTIDA)",39.00,EXCLU,"prix < 80 € ; aucune image ; hors stock ; image placeholder",OK,,
2508,"FLMIX 364 - 160 X 225 (SORTIDA)",59.00,EXCLU,"prix < 80 € ; aucune image ; hors stock ; image placeholder",OK,,
2509,"FLMIX 364 - 160 X 230 (SORTIDA)",47.20,EXCLU,"prix < 80 € ; aucune image ; image placeholder",OK,,
2510,"FLMIX 364 - 160 X 235 (SORTIDA)",47.20,EXCLU,"prix < 80 € ; aucune image ; image placeholder",OK,,
2511,"FLMIX 364 - 200 X 285 (SORTIDA)",71.20,EXCLU,"prix < 80 € ; aucune image ; image placeholder",OK,,
2512,"FLMIX 364 - 200 X 290 (SORTIDA)",71.20,EXCLU,"prix < 80 € ; aucune image ; image placeholder",OK,,
2513,"CONJ. CHAVENÁS 6PC 207-22",7.20,EXCLU,"prix < 80 € ; aucune image ; image placeholder",OK,,
2514,"CONJ. 2 MESAS APOIO QUAD SK 804-465",12.00,EXCLU,"prix < 80 € ; aucune image ; image placeholder",OK,,
2515,"CABIDE ROUPA MOVEL 80X43X90 160CM 804-477",6.00,EXCLU,"prix < 80 € ; aucune image ; hors stock ; image placeholder",OK,,
2516,"ROUPEIRO TECIDO 75X46X160CM SK 804-530",10.00,EXCLU,"prix < 80 € ; aucune image ; image placeholder",OK,,
2517,"SET 6 CHAVENÁS CAFÉ C/ PRATO 425-01",6.40,EXCLU,"prix < 80 € ; aucune image ; image placeholder",OK,,
2518,"SET 6 CHAVENÁS CAFÉ C/ PRATO 425-02",4.00,EXCLU,"prix < 80 € ; aucune image ; image placeholder",OK,,
2519,"TAÇA RED CER. BRANCA SET 3UN. 425-09",2.00,EXCLU,"prix < 80 € ; aucune image ; hors stock ; image placeholder",OK,,
2520,"TAÇA OVAL CER. SET 2UN 425-10",1.60,EXCLU,"prix < 80 € ; aucune image ; image placeholder",OK,,
2521,"TAÇA RED CER. SET 4UN. 425-11",1.60,EXCLU,"prix < 80 € ; aucune image ; image placeholder",OK,,
2522,"LANTERNA MADEIRA 12X12X31CM 0598-04",4.00,EXCLU,"prix < 80 € ; aucune image ; image placeholder",OK,,
2523,"PORTA VELA - IM.A12.CB003",15.00,EXCLU,"prix < 80 €",OK,,
2524,"PORTA VELA - IM.A12.CB004",10.00,EXCLU,"prix < 80 €",OK,,
2525,"PEÇA DECORATIVA - IM.A12.PD011",30.00,EXCLU,"prix < 80 €",OK,,
2526,"PEÇA DECORATIVA DOURADA - IM.A12.PD015",20.00,EXCLU,"prix < 80 €",OK,,
2527,"PEÇA DECORATIVA DOURADA - IM.A12.PD016",20.00,EXCLU,"prix < 80 €",OK,,
2528,"PEÇA DECORATIVA DOURADA - IM.A12.PD018",15.00,EXCLU,"prix < 80 €",OK,,
2529,"PEÇA DECORATIVA - IM.A12.PD019",20.00,EXCLU,"prix < 80 €",OK,,
2530,"PORTA REVISTAS - IM.A12.PR003",40.00,EXCLU,"prix < 80 €",OK,,
2531,"JARRA - IM.A18.JR003",30.00,EXCLU,"prix < 80 €",OK,,
2532,"JARRA - IM.A18.JR004",30.00,EXCLU,"prix < 80 €",OK,,
2533,"PEÇA DECORATIVA - IM.A18.PD012",50.00,EXCLU,"prix < 80 €",OK,,
2534,"PEÇA DECORATIVA - IM.A18.PD018",70.00,EXCLU,"prix < 80 €",OK,,
2535,"PEÇA DECORATIVA - IM.A18.PD031",60.00,EXCLU,"prix < 80 €",OK,,
2536,"PEÇA DECORATIVA - IM.A18.PD043",40.00,EXCLU,"prix < 80 €",OK,,
2537,"PEÇA DECORATIVA - IM.A18.PD045",40.00,EXCLU,"prix < 80 €",OK,,
2538,"PEÇA DECORATIVA - IM.A18.PD046",40.00,EXCLU,"prix < 80 € ; hors stock",OK,,
2539,"IM.A18.PD049 - PEÇA DECORATIVA",60.00,EXCLU,"prix < 80 €",OK,,
2540,"IM.A36.JR004 - JARRA",15.00,EXCLU,"prix < 80 €",OK,,
2541,"IM.A36.JR005 - JARRA",15.00,EXCLU,"prix < 80 €",OK,,
2542,"IM.A36.JR006 - JARRA",15.00,EXCLU,"prix < 80 €",OK,,
2543,"IM.A36.JR009 - JARRA",40.00,EXCLU,"prix < 80 €",OK,,
2552,"IM.A36.JR010 - JARRA",30.00,EXCLU,"prix < 80 €",OK,,
2553,"IM.A36.JR012 - JARRA",40.00,EXCLU,"prix < 80 €",OK,,
2554,"IM.A38.JR005 - JARRA AMARELA",30.00,EXCLU,"prix < 80 €",OK,,
2555,"IM.A38.JR017 - JARRA AZUL",15.00,EXCLU,"prix < 80 €",OK,,
2556,"JARRA CASTANHA - IM.A48.JR009",35.00,EXCLU,"prix < 80 €",OK,,
2557,"JARRA CASTANHA - IM.A48.JR012",30.00,EXCLU,"prix < 80 €",OK,,
2558,"JARRA CASTANHA - IM.A48.JR014",20.00,EXCLU,"prix < 80 €",OK,,
2559,"IM.A48.JR016 - JARRA CASTANHA",30.00,EXCLU,"prix < 80 €",OK,,
2560,"IM.A48.JR017 - JARRA CASTANHA",20.00,EXCLU,"prix < 80 €",OK,,
2561,"IM.A48.JR028 - JARRA CINZA",30.00,EXCLU,"prix < 80 €",OK,,
2562,"IM.A48.JR029 - JARRA CINZA",25.00,EXCLU,"prix < 80 €",OK,,
2563,"IM.A48.JR033 - JARRA CINZA",30.00,EXCLU,"prix < 80 € ; aucune image ; image placeholder",OK,,
2564,"JARRA - IM.A51.JR001",25.00,EXCLU,"prix < 80 €",OK,,
2565,"IM.A51.JR002 - JARRA",40.00,EXCLU,"prix < 80 €",OK,,
2566,"JARRA - IM.A51.JR003",20.00,EXCLU,"prix < 80 €",OK,,
2567,"IM.A51.JR012 - JARRA",25.00,EXCLU,"prix < 80 €",OK,,
2568,"JARRA - IM.A51.JR013",15.00,EXCLU,"prix < 80 € ; hors stock",OK,,
2569,"IM.A51.PO002 - POTE",30.00,EXCLU,"prix < 80 €",OK,,
2570,"IM.A51.PO003 - POTE",30.00,EXCLU,"prix < 80 €",OK,,
2571,"IM.A51.PO004 - POTE",40.00,EXCLU,"prix < 80 €",OK,,
2572,"Im.a64.Il006.C - Candeeiro de Pé",280.00,EXCLU,"éligible non inclus (au-delà de la cible)",MÉDIO,"titre normalisé (casse), description nettoyée",
2573,"IM.A69.JR019 - JARRA PRETA",15.00,EXCLU,"prix < 80 €",OK,,
2574,"IM.A69.JR029 - JARRA",20.00,EXCLU,"prix < 80 € ; aucune image ; hors stock ; image placeholder",OK,,
2575,"IM.A69.JR030 - JARRA VERDE",15.00,EXCLU,"prix < 80 €",OK,,
2576,"IM.A69.JR031 - JARRA",25.00,EXCLU,"prix < 80 €",OK,,
2577,"IM.A71.JR007 - JARRA",10.00,EXCLU,"prix < 80 € ; hors stock",OK,,
2578,"IM.A71.JR035 - JARRA",20.00,EXCLU,"prix < 80 €",OK,,
2579,"IM.A71.JR039 - JARRA",15.00,EXCLU,"prix < 80 €",OK,,
2580,"IM.A71.JR041 - JARRA",20.00,EXCLU,"prix < 80 €",OK,,
2581,"IM.A71.JR042 - JARRA",20.00,EXCLU,"prix < 80 €",OK,,
2582,"IM.A71.JR047 - JARRA",20.00,EXCLU,"prix < 80 €",OK,,
2583,"IM.A71.JR048 - JARRA",15.00,EXCLU,"prix < 80 €",OK,,
2584,"JARRA - IM.A71.JR053",20.00,EXCLU,"prix < 80 €",OK,,
2585,"IM.A76.PD002 - PEÇA DECORATIVA",40.00,EXCLU,"prix < 80 €",OK,,
2586,"PEÇA DECORATIVA - IM.A76.PD019",15.00,EXCLU,"prix < 80 €",OK,,
2587,"IM.A86.JR003 - JARRA",20.00,EXCLU,"prix < 80 €",OK,,
2588,"IM.A86.JR004 - JARRA",30.00,EXCLU,"prix < 80 €",OK,,
2589,"IM.A86.JR005 - JARRA",30.00,EXCLU,"prix < 80 €",OK,,
2590,"IM.A86.JR006 - JARRA",20.00,EXCLU,"prix < 80 €",OK,,
2591,"IM.A86.JR010 - JARRA",20.00,EXCLU,"prix < 80 € ; hors stock",OK,,
2592,"IM.A86.JR013 - JARRA",30.00,EXCLU,"prix < 80 €",OK,,
2593,"IM.A86.JR014 - JARRA",30.00,EXCLU,"prix < 80 €",OK,,
2594,"IM.A87.JR010 - JARRA",30.00,EXCLU,"prix < 80 €",OK,,
2595,"IM.A89.PO009 - POTE",40.00,EXCLU,"prix < 80 €",OK,,
2596,"IM.A89.PO010 - POTE",30.00,EXCLU,"prix < 80 €",OK,,
2597,"IM.A91.JR006 - JARRA",30.00,EXCLU,"prix < 80 €",OK,,
2598,"IM.A91.JR008 - JARRA",40.00,EXCLU,"prix < 80 €",OK,,
2602,"IM.A91.JR012 - Jarra",25.00,EXCLU,"prix < 80 €",OK,,
2603,"IM.A91.JR016 - Jarra",30.00,EXCLU,"prix < 80 €",OK,,
2604,"IM.A91.JR017 - Jarra",30.00,EXCLU,"prix < 80 €",OK,,
2605,"IM.A91.JR018 - Jarra",30.00,EXCLU,"prix < 80 €",OK,,
2606,"IM.A93.PD001 - Peça Decorativa",120.00,EXCLU,"éligible non inclus (au-delà de la cible)",MÉDIO,"description nettoyée",
2607,"IM.A93.PD010 - Peça Decorativa",100.00,EXCLU,"éligible non inclus (au-delà de la cible)",MÉDIO,"description nettoyée",
2608,"IM.A94.JR001 - Jarra",20.00,EXCLU,"prix < 80 €",OK,,
2609,"IM.A94.JR002 - Jarra",15.00,EXCLU,"prix < 80 €",OK,,
2610,"IM.A94.JR005 - Jarra",25.00,EXCLU,"prix < 80 €",OK,,
2611,"IM.A94.JR006 - Jarra",20.00,EXCLU,"prix < 80 €",OK,,
2612,"IM.A94.JR007 - Jarra",25.00,EXCLU,"prix < 80 €",OK,,
2613,"IM.A94.JR008 - Jarra",20.00,EXCLU,"prix < 80 €",OK,,
2614,"IM.A94.JR009 - Jarra",25.00,EXCLU,"prix < 80 €",OK,,
2615,"IM.A94.JR010 - Jarra",15.00,EXCLU,"prix < 80 €",OK,,
2616,"IM.A94.JR015 - JARRA",20.00,EXCLU,"prix < 80 €",OK,,
2617,"IM.A94.JR016 - JARRA",15.00,EXCLU,"prix < 80 €",OK,,
2618,"IM.A94.JR017 - JARRA",20.00,EXCLU,"prix < 80 €",OK,,
2619,"IM.A94.JR018 - Jarra",15.00,EXCLU,"prix < 80 €",OK,,
2620,"IM.A94.JR021 - JARRA",20.00,EXCLU,"prix < 80 €",OK,,
2621,"IM.A94.JR022 - JARRA",10.00,EXCLU,"prix < 80 €",OK,,
2622,"IM.B08.JR002 - JARRA VIDRO C/ BASE METAL",15.00,EXCLU,"prix < 80 €",OK,,
2623,"IM.B08.JR005 - JARRA VIDRO C/ BASE METAL",15.00,EXCLU,"prix < 80 €",OK,,
2624,"IM.B08.JR008 - JARRA VIDRO C/ BASE METAL",15.00,EXCLU,"prix < 80 € ; aucune image ; hors stock ; image placeholder",OK,,
2625,"JARRA VIDRO C/ BASE METAL - IM.B08.JR014",15.00,EXCLU,"prix < 80 €",OK,,
2626,"IM.C14.JR023 - JARRA",30.00,EXCLU,"prix < 80 €",OK,,
2627,"IM.C14.JR025 - JARRA",25.00,EXCLU,"prix < 80 €",OK,,
2628,"IM.C14.JR026 - JARRA",25.00,EXCLU,"prix < 80 €",OK,,
2629,"IM.C14.JR027 - JARRA",25.00,EXCLU,"prix < 80 € ; aucune image ; image placeholder",OK,,
2630,"IM.C14.JR028 - JARRA",20.00,EXCLU,"prix < 80 €",OK,,
2631,"JARRA - IM.C14.JR029",20.00,EXCLU,"prix < 80 €",OK,,
2632,"IM.C14.JR032 - JARRA",30.00,EXCLU,"prix < 80 €",OK,,
2633,"JARRA - IM.C14.JR034",20.00,EXCLU,"prix < 80 €",OK,,
2634,"IM.C14.JR035 - JARRA",15.00,EXCLU,"prix < 80 €",OK,,
2635,"IM.C14.JR036 - JARRA",15.00,EXCLU,"prix < 80 €",OK,,
2636,"IM.C14.JR037 - JARRA",20.00,EXCLU,"prix < 80 €",OK,,
2637,"IM.C14.JR038 - JARRA",15.00,EXCLU,"prix < 80 €",OK,,
2638,"IM.C14.JR039 - JARRA",15.00,EXCLU,"prix < 80 €",OK,,
2639,"IM.C41.JR037 - Jarra",20.00,EXCLU,"prix < 80 €",OK,,
2640,"IM.C41.JR038 - JARRA",20.00,EXCLU,"prix < 80 €",OK,,
2641,"IM.C41.JR039 - JARRA",25.00,EXCLU,"prix < 80 €",OK,,
2642,"IM.C92.PD020 - Peça Decorativa",50.00,EXCLU,"prix < 80 €",OK,,
2643,"IM.C92.PD022 - Peça Decorativa",100.00,EXCLU,"éligible non inclus (au-delà de la cible)",MÉDIO,"description nettoyée",
2644,"IM.C92.QD074 - Quadro 180x60 cm",150.00,EXCLU,"éligible non inclus (au-delà de la cible)",MÉDIO,"description nettoyée",
2645,"IM.C92.QD091 - Quadro 80x80 cm",190.00,EXCLU,"éligible non inclus (au-delà de la cible)",MÉDIO,"description nettoyée",
2646,"IM.C93.JR001 - Jarra",40.00,EXCLU,"prix < 80 €",OK,,
2647,"IM.C93.JR002 - JARRA",30.00,EXCLU,"prix < 80 €",OK,,
2648,"IM.C93.JR003 - JARRA",40.00,EXCLU,"prix < 80 €",OK,,
2649,"IM.D45.PD025 - Peça Decorativa Bronze",70.00,EXCLU,"prix < 80 €",OK,,
2650,"IM.D45.PD026 - Peça Decorativa Bronze",120.00,EXCLU,"éligible non inclus (au-delà de la cible)",MÉDIO,"description nettoyée",
2651,"IM.D45.PD027 - Peça Decorativa Bronze",80.00,EXCLU,"éligible non inclus (au-delà de la cible)",MÉDIO,"description nettoyée",
2652,"IM.D45.PD028 - Peça Decorativa Bronze",90.00,EXCLU,"éligible non inclus (au-delà de la cible)",MÉDIO,"description nettoyée",
2653,"IM.D80.JR043 - Jarra",50.00,EXCLU,"prix < 80 €",OK,,
2654,"IM.D80.JR044 - JARRA",30.00,EXCLU,"prix < 80 €",OK,,
2655,"IM.D80.JR049 - JARRA",60.00,EXCLU,"prix < 80 €",OK,,
2656,"IM.D80.JR050 - JARRA",40.00,EXCLU,"prix < 80 €",OK,,
2657,IM.D80.JR060,30.00,EXCLU,"prix < 80 € ; hors stock",OK,,
2658,IM.D80.JR061,20.00,EXCLU,"prix < 80 €",OK,,
2659,IM.D80.JR062,30.00,EXCLU,"prix < 80 € ; aucune image ; image placeholder",OK,,
2660,"IM.D80.PD012 - PEÇA DECORATIVA",30.00,EXCLU,"prix < 80 €",OK,,
2661,"IM.D80.PD017 - PEÇA DECORATIVA",30.00,EXCLU,"prix < 80 €",OK,,
2662,"IM.D80.PD018 - PEÇA DECORATIVA",30.00,EXCLU,"prix < 80 €",OK,,
2663,"JARRA - IM.D84.JR006",40.00,EXCLU,"prix < 80 € ; aucune image ; image placeholder",OK,,
2664,"IM.D84.JR007 - JARRA",40.00,EXCLU,"prix < 80 € ; aucune image ; image placeholder",OK,,
2665,"IM.D84.JR017 - JARRA",20.00,EXCLU,"prix < 80 €",OK,,
2666,"IM.D92.BO001 - BOLA",10.00,EXCLU,"prix < 80 € ; aucune image ; image placeholder",OK,,
2667,"IM.D92.JR020 - JARRA",30.00,EXCLU,"prix < 80 €",OK,,
2668,"IM.D98.CB006 - PORTA VELA",5.00,EXCLU,"prix < 80 €",OK,,
2669,"JARRA - IM.D98.JR007",10.00,EXCLU,"prix < 80 €",OK,,
2670,"JARRA - IM.D98.JR008",15.00,EXCLU,"prix < 80 €",OK,,
2671,"JARRA - IM.D98.JR009",20.00,EXCLU,"prix < 80 €",OK,,
2672,"IM.D98.JR021 - JARRA",40.00,EXCLU,"prix < 80 €",OK,,
2673,"IM.D98.JR024 - JARRA",25.00,EXCLU,"prix < 80 €",OK,,
2674,"IM.D98.JR026 - JARRA",30.00,EXCLU,"prix < 80 €",OK,,
2675,"IM.D98.PD002 - PEÇA DECORATIVA",30.00,EXCLU,"prix < 80 €",OK,,
2676,"IM.D98.PD003 - PEÇA DECORATIVA",20.00,EXCLU,"prix < 80 €",OK,,
2677,"IM.D98.PO003 - POTE",30.00,EXCLU,"prix < 80 €",OK,,
2678,"IM.D98.PO007 - POTE",30.00,EXCLU,"prix < 80 €",OK,,
2679,"IM.D98.PO008 - POTE",20.00,EXCLU,"prix < 80 €",OK,,
2680,"IM.D98.PO009 - POTE",35.00,EXCLU,"prix < 80 €",OK,,
2681,"IM.D98.PO010 - POTE",30.00,EXCLU,"prix < 80 €",OK,,
2682,"IM.E12.JR010 - JARRA",40.00,EXCLU,"prix < 80 €",OK,,
2683,"IM.E12.JR011 - JARRA",25.00,EXCLU,"prix < 80 € ; hors stock",OK,,
2684,"IM.E13.CB004 - CANDELABRO CASTANHO",40.00,EXCLU,"prix < 80 €",OK,,
2685,"IM.E13.VS003 - SET 3 VASOS CINZA",20.00,EXCLU,"prix < 80 €",OK,,
2686,"IM.H08.JR008 - JARRA",10.00,EXCLU,"prix < 80 € ; hors stock",OK,,
2687,"IM.I06.BO009 - SET 3 BOLAS",30.00,EXCLU,"prix < 80 €",OK,,
2688,"IM.I25.IL002.C - CANDEEIRO DE PÉ",459.00,EXCLU,"aucune image ; image placeholder",OK,,
2689,"Im.i25.Il006 - Candeeiro de Pé",339.00,EXCLU,"éligible non inclus (au-delà de la cible)",MÉDIO,"titre normalisé (casse), description nettoyée",
2690,"LF.I22.VS001.A6.1 - VASOS",15.00,EXCLU,"prix < 80 €",OK,,
2691,"LF.I22.VS001.A6.2 - VASOS",20.00,EXCLU,"prix < 80 €",OK,,
2692,"LF.I22.VS001.A6.3 - VASOS",40.00,EXCLU,"prix < 80 €",OK,,
2693,"IM.A12.PD017 - PEÇA DECORATIVA DOURADA",10.00,EXCLU,"prix < 80 €",OK,,
2694,"IM.A76.PD013 - PEÇA DECORATIVA",20.00,EXCLU,"prix < 80 €",OK,,
2695,"Im.a93.Pd009 - Peça Decorativa",100.00,EXCLU,"éligible non inclus (au-delà de la cible)",MÉDIO,"titre normalisé (casse), description nettoyée",
2696,"IM.B08.JR007 - JARRA VIDRO C/ BASE METAL",10.00,EXCLU,"prix < 80 €",OK,,
2698,"EROS Consola",149.00,EXCLU,"hors stock",OK,,
2700,"CADEIRA TONGA MENTA",119.00,EXCLU,"aucune image ; image placeholder",OK,,
2701,"CADEIRA TONGA VERDE ESCURO",119.00,EXCLU,"aucune image ; image placeholder",OK,,
2702,"CADEIRA TONGA CINZA",119.00,EXCLU,"aucune image ; image placeholder",OK,,
2703,"CADEIRA TONGA BEGE",119.00,EXCLU,"aucune image ; image placeholder",OK,,
2706,"CADEIRA PRETA SEM BRAÇOS - 22020096",89.00,EXCLU,"aucune image ; image placeholder",OK,,
2707,"CADEIRA COM BRAÇOS VENUS PRETA 22020118",89.00,EXCLU,"aucune image ; image placeholder",OK,,
2708,"GALAN NEGRO HOLSTEBRO",79.00,EXCLU,"prix < 80 € ; aucune image ; image placeholder",OK,,
2709,"PERCHERO BLANCO Y MADERA MALMÖ",39.00,EXCLU,"prix < 80 € ; aucune image ; image placeholder",OK,,
2710,"PERCHERO NEGRO Y MADERA MALMÖ",59.00,EXCLU,"prix < 80 € ; aucune image ; image placeholder",OK,,
2711,"MS01 Camiseiro",159.00,INCLUS,,MÉDIO,"description nettoyée",762
2712,"MS01 Cómoda",199.00,INCLUS,,MÉDIO,"description nettoyée",528
2713,"CLYDE Mesa de Cabeceira",69.00,EXCLU,"prix < 80 €",OK,,
2714,"CLYDE - CAMISEIRO 2G + 4G",289.00,EXCLU,"aucune image ; image placeholder",OK,,
2715,"CLYDE Camiseiro",169.00,INCLUS,,MÉDIO,"description nettoyée",582
2716,"CLYDE Conjunto 2 Gavetões",99.00,INCLUS,,MÉDIO,"description nettoyée",715
2717,"KENT Aparador",225.00,INCLUS,,MÉDIO,"description nettoyée",668
2718,"KENT Armário",199.00,INCLUS,,MÉDIO,"description nettoyée",676
2719,"KENT Base TV",145.00,INCLUS,,MÉDIO,"description nettoyée",476
2720,"KENT Mesa de Centro",159.00,INCLUS,,MÉDIO,"description nettoyée",864
2721,"Castel - Espelho",179.00,INCLUS,,MÉDIO,"titre normalisé (casse), description nettoyée",795
2722,"Castel- Consola",189.00,EXCLU,"éligible non inclus (au-delà de la cible)",MÉDIO,"titre normalisé (casse), description nettoyée",
2723,"Castel- Mesa Redonda Extensível",549.00,INCLUS,,MÉDIO,"titre normalisé (casse), description nettoyée",458
2724,"Castel - Mesa de Jantar Retangular Extensível",589.00,INCLUS,,MÉDIO,"titre normalisé (casse), description nettoyée",457
2725,"CASTEL Mesa de Centro c/ Tampo Elevatório",349.00,INCLUS,,MÉDIO,"description nettoyée",953
2726,"CASTEL Aparador",469.00,INCLUS,,MÉDIO,"description nettoyée",632
2727,"CASTEL Base TV",379.00,INCLUS,,MÉDIO,"description nettoyée",467
2728,"CASTEL Biblioteca 1 Porta",369.00,INCLUS,,MÉDIO,"description nettoyée",506
2729,"CASTEL Estante 2 Portas",359.00,INCLUS,,MÉDIO,"description nettoyée",785
2730,"CASTEL Vitrine",609.00,INCLUS,,MÉDIO,"description nettoyée",736
2732,"PULP Mesa de Jantar",609.00,INCLUS,,OK,,493
2733,"PULP Mesa de Jantar",559.00,INCLUS,,OK,,197
2734,"PULP Mesa de Centro",379.00,INCLUS,,MÉDIO,"description nettoyée",899
2735,"PULP Aparador",619.00,INCLUS,,MÉDIO,"description nettoyée",808
2736,"PULP Base TV 2 Portas",479.00,INCLUS,,MÉDIO,"description nettoyée",816
2737,"CAMA P/ANIMAIS 60X40X20CM 3386",8.00,EXCLU,"prix < 80 € ; aucune image ; image placeholder",OK,,
2738,"CAMA P/ANIMAIS 80X60X25CM 3387",9.60,EXCLU,"prix < 80 € ; aucune image ; image placeholder",OK,,
2739,"WC ELLA P/GATOS CINZA/BRANCO 57X39X38",9.60,EXCLU,"prix < 80 € ; aucune image ; image placeholder",OK,,
2740,"BALDE P/LIXO 50L C/TPA CINZA DS00050",8.00,EXCLU,"prix < 80 € ; aucune image ; image placeholder",OK,,
2741,"BALDE P/LIXO 50L C/TPA MOCCA DM00050",8.00,EXCLU,"prix < 80 € ; aucune image ; image placeholder",OK,,
2742,"WC ELLA P/GATOS ROSA/BRANCO 57X39X38 CE0010(CX6)20***10€",9.60,EXCLU,"prix < 80 € ; aucune image ; image placeholder",OK,,
2743,"MALA TRANSP GATOS 44,5X31,5X33 CT10",9.60,EXCLU,"prix < 80 € ; aucune image ; image placeholder",OK,,
2744,"PORTA GUARDANAPOS 20X20X8.5CM",1.60,EXCLU,"prix < 80 € ; aucune image ; image placeholder",OK,,
2745,"CAPA ARQUIVO A4 SK 206-034CX60",1.60,EXCLU,"prix < 80 € ; aucune image ; image placeholder",OK,,
2746,"CANECA MUG 11X10 CM  450-331",1.60,EXCLU,"prix < 80 € ; aucune image ; image placeholder",OK,,
2747,"MASSAJADOR CABEÇA 2060-026-01 CX126 (Q12)",1.60,EXCLU,"prix < 80 € ; aucune image ; image placeholder",OK,,
2748,"VASO C/ CACTO 207-116-01 CX144 (Q12)",0.80,EXCLU,"prix < 80 € ; aucune image ; image placeholder",OK,,
2749,"BLOCO NOTAS A7 160P 1595-075 CX192",0.80,EXCLU,"prix < 80 € ; aucune image ; image placeholder",OK,,
2750,"BLOCO DE NOTAS A7 1595-101 CX192",1.00,EXCLU,"prix < 80 € ; aucune image ; hors stock ; image placeholder",OK,,
2751,"PORTA FOTOS 10X15CM 1819-214 CX96(Q12)",0.80,EXCLU,"prix < 80 € ; aucune image ; image placeholder",OK,,
2752,"JARRA VIDRO 8X19CM 2407-300",1.60,EXCLU,"prix < 80 € ; aucune image ; image placeholder",OK,,
2753,"TOALHA MESA 137X183CM 2448-600",2.00,EXCLU,"prix < 80 € ; aucune image ; hors stock ; image placeholder",OK,,
2754,"BORRACHA 4UN 2556-305 CX288",0.80,EXCLU,"prix < 80 € ; aucune image ; image placeholder",OK,,
2755,"ESCOVA CABELO OVAL 2633-001 CX120",0.80,EXCLU,"prix < 80 € ; aucune image ; image placeholder",OK,,
2756,"PENTE 2816-100 CX240",0.80,EXCLU,"prix < 80 € ; aucune image ; image placeholder",OK,,
2757,"SET 2 TESOURAS +PENTE 2816-103 CX120",1.60,EXCLU,"prix < 80 € ; aucune image ; image placeholder",OK,,
2758,"LIMA PEDICURE DUPLA 2816-300",1.60,EXCLU,"prix < 80 € ; aucune image ; image placeholder",OK,,
2759,"BOLSA TERM 22X13X18CM 2860-000 CX48 (Q12)",1.60,EXCLU,"prix < 80 € ; aucune image ; image placeholder",OK,,
2760,"PULVERIZADOR AZEITE 200ML 2900-050",1.60,EXCLU,"prix < 80 € ; aucune image ; image placeholder",OK,,
2761,"VASO  9,5X9CM 2707-000B CX216 (Q12)",0.80,EXCLU,"prix < 80 € ; aucune image ; image placeholder",OK,,
2762,"CARRO COMPRAS 2 RODAS SK 560-007-02",8.00,EXCLU,"prix < 80 € ; aucune image ; image placeholder",OK,,
2763,"CARRO COMPRAS 2 RODAS SK 560-007-04",8.00,EXCLU,"prix < 80 € ; aucune image ; image placeholder",OK,,
2764,"BLOCO NOTAS A6 160P 1595-075-01 CX144",1.60,EXCLU,"prix < 80 € ; aucune image ; image placeholder",OK,,
2765,"LAPIS C/BORRACHA 6UN 1602-056-06 CX144",1.00,EXCLU,"prix < 80 € ; aucune image ; hors stock ; image placeholder",OK,,
2766,"PORTA FOTOS GATO 17X25,5 1819-213-01 CX60",0.80,EXCLU,"prix < 80 € ; aucune image ; image placeholder",OK,,
2767,"PRATO PIZZA REDONDO",1.60,EXCLU,"prix < 80 € ; aucune image ; image placeholder",OK,,
2768,"GARRAFA ALUMUNIO 500ML 203-138-500",1.60,EXCLU,"prix < 80 € ; aucune image ; image placeholder",OK,,
2769,"PORTA FOTOS 20X25 2336-005-02 CX24",1.60,EXCLU,"prix < 80 € ; aucune image ; image placeholder",OK,,
2770,"JARRA VIDRO 8X19CM 2407-300-01",1.60,EXCLU,"prix < 80 € ; aucune image ; image placeholder",OK,,
2771,"JARRA VIDRO 8X19CM 2407-300-02",1.60,EXCLU,"prix < 80 € ; aucune image ; image placeholder",OK,,
2772,"PORTA FOTOS MDF 15X20 2422-053-01 CX24",1.60,EXCLU,"prix < 80 € ; aucune image ; image placeholder",OK,,
2773,"CANETAS FELTRO 12UN 2456-102-12 CX240",1.60,EXCLU,"prix < 80 € ; aucune image ; image placeholder",OK,,
2774,"PULVERIZADOR 1.8L 2630-774-1.8",1.60,EXCLU,"prix < 80 € ; aucune image ; image placeholder",OK,,
2775,"ESCOVA CABELO OVAL 2633-001-02 CX120 (Q12)",0.80,EXCLU,"prix < 80 € ; aucune image ; image placeholder",OK,,
2776,"ESCOVA CABELO OVAL 2633-001-03 CX120 (Q12)",0.80,EXCLU,"prix < 80 € ; aucune image ; image placeholder",OK,,
2777,"ESCOVA CABELO RECT 2633-001-04 CX120 (Q12)",0.80,EXCLU,"prix < 80 € ; aucune image ; image placeholder",OK,,
2778,"ESCOVA CABELO RECT 2633-001-05 CX120 (Q12)",0.80,EXCLU,"prix < 80 € ; aucune image ; image placeholder",OK,,
2779,"ESCOVA CABELO REDONDA 2633-001-06 CX120 (Q12)",0.80,EXCLU,"prix < 80 € ; aucune image ; image placeholder",OK,,
2780,"DISPENSADOR VIDRO SK-C 804-502",1.60,EXCLU,"prix < 80 € ; aucune image ; image placeholder",OK,,
2781,"DISPENSADOR VIDRO COR SK-C 804-503 CX24 (Q12)",1.60,EXCLU,"prix < 80 € ; aucune image ; image placeholder",OK,,
2782,"DISPENSADOR SABAO COR SK-C 804-505",1.60,EXCLU,"prix < 80 € ; aucune image ; image placeholder",OK,,
2783,"DISPENSADOR VIDRO COR SK-C 804-507 CX24 (Q12)",1.60,EXCLU,"prix < 80 € ; aucune image ; image placeholder",OK,,
2784,"CONJ. ACESSORIOS WC 4PÇ SK-C 804-560",8.00,EXCLU,"prix < 80 € ; aucune image ; image placeholder",OK,,
2785,"GARRAFA TERM 500ML COLORS SK-C-804-561",4.00,EXCLU,"prix < 80 € ; aucune image ; image placeholder",OK,,
2786,"GARRAFA TERM 500ML C/COPO SK-C-804-562",4.00,EXCLU,"prix < 80 € ; aucune image ; image placeholder",OK,,
2787,"GARRAFA TERM 500ML C/COPO SK-C-804-563",4.00,EXCLU,"prix < 80 € ; aucune image ; image placeholder",OK,,
2788,"GARRAFA TERMICA 350ML SK-C-804-564",4.00,EXCLU,"prix < 80 € ; aucune image ; image placeholder",OK,,
2789,"GARRAFA TERMICA 500ML SK-C-804-565",4.00,EXCLU,"prix < 80 € ; aucune image ; image placeholder",OK,,
2790,"GARRAFA TERMICA 1000ML SK-C-804-566",8.00,EXCLU,"prix < 80 € ; aucune image ; image placeholder",OK,,
2791,"PULVERIZADOR 900ML SKPA-837-383 CX24(Q12",1.60,EXCLU,"prix < 80 € ; aucune image ; image placeholder",OK,,
2792,"COPO SHOT C/ SUPORTE BAMBU 3072-5485 CX24 (Q12) 20***10€",8.00,EXCLU,"prix < 80 € ; aucune image ; image placeholder",OK,,
2793,"VASO PLT QUAD 17X17X15CM 0428-02A",1.60,EXCLU,"prix < 80 € ; aucune image ; image placeholder",OK,,
2794,"VASO PLT QUAD 17X17X15CM 0428-02C",1.60,EXCLU,"prix < 80 € ; aucune image ; image placeholder",OK,,
2795,"VASO PLT 21X11,5X10,5CM 0428-04B",1.60,EXCLU,"prix < 80 € ; aucune image ; image placeholder",OK,,
2796,"VASO PLT 21X11,5X10,5CM 0428-04C",1.60,EXCLU,"prix < 80 € ; aucune image ; image placeholder",OK,,
2797,"VASO PLT OVAL 22X14X17CM 0428-06B",1.60,EXCLU,"prix < 80 € ; aucune image ; image placeholder",OK,,
2798,"VASO PLT OVAL 22X14X17CM 0428-06C",1.60,EXCLU,"prix < 80 € ; aucune image ; image placeholder",OK,,
2799,"VASO PLT OVAL24,5X17,5CM 0428-07B",1.60,EXCLU,"prix < 80 € ; aucune image ; image placeholder",OK,,
2800,"VASO PLT OVAL24,5X17,5CM 0428-07C",1.60,EXCLU,"prix < 80 € ; aucune image ; image placeholder",OK,,
2801,"VASO PLT OVAL 19X19X14,5 0428-08B",1.60,EXCLU,"prix < 80 € ; aucune image ; image placeholder",OK,,
2802,"VASO OVAL 19,5X11CM 0428-09B",1.60,EXCLU,"prix < 80 € ; aucune image ; image placeholder",OK,,
2803,"VASO PLT OVAL 19,5X11CM 0428-09C",1.60,EXCLU,"prix < 80 € ; aucune image ; image placeholder",OK,,
2804,"VASO PLT QUAD 17X17X15CM 0428-02B",1.60,EXCLU,"prix < 80 € ; aucune image ; image placeholder",OK,,
2805,"VELA COPO CITRONELA 820-28 85G(CX12)",0.80,EXCLU,"prix < 80 € ; aucune image ; hors stock ; image placeholder",OK,,
2806,"VELA COPO CITRONELA 820-90",0.80,EXCLU,"prix < 80 € ; aucune image ; image placeholder",OK,,
2807,"VELA CITRONELA TERACOTTA820-94",1.60,EXCLU,"prix < 80 € ; aucune image ; image placeholder",OK,,
2808,"FRASCO VIDRO C/BORRIF 160ML 952-22",1.60,EXCLU,"prix < 80 € ; aucune image ; image placeholder",OK,,
2809,"VELA CITRONELA COPO 70G SK 0960-02",0.80,EXCLU,"prix < 80 € ; aucune image ; hors stock ; image placeholder",OK,,
2810,"VELA CITRONELA COPO 70G SK 0960-03",0.80,EXCLU,"prix < 80 € ; aucune image ; image placeholder",OK,,
2811,"FITA COLA TRANSP 3UN 2796950-03B CX240",1.00,EXCLU,"prix < 80 € ; aucune image ; hors stock ; image placeholder",OK,,
2812,"CONJ 2 CANECAS CERVEJA PATRIA 27CL",1.60,EXCLU,"prix < 80 € ; aucune image ; image placeholder",OK,,
2813,"VASO DUPLO ELITE 3LT 032 (Q12)",1.60,EXCLU,"prix < 80 € ; aucune image ; image placeholder",OK,,
2814,"ESPREMEDOR CITRINOS 660ML KC-410",1.60,EXCLU,"prix < 80 € ; aucune image ; image placeholder",OK,,
2815,"ESCOVA LIMPA SANITAS TP-144",1.60,EXCLU,"prix < 80 € ; aucune image ; image placeholder",OK,,
2816,"CONJUNTO PIQ-NIQ 32PCS AP-9146",10.00,EXCLU,"prix < 80 € ; aucune image ; hors stock ; image placeholder",OK,,
2817,"AMBIENT SPRAY AMBIPUR MAÇA/CANELA",1.60,EXCLU,"prix < 80 € ; aucune image ; image placeholder",OK,,
2818,"AMBIENT SPRAY AMBIPUR LARANJA/CANELA",1.60,EXCLU,"prix < 80 € ; aucune image ; image placeholder",OK,,
2819,"ALUQUETE 30MM LONGO 1143-600-30",0.80,EXCLU,"prix < 80 € ; aucune image ; image placeholder",OK,,
2820,"GANCHO VENTOSA TRANSP. 8UN 1800-161B",0.80,EXCLU,"prix < 80 € ; aucune image ; image placeholder",OK,,
2821,"BRINQ. ANIMAIS 639-048",0.80,EXCLU,"prix < 80 € ; aucune image ; image placeholder",OK,,
2822,"EXTENSAO 3M C/4 TOMADAS+ INT HY-1114P CX25",8.00,EXCLU,"prix < 80 € ; aucune image ; image placeholder",OK,,
2823,"FICHA TRIPLA 3TOMAD  HY-6013B CX60(Q12)",1.60,EXCLU,"prix < 80 € ; aucune image ; image placeholder",OK,,
2824,"COLHER PEDREIRO 20X10CM 1143-550 CX120",1.60,EXCLU,"prix < 80 € ; aucune image ; image placeholder",OK,,
2825,"LANTERNA LED C/IMAN 1557-152 CX240",1.60,EXCLU,"prix < 80 € ; aucune image ; image placeholder",OK,,
2826,"CANDEEIRO LEITURA LED BRC 1557-228 CX96",2.00,EXCLU,"prix < 80 € ; aucune image ; hors stock ; image placeholder",OK,,
2827,"LAMPADA SOL LED 7X51,5CM",1.60,EXCLU,"prix < 80 € ; aucune image ; image placeholder",OK,,
2828,"CAPA MAQ. LAVAR 58X62X85 1589-003 CX60 (Q12)",2.00,EXCLU,"prix < 80 € ; aucune image ; hors stock ; image placeholder",OK,,
2829,"PA LIMPA EXCREM ANIMAL",1.00,EXCLU,"prix < 80 € ; aucune image ; image placeholder",OK,,
2830,"PENTE ANIMAL 1937-626 20X3CM CX240(Q12)",1.60,EXCLU,"prix < 80 € ; aucune image ; image placeholder",OK,,
2831,"AVENTAL 60X85 CM 2448-550",1.60,EXCLU,"prix < 80 € ; aucune image ; image placeholder",OK,,
2832,"CAMA P/ANIMAL 37X37X13 2530-000 CX40(Q6)",9.60,EXCLU,"prix < 80 € ; aucune image ; image placeholder",OK,,
2833,"CAMA P/ANIMAL 39X36X7CM 2530-001 (Q6)",9.60,EXCLU,"prix < 80 € ; aucune image ; image placeholder",OK,,
2834,"CAMA ANIM 42X32X33CM 2825-101",9.60,EXCLU,"prix < 80 € ; aucune image ; image placeholder",OK,,
2835,"CABO DE BAGAGEM 1,5X1,5CM 2833-200 CX240",0.80,EXCLU,"prix < 80 € ; aucune image ; image placeholder",OK,,
2836,"ALMOFADA CERV. 28X27CM 2866-122 CX30",1.60,EXCLU,"prix < 80 € ; aucune image ; image placeholder",OK,,
2837,"CABIDE ADESIVO C/2 GANCH 2972-005 CX144",0.80,EXCLU,"prix < 80 € ; aucune image ; image placeholder",OK,,
2838,"GANCHO 2PC 0,5X7,5X2,5 SK 2972-190",1.60,EXCLU,"prix < 80 € ; aucune image ; image placeholder",OK,,
2839,"CABIDE ADESIVO 2UN 2972-192 CX144",0.80,EXCLU,"prix < 80 € ; aucune image ; image placeholder",OK,,
2840,"SET FERRAMENTAS 5 PCS  2973-005 CX80 (Q12)",1.60,EXCLU,"prix < 80 € ; aucune image ; image placeholder",OK,,
2841,"SET FERRAMENTAS 4 PCS  2973-009 CX100 (Q12)",1.60,EXCLU,"prix < 80 € ; aucune image ; image placeholder",OK,,
2842,"SET FERRAMENTAS 5 PCS  2973-010 CX90 (Q12)",1.60,EXCLU,"prix < 80 € ; aucune image ; image placeholder",OK,,
2843,"ARRANHADOR P/GATOS 2525-000B CX20(Q2)",4.00,EXCLU,"prix < 80 € ; aucune image ; image placeholder",OK,,
2844,"ARRANHADOR P/GATOS 2525-000D (Q2)",4.00,EXCLU,"prix < 80 € ; aucune image ; image placeholder",OK,,
2845,"ARRANHADOR P/GATOS 2525-002B (Q2)",12.00,EXCLU,"prix < 80 € ; aucune image ; hors stock ; image placeholder",OK,,
2846,"SACO P/ROUPA 50X60 1838-601-02 CX240",0.80,EXCLU,"prix < 80 € ; aucune image ; image placeholder",OK,,
2847,"SACO P/ROUPA 13X16CM 1838-602-01 CX120",1.60,EXCLU,"prix < 80 € ; aucune image ; image placeholder",OK,,
2848,"COLEIRA ANIMAIS CORES 1937-057-01 CX144",0.80,EXCLU,"prix < 80 € ; aucune image ; image placeholder",OK,,
2849,"COLEIRA C/GUIZO/LENÇO 1937-059-1.3 CX144",0.80,EXCLU,"prix < 80 € ; aucune image ; image placeholder",OK,,
2850,"SACO ECON.ESPAÇO 60X80 1984-030-01 CX72",2.00,EXCLU,"prix < 80 € ; aucune image ; hors stock ; image placeholder",OK,,
2851,"ABRAÇADEIRA 2MM 75UN 1984-450-75 CX480",0.80,EXCLU,"prix < 80 € ; aucune image ; image placeholder",OK,,
2852,"PORTA TALHERES 10X16.5CM",1.60,EXCLU,"prix < 80 € ; aucune image ; image placeholder",OK,,
2853,"SET 3 PEÇAS FACAS CORTE SK-C-804-424",0.80,EXCLU,"prix < 80 € ; aucune image ; image placeholder",OK,,
2854,"SACO ARRUMAÇÃO 75X40X30CM SK-C 804-529 CX48(Q12)20***2€",2.00,EXCLU,"prix < 80 € ; aucune image ; hors stock ; image placeholder",OK,,
2855,"GARRAFA MOTIV 700ML SK-C-804-531",1.60,EXCLU,"prix < 80 € ; aucune image ; image placeholder",OK,,
2856,"SET3 GARRAFAS MOTIV SK-C-804-532",4.00,EXCLU,"prix < 80 € ; aucune image ; image placeholder",OK,,
2857,"CONJ. WC 3PÇ CINZA SK-C 804-557",1.60,EXCLU,"prix < 80 € ; aucune image ; image placeholder",OK,,
2858,"BALDE LIXO 8L SK-C 804-558",1.60,EXCLU,"prix < 80 € ; aucune image ; image placeholder",OK,,
2859,"BRINQ ANIMAL 15CM SKPA 837-352 CX24 (Q12)",1.60,EXCLU,"prix < 80 € ; aucune image ; image placeholder",OK,,
2860,"CASA GATOS 2AND 35.5X69",8.00,EXCLU,"prix < 80 € ; aucune image ; image placeholder",OK,,
2861,"X-ACTO SX769N CX144 (Q12)",1.60,EXCLU,"prix < 80 € ; aucune image ; image placeholder",OK,,
2862,"X-ACTO SX18T-10 CX144 (Q24)",0.80,EXCLU,"prix < 80 € ; aucune image ; image placeholder",OK,,
2863,"X-ACTO SX9T-10 CX240 (Q24)",0.80,EXCLU,"prix < 80 € ; aucune image ; image placeholder",OK,,
2864,"TOALHA MESA 140X220 2720-001A 01 CX24",8.00,EXCLU,"prix < 80 € ; aucune image ; image placeholder",OK,,
2865,"TOALHA MESA 140X220 2720-001B-01 CX24",8.00,EXCLU,"prix < 80 € ; aucune image ; image placeholder",OK,,
2866,"FITA COLA CAST 4,8CMX60M 2796001-060 CX72",1.00,EXCLU,"prix < 80 € ; aucune image ; hors stock ; image placeholder",OK,,
2867,"FITA ANTIDERRAP AMR/PRT 5CMXM 2796086-A01 CX72(Q6)***2€",1.60,EXCLU,"prix < 80 € ; aucune image ; image placeholder",OK,,
2868,"FITA ANTIDERRAP PRT 5CMX5M 2796086-B01",1.60,EXCLU,"prix < 80 € ; aucune image ; image placeholder",OK,,
2869,"FELTRO ADES CINZA 9X4 2796201-01A CX192",0.80,EXCLU,"prix < 80 € ; aucune image ; image placeholder",OK,,
2870,"FELTRO PROT RED PRT  2796300-20A CX240 (Q12)",0.80,EXCLU,"prix < 80 € ; aucune image ; image placeholder",OK,,
2871,"ABRAÇ PRT 30 UN  2796801B-25 CX144",0.80,EXCLU,"prix < 80 € ; aucune image ; image placeholder",OK,,
2872,"COLA EXTRA FORTE POWER +GLUE 10GR (Q12)",1.00,EXCLU,"prix < 80 € ; aucune image ; hors stock ; image placeholder",OK,,
2873,"NOVA Set de Jardim",349.00,INCLUS,,MÉDIO,"description nettoyée",827
2878,"EXPORT -  CANTO METRO/LINEAR PVC 23X0,8  ANTRACITA",1.50,EXCLU,"prix < 80 € ; aucune image ; image placeholder",OK,,
2879,"EXPORT -  CANTO METRO/LINEAR PVC 23X0,8  BLANCO TITANIO",1.50,EXCLU,"prix < 80 € ; aucune image ; image placeholder",OK,,
2880,"EXPORT -  CANTO METRO/LINEAR PVC 23X0,8  ROBLE-TAUROS",1.50,EXCLU,"prix < 80 € ; aucune image ; image placeholder",OK,,
2887,"EXPORT -  LATERAL 700X355 MM ANTRACITA",15.00,EXCLU,"prix < 80 € ; aucune image ; image placeholder",OK,,
2888,"EXPORT -  LATERAL 700X355 MM BLANCO-TITANIO",15.00,EXCLU,"prix < 80 € ; aucune image ; image placeholder",OK,,
2889,"EXPORT -  LATERAL 700X355 MM ROBLE-TAUROS",15.00,EXCLU,"prix < 80 € ; aucune image ; image placeholder",OK,,
2904,"Export - Móvel Baixo Cocina 70X180X60 Antracita",159.00,EXCLU,"éligible non inclus (au-delà de la cible)",MÉDIO,"titre normalisé (casse), description nettoyée",
2905,"Export - Móvel Baixo Cocina 70X180X60 Blanco-Titanio",159.00,EXCLU,"éligible non inclus (au-delà de la cible)",MÉDIO,"titre normalisé (casse), description nettoyée",
2906,"Export - Móvel Baixo Cocina 70X180X60 Roble-Tauros",159.00,EXCLU,"éligible non inclus (au-delà de la cible)",MÉDIO,"titre normalisé (casse), description nettoyée",
2910,"Export - Móvel Coluna Despe 200X60X60 Antracita",229.00,EXCLU,"éligible non inclus (au-delà de la cible)",MÉDIO,"titre normalisé (casse), description nettoyée",
2919,"FLO 1625 Mesa de Jantar",509.00,EXCLU,"hors stock",OK,,
2920,"FLO 1625 Painel TV",399.00,EXCLU,"hors stock",OK,,
2921,"FLO 1625 Mesa de Centro",279.00,EXCLU,"hors stock",OK,,
2925,"CONJ 2 SUBLINHADORES BIC AMARELO NEON",1.60,EXCLU,"prix < 80 € ; aucune image ; image placeholder",OK,,
2926,"BANCO MULTIUSO 26X26X47",1.60,EXCLU,"prix < 80 € ; aucune image ; image placeholder",OK,,
2927,"BANCO MULTIUSOS 26X26X47CM CINZA (Q12)",1.60,EXCLU,"prix < 80 € ; aucune image ; image placeholder",OK,,
2928,"BANCO MULTIUSO 26X26X47",1.60,EXCLU,"prix < 80 € ; aucune image ; image placeholder",OK,,
2929,"ALUQUETE 30MM LONGO 1143-600-25",0.80,EXCLU,"prix < 80 € ; aucune image ; image placeholder",OK,,
2930,"ESPONJA BANHO 2X30GR. 201-110-30 CX72 (Q12)",0.80,EXCLU,"prix < 80 € ; aucune image ; image placeholder",OK,,
2931,"PORTA LAPIS 10.5X8CM 202-910 CX144 (Q12)",0.80,EXCLU,"prix < 80 € ; aucune image ; image placeholder",OK,,
2932,"BLOCO NOTAS A5 200P 206-020-01",1.60,EXCLU,"prix < 80 € ; aucune image ; image placeholder",OK,,
2933,"EXTENSAO 3M C/4 TOMADAS+ INT HY-1114P CX25",10.00,EXCLU,"prix < 80 € ; aucune image ; hors stock ; image placeholder",OK,,
2934,"ELASTICO 20UN 4 207-139-C CX288 (Q12)",0.80,EXCLU,"prix < 80 € ; aucune image ; image placeholder",OK,,
2935,"QUADRO PRETO C/GIZ + AP. 2373-251(Q12)",1.60,EXCLU,"prix < 80 € ; aucune image ; image placeholder",OK,,
2936,"TAPETE ANTIDESLIZ.40X60CM 2449-004 CX50)(Q12)",2.40,EXCLU,"prix < 80 € ; aucune image ; image placeholder",OK,,
2937,"ESCOVA CABELO 2714-014 CX240",1.60,EXCLU,"prix < 80 € ; aucune image ; image placeholder",OK,,
2938,"PLASTICINA 12COR C/MOLDE 2724-500",0.80,EXCLU,"prix < 80 € ; aucune image ; image placeholder",OK,,
2939,"ALICATE CUTICULAS 2816-021 CX120",1.60,EXCLU,"prix < 80 € ; aucune image ; image placeholder",OK,,
2940,"SET 2 LIMAS UNHAS  2816-032 CX240",0.80,EXCLU,"prix < 80 € ; aucune image ; image placeholder",OK,,
2941,"ESTOJO ESCOLAR 2906-000 CX288 (Q12)",1.60,EXCLU,"prix < 80 € ; aucune image ; image placeholder",OK,,
2942,"ESTOJO ESCOLAR 2906-001 CX288",1.60,EXCLU,"prix < 80 € ; aucune image ; image placeholder",OK,,
2943,"MOCHILA 31X23,5X12 CM SK 2909-000",8.00,EXCLU,"prix < 80 € ; aucune image ; image placeholder",OK,,
2944,"TELA PINTAR 18,5X13,2CM 2914-002 CX360",1.00,EXCLU,"prix < 80 € ; aucune image ; hors stock ; image placeholder",OK,,
2945,"PELUCHE 13CM 2920-001 CX180 (Q12)",1.60,EXCLU,"prix < 80 € ; aucune image ; image placeholder",OK,,
2946,"PELUCHE 20CM 2920-003 CX180 (Q12)",1.60,EXCLU,"prix < 80 € ; aucune image ; image placeholder",OK,,
2947,"PELUCHE 24CM 2920-004 CX180",1.60,EXCLU,"prix < 80 € ; aucune image ; image placeholder",OK,,
2948,"PELUCHE 18CM 2920-005 CX180",1.60,EXCLU,"prix < 80 € ; aucune image ; image placeholder",OK,,
2949,"PELUCHE 18CM 2920-006 CX180",1.60,EXCLU,"prix < 80 € ; aucune image ; image placeholder",OK,,
2950,"TIGELA 15,5CM 2955-102 CX44",0.80,EXCLU,"prix < 80 € ; aucune image ; image placeholder",OK,,
2951,"CABIDE ADESIVO 2 UDS 2972-004 CX144",0.80,EXCLU,"prix < 80 € ; aucune image ; image placeholder",OK,,
2952,"FRITADEIRA C/REDE 24CM 428-200-24 CX12",9.60,EXCLU,"prix < 80 € ; aucune image ; image placeholder",OK,,
2953,"CONJ.TALHERES 24PC 1828-051-24 CX24",10.00,EXCLU,"prix < 80 € ; aucune image ; image placeholder",OK,,
2954,"COMEDOURO AÇO 18CM 1937-156-18 CX100",1.60,EXCLU,"prix < 80 € ; aucune image ; image placeholder",OK,,
2955,"PORTA DOC. 15 UDS SK 1967-780-15 CX144",0.80,EXCLU,"prix < 80 € ; aucune image ; image placeholder",OK,,
2956,"SERTÃ ANTIADERENTE 18CM 2369-033-18",4.00,EXCLU,"prix < 80 € ; aucune image ; image placeholder",OK,,
2957,"TELA P/PINTAR 15X20X1.2CM",1.60,EXCLU,"prix < 80 € ; aucune image ; image placeholder",OK,,
2958,"CANETA ARCO-IRIS 6UN 2556-053-06 CX288",0.80,EXCLU,"prix < 80 € ; aucune image ; image placeholder",OK,,
2959,"PIONES METAL DRD 100UN 2681-705-01 CX144 (Q12)",0.80,EXCLU,"prix < 80 € ; aucune image ; image placeholder",OK,,
2960,"FELTRO PROT RECT PRT  2796303-42 CX240",0.80,EXCLU,"prix < 80 € ; aucune image ; image placeholder",OK,,
2961,"MOCHILA 31X23,5X12 CM SK 2909-000-01",8.00,EXCLU,"prix < 80 € ; aucune image ; image placeholder",OK,,
2962,"TELEF DUCHE 1FUNCAO+MANG+SUP",5.00,EXCLU,"prix < 80 € ; aucune image ; hors stock ; image placeholder",OK,,
2963,"CONJ. 6 COPOS MYGLASS 230ML",2.00,EXCLU,"prix < 80 € ; aucune image ; hors stock ; image placeholder",OK,,
2964,"CONCHA SOPA SK-C-804-405",0.80,EXCLU,"prix < 80 € ; aucune image ; image placeholder",OK,,
2965,"ESPATULA COZINHA SK-C-804-406",0.80,EXCLU,"prix < 80 € ; aucune image ; image placeholder",OK,,
2966,"COLHER ESPARGUETE SK-C-804-407",0.80,EXCLU,"prix < 80 € ; aucune image ; image placeholder",OK,,
2967,"RALADOR 26X5.8CM SK-C-804-410",0.80,EXCLU,"prix < 80 € ; aucune image ; image placeholder",OK,,
2968,"CONJ 3 FACAS SK-C-804-426",1.60,EXCLU,"prix < 80 € ; aucune image ; image placeholder",OK,,
2969,"DISPENSADOR SABAO B/P SK-C 804-504",1.60,EXCLU,"prix < 80 € ; aucune image ; image placeholder",OK,,
2970,"ESCORREDOR LOUÇA 43X29X12,5CM",8.00,EXCLU,"prix < 80 € ; aucune image ; image placeholder",OK,,
2971,"FACA COZINHA 8,3CM SK-C-804-537",0.80,EXCLU,"prix < 80 € ; aucune image ; image placeholder",OK,,
2972,"FACA COZINHA 12CM SK-C-804-538",0.80,EXCLU,"prix < 80 € ; aucune image ; image placeholder",OK,,
2973,"FACA PAO 20CM SK-C-804-539",1.60,EXCLU,"prix < 80 € ; aucune image ; image placeholder",OK,,
2974,"FACA 19CM SK-C-804-540",1.60,EXCLU,"prix < 80 € ; aucune image ; image placeholder",OK,,
2975,"FACA CUTELO 17,7CM SK-C-804-541",1.60,EXCLU,"prix < 80 € ; aucune image ; image placeholder",OK,,
2976,"FACA APARAR 8,2CM SK-C-804-542",0.80,EXCLU,"prix < 80 € ; aucune image ; image placeholder",OK,,
2977,"FACA COZINHA 12,7CM SK-C-804-543",0.80,EXCLU,"prix < 80 € ; aucune image ; image placeholder",OK,,
2978,"FACA PAO 20CM SK-C-804-544",1.60,EXCLU,"prix < 80 € ; aucune image ; image placeholder",OK,,
2979,"FACA COZINHA 20CM SK-C-804-545",1.60,EXCLU,"prix < 80 € ; aucune image ; image placeholder",OK,,
2980,"FACA CUTELO 20CM SK-C-804-546",1.60,EXCLU,"prix < 80 € ; aucune image ; image placeholder",OK,,
2981,"CONJ 3 FACAS COZINHA SK-C-804-547",1.60,EXCLU,"prix < 80 € ; aucune image ; image placeholder",OK,,
2982,"CONJ 2 FACAS 8,3CM SK-C-804-548",1.00,EXCLU,"prix < 80 € ; aucune image ; hors stock ; image placeholder",OK,,
2983,"CONJ 2 FACAS 12CM SK-C-804-549",1.00,EXCLU,"prix < 80 € ; aucune image ; hors stock ; image placeholder",OK,,
2984,"CONJ FACA+GARFO SK-C-804-550",1.60,EXCLU,"prix < 80 € ; aucune image ; image placeholder",OK,,
2985,"ESCOVA NAIL E COLAR 0105-53 CX48 (Q12)",0.80,EXCLU,"prix < 80 € ; aucune image ; image placeholder",OK,,
2986,"SALVAUNHAS 5UNI 9X7X4CM",0.80,EXCLU,"prix < 80 € ; aucune image ; image placeholder",OK,,
2987,"FELTRO PROT QUAD PRT  2796301-20A CX240",0.80,EXCLU,"prix < 80 € ; aucune image ; image placeholder",OK,,
2988,"CANETA GEL 2898-001-02 CX432",1.60,EXCLU,"prix < 80 € ; aucune image ; image placeholder",OK,,
2989,"CANETA GEL 2898-001-05 CX432",1.60,EXCLU,"prix < 80 € ; aucune image ; image placeholder",OK,,
2990,"CANETA GEL 2898-001 CX432",1.60,EXCLU,"prix < 80 € ; aucune image ; image placeholder",OK,,
2991,"PLASTICO CAIXA ORGANIZADOR 148257 (Q12)",0.80,EXCLU,"prix < 80 € ; aucune image ; image placeholder",OK,,
2992,"VELA PERFUMADA COPO ALOE VERA 27274",0.80,EXCLU,"prix < 80 € ; aucune image ; image placeholder",OK,,
2993,"PORTA SABONETE L-00147 CX36(Q18)",0.80,EXCLU,"prix < 80 € ; aucune image ; image placeholder",OK,,
2994,"COPO PLASTICO C/TAMPA/COLHER L00812",1.60,EXCLU,"prix < 80 € ; aucune image ; image placeholder",OK,,
2995,"CAIXA HERMETICA 2,4L RECT ASD066 CX24",2.00,EXCLU,"prix < 80 € ; aucune image ; hors stock ; image placeholder",OK,,
2996,"PORTA FOTOS 10X15 2336-003 CX96",1.60,EXCLU,"prix < 80 € ; aucune image ; image placeholder",OK,,
2997,"PORTA FOTOS 10X15 2336-004 CX96",1.60,EXCLU,"prix < 80 € ; aucune image ; image placeholder",OK,,
2998,"PORTA FOTOS 10X15 2336-005 CX72",1.60,EXCLU,"prix < 80 € ; aucune image ; image placeholder",OK,,
2999,"PORTA FOTOS MDF 10X15 2422-053 CX24",1.60,EXCLU,"prix < 80 € ; aucune image ; image placeholder",OK,,
3000,"PORTA FOTOS MDF 10X15 2422-054 CX24",1.60,EXCLU,"prix < 80 € ; aucune image ; image placeholder",OK,,
3001,"CANDEEIRA0 MESA 40X14CM",9.60,EXCLU,"prix < 80 € ; aucune image ; image placeholder",OK,,
3002,"CANDEEIRO MESA 2552-015",8.00,EXCLU,"prix < 80 € ; aucune image ; image placeholder",OK,,
3003,"CANDEEIRO MESA 2552-028",8.00,EXCLU,"prix < 80 € ; aucune image ; image placeholder",OK,,
3004,"CANDEEIRO MESA 2552-031",8.00,EXCLU,"prix < 80 € ; aucune image ; image placeholder",OK,,
3005,"PORTA FOTOS 15X20 2336-003-01 CX48",1.60,EXCLU,"prix < 80 € ; aucune image ; image placeholder",OK,,
3006,"PORTA FOTOS MDF 13X18 2422-054-01 CX24",1.60,EXCLU,"prix < 80 € ; aucune image ; image placeholder",OK,,
3007,"FIGURA MULHER C/SOMBRINHA 43CM",12.00,EXCLU,"prix < 80 € ; aucune image ; hors stock ; image placeholder",OK,,
3008,"FIGURA MULHER 43CM HY14-118TE",9.60,EXCLU,"prix < 80 € ; aucune image ; image placeholder",OK,,
3009,"FIGURA MULHER 40CM HY7346WE",9.60,EXCLU,"prix < 80 € ; aucune image ; image placeholder",OK,,
3010,"BUDA S/4 15K3050S",9.60,EXCLU,"prix < 80 € ; aucune image ; image placeholder",OK,,
3011,"FIGURA HOMEM 48CM 16899W (Q4)",12.00,EXCLU,"prix < 80 € ; aucune image ; hors stock ; image placeholder",OK,,
3012,"PERA DECORATIVA WA251867 (Q4)",9.60,EXCLU,"prix < 80 € ; aucune image ; image placeholder",OK,,
3013,"MAÇA DECORATIVA WA251868 (Q4)",9.60,EXCLU,"prix < 80 € ; aucune image ; image placeholder",OK,,
3014,"PERA DECORATIVA WA251881 35CM (Q4)",9.60,EXCLU,"prix < 80 € ; aucune image ; image placeholder",OK,,
3015,"MAÇA DECORATIVA WA251828 (Q4)",9.60,EXCLU,"prix < 80 € ; aucune image ; image placeholder",OK,,
3016,"ELEFANTE 30CM 815-87374 (Q6)",12.00,EXCLU,"prix < 80 € ; aucune image ; hors stock ; image placeholder",OK,,
3017,"FIGURA AFRICANA 29CM 815-00585-1 (Q4)",9.60,EXCLU,"prix < 80 € ; aucune image ; image placeholder",OK,,
3018,"BUDA 48CM 815-96759 (Q4)",9.60,EXCLU,"prix < 80 € ; aucune image ; image placeholder",OK,,
3019,"FIGURA MULHER 40.5CM HYX1923CO (Q4)",9.60,EXCLU,"prix < 80 € ; aucune image ; image placeholder",OK,,
3020,"FIG. BAILARINA 32.5CM HYD16-10504-2CY",12.00,EXCLU,"prix < 80 € ; aucune image ; hors stock ; image placeholder",OK,,
3021,"FIG. BAILARINA 24.5CM HYD19-10505-2CY",9.60,EXCLU,"prix < 80 € ; aucune image ; image placeholder",OK,,
3022,"FIG. BAILARINA 26.5CM HYD19-10507-2CY",9.60,EXCLU,"prix < 80 € ; aucune image ; image placeholder",OK,,
3023,"FIGURA MULHER HYX19231YW (Q4)",9.60,EXCLU,"prix < 80 € ; aucune image ; image placeholder",OK,,
3024,"BUDA 30CM QMR6064-F2",12.00,EXCLU,"prix < 80 € ; aucune image ; hors stock ; image placeholder",OK,,
3025,"BUSTO BUDA 41CM NY9352800",12.00,EXCLU,"prix < 80 € ; aucune image ; hors stock ; image placeholder",OK,,
3026,"MAO PORCELANA 23CM",9.60,EXCLU,"prix < 80 € ; aucune image ; image placeholder",OK,,
3027,"BUDA 22X10X29CM 22082Q5 (Q4)",12.00,EXCLU,"prix < 80 € ; aucune image ; hors stock ; image placeholder",OK,,
3028,"BUDA 21X11X29CM 21492R (Q4)",12.00,EXCLU,"prix < 80 € ; aucune image ; hors stock ; image placeholder",OK,,
3029,"JARRA PORC. 25CM ZE2G124-10",9.60,EXCLU,"prix < 80 € ; aucune image ; image placeholder",OK,,
3030,"JARRA PORC. 20.5CM ZE3G124-8",9.60,EXCLU,"prix < 80 € ; aucune image ; image placeholder",OK,,
3031,"JARRA PORC. 30.5CM ZE1G124-12",9.60,EXCLU,"prix < 80 € ; aucune image ; image placeholder",OK,,
3032,"JARRA PORCELANA 30.5CM CTE223J312-12",12.00,EXCLU,"prix < 80 € ; aucune image ; hors stock ; image placeholder",OK,,
3033,"JARRA PORCELANA 25CM CTE223J312-10",9.60,EXCLU,"prix < 80 € ; aucune image ; image placeholder",OK,,
3034,"CESTO PORCELANA 23CM CC7J312-9",9.60,EXCLU,"prix < 80 € ; aucune image ; hors stock ; image placeholder",OK,,
3035,"CESTO PORCELANA 30.5CM CQ114J312-142",9.60,EXCLU,"prix < 80 € ; aucune image ; image placeholder",OK,,
3036,"JARRA PORCELANA 34.5CM CTE227J312-13.5",12.00,EXCLU,"prix < 80 € ; aucune image ; hors stock ; image placeholder",OK,,
3037,"BUDA DEC 21X10.5X28CM 2577-200-28A CX12",9.60,EXCLU,"prix < 80 € ; aucune image ; image placeholder",OK,,
3038,"BOLEIRA RETANGULAR L-00587-2 CX6",4.00,EXCLU,"prix < 80 € ; aucune image ; image placeholder",OK,,
3039,"BOLEIRA RECTANGULAR L-00587-3 CX6",5.00,EXCLU,"prix < 80 € ; aucune image ; hors stock ; image placeholder",OK,,
3040,"BEISBOL Sofá Cama",239.00,INCLUS,,MÉDIO,"description nettoyée",282
3041,"CONJ 4 CANETAS BIC BU3 GRIP PRETA",1.60,EXCLU,"prix < 80 € ; aucune image ; image placeholder",OK,,
3042,"CONJ 4 CANETAS BIC BU3 GRIP AZUL",1.60,EXCLU,"prix < 80 € ; aucune image ; image placeholder",OK,,
3043,"CANETAS BIC CRISTAL UP 4UN AZUL",1.60,EXCLU,"prix < 80 € ; aucune image ; image placeholder",OK,,
3044,"CAIXA MULTIUSOS 48L WB48",12.00,EXCLU,"prix < 80 € ; aucune image ; image placeholder",OK,,
3045,"ROLO PINTOR ALG. 1143-020-17 CX100",2.00,EXCLU,"prix < 80 € ; aucune image ; hors stock ; image placeholder",OK,,
3046,"BRINQ. P/ANIMAIS 1937-438B CX144 (Q12)",0.80,EXCLU,"prix < 80 € ; aucune image ; image placeholder",OK,,
3047,"BLOCO NOTAS ADESIV 60F 202-766 CX288",0.80,EXCLU,"prix < 80 € ; aucune image ; image placeholder",OK,,
3048,"PULVERIZADOR AZEITE 100ML 203-166 CX100",1.60,EXCLU,"prix < 80 € ; aucune image ; image placeholder",OK,,
3049,"BOLSA COSM 25,5X8,5X15,5CM 206-016 CX240",1.60,EXCLU,"prix < 80 € ; aucune image ; image placeholder",OK,,
3050,"CALÇADOR / COÇADOR 202-632-01",0.80,EXCLU,"prix < 80 € ; aucune image ; image placeholder",OK,,
3051,"SET DISP.BEBIDA+4CP 3.8L 203-101-J CX24",12.00,EXCLU,"prix < 80 € ; aucune image ; image placeholder",OK,,
3052,"BRINQUEDO P/ANIMAIS 639-044",0.80,EXCLU,"prix < 80 € ; aucune image ; image placeholder",OK,,
3053,"NECESSAIRE 1178-118 (CX120) (Q12)",1.60,EXCLU,"prix < 80 € ; aucune image ; image placeholder",OK,,
3054,"TESOURA INFANTIL 13,8CM 1565--114 CX480 (Q12)",0.80,EXCLU,"prix < 80 € ; aucune image ; image placeholder",OK,,
3055,"PROTETOR PULSO NYLON 1570-022 CX240",1.60,EXCLU,"prix < 80 € ; aucune image ; image placeholder",OK,,
3056,"PROTET. TORNOZELO NYLON 1570-029 CX240",1.60,EXCLU,"prix < 80 € ; aucune image ; image placeholder",OK,,
3057,"BLOCO DE NOTAS B6 1595-631 CX72",1.60,EXCLU,"prix < 80 € ; aucune image ; image placeholder",OK,,
3058,"ESCOVA ANIMAIS 1937-605 CX120",1.60,EXCLU,"prix < 80 € ; aucune image ; image placeholder",OK,,
3059,"SET DISP.BEBIDA+4CP  3.8L 203-101-D CX24",12.00,EXCLU,"prix < 80 € ; aucune image ; image placeholder",OK,,
3060,"SET DISP.BEBIDA+4CP 3.8L 203-101-E CX24",15.00,EXCLU,"prix < 80 € ; aucune image ; hors stock ; image placeholder",OK,,
3061,"SET DISP.BEBIDA+4CP 3.8L 203-101-F CX24",12.00,EXCLU,"prix < 80 € ; aucune image ; image placeholder",OK,,
3062,"COLHER COZINHA BAMBU 30CM 2375-001 CX120(Q12)",1.00,EXCLU,"prix < 80 € ; aucune image ; hors stock ; image placeholder",OK,,
3063,"CAPA TABUA PASSAR 50X140 SK 2448-052",1.60,EXCLU,"prix < 80 € ; aucune image ; hors stock ; image placeholder",OK,,
3064,"PLASTICINA 12COR C/MOLDE 2724-501",1.00,EXCLU,"prix < 80 € ; aucune image ; hors stock ; image placeholder",OK,,
3065,"CAIXA MEDICAMENTOS 2784-001 CX480",0.80,EXCLU,"prix < 80 € ; aucune image ; image placeholder ; catégorie restreinte Google","RISCO ELEVADO",,
3066,"PORTA PASSAPORTE 9,8X14CM 2866-000 CX360 (Q12)",1.60,EXCLU,"prix < 80 € ; aucune image ; image placeholder",OK,,
3067,"PORTA PASSAPORTE 9,8X14CM 2866-001 CX360 (Q12)",1.60,EXCLU,"prix < 80 € ; aucune image ; image placeholder",OK,,
3068,"ETIQUETA BAG. 11X7CM2866-002 CX360 (Q12)",1.60,EXCLU,"prix < 80 € ; aucune image ; image placeholder",OK,,
3069,"MASCARA OLHOS 22,5X9CM 2866-100 CX240 (Q12)",0.80,EXCLU,"prix < 80 € ; aucune image ; image placeholder",OK,,
3070,"ALMOFADA INSUF. 24X38CM 2866-101 CX240 (Q12)",1.60,EXCLU,"prix < 80 € ; aucune image ; image placeholder",OK,,
3071,"ALMOFADA INSUF. 39X34CM 2866-104 CX240 (Q12)",1.60,EXCLU,"prix < 80 € ; aucune image ; image placeholder",OK,,
3072,"NECESSAIRE MINI 8X3CM 2866-500 CX360 (Q12)",0.80,EXCLU,"prix < 80 € ; aucune image ; image placeholder",OK,,
3073,"BOLSA CABOS 20X15CM 2866-520 CX240 (Q12)",1.60,EXCLU,"prix < 80 € ; aucune image ; image placeholder",OK,,
3074,"BOLSA PRIM.SOCORRO 15X11,5CM",1.60,EXCLU,"prix < 80 € ; aucune image ; image placeholder",OK,,
3075,"SUPORTE TELEMOVEL 12X7CM 2866-600 CX240 (Q12)",1.60,EXCLU,"prix < 80 € ; aucune image ; image placeholder",OK,,
3076,"BASE TACHOS 21,8CM 2971-400 CX144",0.80,EXCLU,"prix < 80 € ; aucune image ; image placeholder",OK,,
3077,"CABIDE ADESIVO 3 UDS 2972-001 CX144",0.80,EXCLU,"prix < 80 € ; aucune image ; image placeholder",OK,,
3078,"PALMILHAS ERGON. 41-46 414-511-B",0.80,EXCLU,"prix < 80 € ; aucune image ; image placeholder",OK,,
3079,"CORTINA 140X260 2620-001F CX40",15.00,EXCLU,"prix < 80 € ; aucune image ; hors stock ; image placeholder",OK,,
3080,"MOLAS ROUPA PACK 24",0.80,EXCLU,"prix < 80 € ; aucune image ; hors stock ; image placeholder",OK,,
3081,"ESCOVA SAPATOS 1451-001-V CX240",0.80,EXCLU,"prix < 80 € ; aucune image ; image placeholder",OK,,
3082,"BLOCO DE NOTAS A6 1595-101-01 CX144",1.60,EXCLU,"prix < 80 € ; aucune image ; image placeholder",OK,,
3083,"CANETA ESF 10UN 14CM 2556-011-10 CX288",0.80,EXCLU,"prix < 80 € ; aucune image ; image placeholder",OK,,
3084,"PINCEL 6UN 20CM 2679-000-01 CX480",0.80,EXCLU,"prix < 80 € ; aucune image ; image placeholder",OK,,
3085,"ROLO ARAME 1,2 X25M  2796451-25 CX96",0.80,EXCLU,"prix < 80 € ; aucune image ; image placeholder",OK,,
3086,"CADEADO 30MM LONGO  2822-002-30 CX288 (Q12)",1.60,EXCLU,"prix < 80 € ; aucune image ; image placeholder",OK,,
3087,"MOCHILA 32X25X8CM 2916-000-04 CX60",12.00,EXCLU,"prix < 80 € ; aucune image ; image placeholder",OK,,
3088,"CABIDE ADS 2UN 5,5X8,1 SK",1.60,EXCLU,"prix < 80 € ; aucune image ; image placeholder",OK,,
3089,"CABIDE ADS 3UN 4,5X7 SK 2972-002-02",1.60,EXCLU,"prix < 80 € ; aucune image ; image placeholder",OK,,
3090,"TELEF DUCHE 1FUNCAO+MANG+SUP",4.00,EXCLU,"prix < 80 € ; aucune image ; image placeholder",OK,,
3091,"PANO COZINHA 38X64 CM 3036-101-02",0.80,EXCLU,"prix < 80 € ; aucune image ; image placeholder",OK,,
3092,"PALMILHA ANTI-ODOR36-46 414-304-02B",0.80,EXCLU,"prix < 80 € ; aucune image ; image placeholder",OK,,
3093,"PALMILHAS COURO 414-308-02B",0.80,EXCLU,"prix < 80 € ; aucune image ; image placeholder",OK,,
3094,"COLEIRA ANIMAL C/GUIZO 605-302-01A CX180",0.80,EXCLU,"prix < 80 € ; aucune image ; image placeholder",OK,,
3095,"CAIXA MULTIUSOS 300 PRIMAVERA (Q12)",12.00,EXCLU,"prix < 80 € ; aucune image ; image placeholder",OK,,
3096,"ESCOVA MIGALHAS MODELO CARRO 0105-52 CX48 (Q12) 20***1€",0.80,EXCLU,"prix < 80 € ; aucune image ; image placeholder",OK,,
3097,"SABONETE LIQ. F.VERMELHOS SK 500ML",0.80,EXCLU,"prix < 80 € ; aucune image ; image placeholder",OK,,
3098,"SABONETE LIQ. LEITE/MEL SK 500ML",0.80,EXCLU,"prix < 80 € ; aucune image ; image placeholder",OK,,
3099,"FORMA BOLO 24,4X14X4,5",1.60,EXCLU,"prix < 80 € ; aucune image ; image placeholder",OK,,
3100,"FORMA BOLO 26X4 SKPA-837-313",2.00,EXCLU,"prix < 80 € ; aucune image ; hors stock ; image placeholder",OK,,
3101,"COMEDOURO CERAMICA 12X4CM SKPA-837-370",1.60,EXCLU,"prix < 80 € ; aucune image ; image placeholder",OK,,
3102,"DISPENSADOR P/FITA COLA SKPA-837-454",1.60,EXCLU,"prix < 80 € ; aucune image ; image placeholder",OK,,
3103,"TABUA CORTE BAMBU 75X20X3,5 SKPA-837-536",12.00,EXCLU,"prix < 80 € ; aucune image ; image placeholder",OK,,
3104,"TABUA+3TAÇAS CERMICA SKPA-837-547",12.00,EXCLU,"prix < 80 € ; aucune image ; image placeholder",OK,,
3105,"GANCHOS C/VENTOSA 4UN SKPA-837-572",1.00,EXCLU,"prix < 80 € ; aucune image ; hors stock ; image placeholder",OK,,
3106,"PALMILHAS P/HOMEM SKPA-837-587 CX24",1.60,EXCLU,"prix < 80 € ; aucune image ; image placeholder",OK,,
3107,"PALMILHAS P/MULHER SKPA-837-588 CX24",1.60,EXCLU,"prix < 80 € ; aucune image ; image placeholder",OK,,
3108,"SET 5 CAIXAS PLT SKPA-837-611",0.80,EXCLU,"prix < 80 € ; aucune image ; image placeholder",OK,,
3109,"BRINQ. P/ANIMAL SKPA-837-613",1.60,EXCLU,"prix < 80 € ; aucune image ; image placeholder",OK,,
3110,"PANOS DE COZINHA MED: 50X50 REF:HAWAI (Q12)",0.80,EXCLU,"prix < 80 € ; aucune image ; image placeholder",OK,,
3111,"VELA ESPIRAL CITRONELA 10UN 820-93",1.60,EXCLU,"prix < 80 € ; aucune image ; image placeholder",OK,,
3112,"BRINQ. P/ANIMAIS 1937-439-04B CX240 (Q12)",0.80,EXCLU,"prix < 80 € ; aucune image ; image placeholder",OK,,
3113,"PULVERIZADOR 500ML 2630-785-550",1.00,EXCLU,"prix < 80 € ; aucune image ; hors stock ; image placeholder",OK,,
3114,"AGUARELAS 2456-301",0.80,EXCLU,"prix < 80 € ; aucune image ; image placeholder",OK,,
3115,"SAB. LIQ. ALGODAO 500ML CX6 (Q12)",0.80,EXCLU,"prix < 80 € ; aucune image ; image placeholder",OK,,
3116,"DEO SPRAY PES AGRADO",1.60,EXCLU,"prix < 80 € ; aucune image ; image placeholder",OK,,
3117,"APANHA MIGALHAS L-00420 CX24",1.60,EXCLU,"prix < 80 € ; aucune image ; image placeholder",OK,,
3118,"RODO PLASTICO 19CM TP-330 CX36",0.80,EXCLU,"prix < 80 € ; aucune image ; image placeholder",OK,,
3119,"ESCOVA P/MIGALHAS DUPLA ASD001 CX120 (Q12)",0.80,EXCLU,"prix < 80 € ; aucune image ; image placeholder",OK,,
3120,"ELEFANTE DEC 2559-004 CX20",12.00,EXCLU,"prix < 80 € ; aucune image ; image placeholder",OK,,
3121,"BUDA SENTADO 20X14X17.5CM 2577-500 CX12",12.00,EXCLU,"prix < 80 € ; aucune image ; hors stock ; image placeholder",OK,,
3122,"PORTA FOTOS 20X25 2336-003-02 CX36",1.60,EXCLU,"prix < 80 € ; aucune image ; image placeholder",OK,,
3123,"PORTA FOTOS 20X25 2336-004-02 CX36",1.60,EXCLU,"prix < 80 € ; aucune image ; image placeholder",OK,,
3124,"JARRA VIDRO 8X19CM 2407-300-03",1.60,EXCLU,"prix < 80 € ; aucune image ; image placeholder",OK,,
3125,"PORTA FOTOS PS 15X20 2422-009-01 CX24",1.60,EXCLU,"prix < 80 € ; aucune image ; image placeholder",OK,,
3126,"PORTA FOTOS PS 15X20 2422-010-01 CX24",1.60,EXCLU,"prix < 80 € ; aucune image ; image placeholder",OK,,
3127,"PORTA FOTOS 20X25CM MDF",1.60,EXCLU,"prix < 80 € ; aucune image ; image placeholder",OK,,
3128,"PORTA FOTOS 15X20CM MDF",1.60,EXCLU,"prix < 80 € ; aucune image ; image placeholder",OK,,
3129,"PORTA DIPLOMA MDF 2422-052-03",1.60,EXCLU,"prix < 80 € ; aucune image ; image placeholder",OK,,
3130,"PORTA FOTOS MDF 20X25 2422-053-02 CX24",1.60,EXCLU,"prix < 80 € ; aucune image ; image placeholder",OK,,
3131,"PORTA FOTOS 15X20CM MDF 2549-002-01",1.60,EXCLU,"prix < 80 € ; aucune image ; image placeholder",OK,,
3132,"BAILARINA DEC 25CM 2565-150-04 CX24",8.00,EXCLU,"prix < 80 € ; aucune image ; image placeholder",OK,,
3133,"BUDA 6CM NY1201300",10.00,EXCLU,"prix < 80 € ; aucune image ; hors stock ; image placeholder",OK,,
3134,"BUDA 53CM G02709D",12.00,EXCLU,"prix < 80 € ; aucune image ; image placeholder",OK,,
3135,"JARRA 24CM B603429",15.00,EXCLU,"prix < 80 € ; aucune image ; hors stock ; image placeholder",OK,,
3136,"FIGURA MULHER 24CM HY14-045W (Q4)",12.00,EXCLU,"prix < 80 € ; aucune image ; image placeholder",OK,,
3137,"FIGURA DECORTAIVA 32.5CM HY14-221W (Q4)",12.00,EXCLU,"prix < 80 € ; aucune image ; image placeholder",OK,,
3138,"FIGURA DEC. MULHER 39,8CM HY7347WE",12.00,EXCLU,"prix < 80 € ; aucune image ; image placeholder",OK,,
3139,"PORTA-VELAS S/4",12.00,EXCLU,"prix < 80 € ; aucune image ; image placeholder",OK,,
3140,"ELEFANTE 14914L2",12.00,EXCLU,"prix < 80 € ; aucune image ; image placeholder",OK,,
3141,"GAIOLA METAL 16AB1168 (Q6)",8.00,EXCLU,"prix < 80 € ; aucune image ; image placeholder",OK,,
3142,"LANTERNA C/VELA 8AB1551 (Q6)",12.00,EXCLU,"prix < 80 € ; aucune image ; image placeholder",OK,,
3143,"LANTERNA C/VELA 8AB1553 (Q6)",8.00,EXCLU,"prix < 80 € ; aucune image ; image placeholder",OK,,
3144,"FIGURA AFRICANA 29CM 815-00586-1 (Q4)",12.00,EXCLU,"prix < 80 € ; aucune image ; image placeholder",OK,,
3145,"BUDA25CM 815-67019 (Q4)",15.00,EXCLU,"prix < 80 € ; aucune image ; hors stock ; image placeholder",OK,,
3146,"FIGURA 29.5CM HYD17-10534YW (Q6)",15.00,EXCLU,"prix < 80 € ; aucune image ; hors stock ; image placeholder",OK,,
3147,"FIGURA 46 CM NY9442800B (Q4)",12.00,EXCLU,"prix < 80 € ; aucune image ; image placeholder",OK,,
3148,"FIGURA 30.5CM NY9442700 (Q4)",15.00,EXCLU,"prix < 80 € ; aucune image ; hors stock ; image placeholder",OK,,
3149,"ELEFANTE 23CM NY9152852",12.00,EXCLU,"prix < 80 € ; aucune image ; image placeholder",OK,,
3150,"BUDA 20.5X10X28CM 22085F3",12.00,EXCLU,"prix < 80 € ; aucune image ; image placeholder",OK,,
3151,"BUDA 12X10X34.5CM 21488R (Q4)",12.00,EXCLU,"prix < 80 € ; aucune image ; image placeholder",OK,,
3152,"FIGURA PORC. 25CM",12.00,EXCLU,"prix < 80 € ; aucune image ; image placeholder",OK,,
3153,"CATO PORCELANA 20.5CM CTK168J312-8",12.00,EXCLU,"prix < 80 € ; aucune image ; image placeholder",OK,,
3154,"BASE P/TACHOS 17CM SKPA-837-551 CX48 (Q12)",0.80,EXCLU,"prix < 80 € ; aucune image ; image placeholder",OK,,
3155,"VASO PLT RED 17X15CM 0428-0A",1.60,EXCLU,"prix < 80 € ; aucune image ; image placeholder",OK,,
3156,"VASO PLT 21X11,5X10,5 0428-04A",1.60,EXCLU,"prix < 80 € ; aucune image ; image placeholder",OK,,
3157,"VASO PLT RED 17X15CM 0428-01B",1.60,EXCLU,"prix < 80 € ; aucune image ; image placeholder",OK,,
3158,"VASO PLT QUAD 18X18X13CM 0428-05C",1.60,EXCLU,"prix < 80 € ; aucune image ; image placeholder",OK,,
3166,"FAMILY DS -   LATERAL DE MÓVEL WC 2 GAVETAS 506X425 MM  MEDIAVAL MEDIO",29.00,EXCLU,"prix < 80 € ; aucune image ; image placeholder",OK,,
3172,"FAMILY DS -   LATERAL DE MÓVEL WC 3 GAVETAS 759X425 MM  BLANCO MATE",39.00,EXCLU,"prix < 80 € ; aucune image ; image placeholder",OK,,
3179,"FAMILY DS -   LATERAL DE MÓVEL WC 3 GAVETAS 759X425 MM  ROBLE AURORA",39.00,EXCLU,"prix < 80 € ; aucune image ; image placeholder",OK,,
3183,"FAMILY DS -  MÓVEL ALTO WC 1380X248 MM. BLANCO MATE",39.00,EXCLU,"prix < 80 € ; aucune image ; image placeholder",OK,,
3199,"FAMILY DS -  FRENTE DE GAVETA 60CM 248X598 MM.  BLUSH",19.00,EXCLU,"prix < 80 € ; aucune image ; image placeholder",OK,,
3201,"FAMILY DS -  FRENTE DE GAVETA 60CM 248X598 MM.  GRIS DOVE",19.00,EXCLU,"prix < 80 € ; aucune image ; image placeholder",OK,,
3202,"FAMILY DS -  FRENTE DE GAVETA 60CM 248X598 MM.  MEDIAVAL MEDIO",19.00,EXCLU,"prix < 80 € ; aucune image ; image placeholder",OK,,
3211,"FAMILY DS -  FRENTE DE GAVETA 80CM 248X798 MM.  BLANCO MATE",29.00,EXCLU,"prix < 80 € ; aucune image ; image placeholder",OK,,
3221,"FAMILY DS -  MÓDULO WC 2 GAVETAS 60CM. BLANCO",159.00,EXCLU,"aucune image ; image placeholder",OK,,
3223,"FAMILY DS -  MÓDULO WC 3 GAVETAS 60CM.  BLANCO",249.00,EXCLU,"aucune image ; image placeholder",OK,,
3224,"FAMILY DS -  MÓDULO WC 3 GAVETAS 80CM.  BLANCO",269.00,EXCLU,"aucune image ; image placeholder",OK,,
3225,"FAMILY DS -  MÓDULO DE MÓVEL ALTO WC 138X34CM. BLANCO",89.00,EXCLU,"aucune image ; image placeholder",OK,,
3237,"FAMILY DS -  PORTA DE MÓVEL ALTO WC 1378X340 MM. GRIS DOVE",49.00,EXCLU,"prix < 80 € ; aucune image ; image placeholder",OK,,
3254,"HE 1113 Sofá Cama",189.00,INCLUS,,MÉDIO,"description nettoyée",475
3255,"SOL Sofá de Canto",1199.00,INCLUS,,MÉDIO,"description nettoyée",3
3256,"CABIDE METAL REDONDO 2UN B50193 (Q12)",1.00,EXCLU,"prix < 80 € ; aucune image ; image placeholder",OK,,
3257,"FITA PINTOR 60X25 MM B52616 CX6(Q12)",1.60,EXCLU,"prix < 80 € ; aucune image ; image placeholder",OK,,
3258,"COMEDOURO QUADRADO PEQ 16X14X5",1.00,EXCLU,"prix < 80 € ; aucune image ; image placeholder",OK,,
3259,"COMEDOURO QUADRADO MEDIO 19X17X5",1.00,EXCLU,"prix < 80 € ; aucune image ; image placeholder",OK,,
3260,"COMEDOURO DUPLO GRANDE 32X18X7",0.80,EXCLU,"prix < 80 € ; aucune image ; image placeholder",OK,,
3261,"COMEDOURO REDONDO DUPLO GRANDE",1.00,EXCLU,"prix < 80 € ; aucune image ; image placeholder",OK,,
3262,"CABIDE PL CAST 2 UDS 1155-305-02 CX48 (Q12)",2.00,EXCLU,"prix < 80 € ; aucune image ; image placeholder",OK,,
3263,"MEALHEIRO LATA 7,5X10 CM 1124-711 CX36",0.80,EXCLU,"prix < 80 € ; aucune image ; image placeholder",OK,,
3264,"MEALHEIRO LATA 7,5X10 CM 1124-713 CX36",0.80,EXCLU,"prix < 80 € ; aucune image ; image placeholder",OK,,
3265,"LANTERNA 1 LED 1557-026  CX600 (Q6)",1.60,EXCLU,"prix < 80 € ; aucune image ; image placeholder",OK,,
3266,"PORTA FOTOS PLS 10X15CM 1819-011 CX144 (Q12)",0.80,EXCLU,"prix < 80 € ; aucune image ; image placeholder",OK,,
3267,"PORTA FOTOS 15X20  1819-014 CX48 (Q12)",1.00,EXCLU,"prix < 80 € ; aucune image ; image placeholder",OK,,
3268,"BRINQ. ANIMAIS 1937-358 CX240",1.00,EXCLU,"prix < 80 € ; aucune image ; image placeholder",OK,,
3269,"ESCOVA LIMPA PRATOS 2341-500 CX120",0.80,EXCLU,"prix < 80 € ; aucune image ; image placeholder",OK,,
3270,"ESTOJO ESCOLAR SK 2371-012 CX120",2.00,EXCLU,"prix < 80 € ; aucune image ; image placeholder",OK,,
3271,"ESTOJO ESCOLAR 2371-031 CX312",2.00,EXCLU,"prix < 80 € ; aucune image ; image placeholder",OK,,
3272,"ESTENDAL C/12 MOLAS 2481-000",0.80,EXCLU,"prix < 80 € ; aucune image ; image placeholder",OK,,
3273,"BRINQ. P/ANIMAL 2535-051",2.00,EXCLU,"prix < 80 € ; aucune image ; image placeholder",OK,,
3274,"SABONETEIRA 2UN 2670-715 CX120 (Q12)",0.80,EXCLU,"prix < 80 € ; aucune image ; image placeholder",OK,,
3275,"PISTOLA COLAR 10W  2796150 CX72",3.00,EXCLU,"prix < 80 € ; aucune image ; image placeholder",OK,,
3276,"AGULHA ENCHER 8UN 2822-500 CX288",1.00,EXCLU,"prix < 80 € ; aucune image ; image placeholder",OK,,
3277,"ESFREG OURO/PRATA 4PC 1803-270-04",0.80,EXCLU,"prix < 80 € ; aucune image ; image placeholder",OK,,
3278,"PORTA FOTOS (4) 10X15CM 1819-120-01",0.80,EXCLU,"prix < 80 € ; aucune image ; image placeholder",OK,,
3279,"TAPETE HIG ANIMAL 60X60 5UN",1.60,EXCLU,"prix < 80 € ; aucune image ; image placeholder",OK,,
3280,"COMEDOURO AÇO 15CM 1937-156-15 CX100",1.00,EXCLU,"prix < 80 € ; aucune image ; image placeholder",OK,,
3281,"PORTA FOTOS 20X25CM",1.60,EXCLU,"prix < 80 € ; aucune image ; image placeholder",OK,,
3282,"PORTA FOTOS 15X20CM MDF",1.60,EXCLU,"prix < 80 € ; aucune image ; image placeholder",OK,,
3283,"PEITORAL + TRELA ANIMAL 2548-001-08 CX240(Q6)",2.40,EXCLU,"prix < 80 € ; aucune image ; image placeholder",OK,,
3284,"ESCOVA CABELO RECT. 2713-001-03 CX240",0.80,EXCLU,"prix < 80 € ; aucune image ; image placeholder",OK,,
3285,"GANCHO 2PC 0,5X9,5X3,3 SK 2972-190-01 CX144(Q12)20***2€",2.00,EXCLU,"prix < 80 € ; aucune image ; image placeholder",OK,,
3286,"LUVA NYLON AZUL TAM 8 0303-17",1.00,EXCLU,"prix < 80 € ; aucune image ; image placeholder",OK,,
3287,"LUVA NYLON AZUL TAM 9 0303-18",1.00,EXCLU,"prix < 80 € ; aucune image ; image placeholder",OK,,
3288,"DISPENSADOR P/CEREAIS 837-444",8.00,EXCLU,"prix < 80 € ; aucune image ; image placeholder",OK,,
3289,"TABUA BAMBU+FACAS+ ARDOSIA",8.00,EXCLU,"prix < 80 € ; aucune image ; image placeholder",OK,,
3290,"TABUA BAMBU+TABUA PLT",8.00,EXCLU,"prix < 80 € ; aucune image ; image placeholder",OK,,
3291,"X-ACTO SX96 CX240 (Q24)",2.00,EXCLU,"prix < 80 € ; aucune image ; image placeholder",OK,,
3292,"FELTRO PROT QUAD PRT  2796301-90A CX240",0.80,EXCLU,"prix < 80 € ; aucune image ; image placeholder",OK,,
3293,"CANETA GEL 16,5CM 2457-030-01 CX1296",1.60,EXCLU,"prix < 80 € ; aucune image ; image placeholder",OK,,
3294,"CANETA GEL 2898-001-01 CX432",1.60,EXCLU,"prix < 80 € ; aucune image ; image placeholder",OK,,
3295,"CANETA GEL 2898-001-04 CX432",1.60,EXCLU,"prix < 80 € ; aucune image ; image placeholder",OK,,
3296,"FRALDAS P/ ANIM. 35X27CM 10UNI 102432 (Q6)",3.00,EXCLU,"prix < 80 € ; aucune image ; image placeholder",OK,,
3297,"APANHADOR C/VASSOURA TP-173",1.00,EXCLU,"prix < 80 € ; aucune image ; image placeholder",OK,,
3298,"AIR WICK AMBIENTADOR MENTA 300ML",1.60,EXCLU,"prix < 80 € ; aucune image ; image placeholder",OK,,
3299,"CADEADO 30MM 1143-601-30 CX240(Q12)",0.80,EXCLU,"prix < 80 € ; aucune image ; image placeholder",OK,,
3300,"ESPELHO MÃO 19X27,5CM 454-621 (Q6)",1.60,EXCLU,"prix < 80 € ; aucune image ; image placeholder",OK,,
3301,"PROTETOR PULSO 1570-011 CX240",1.60,EXCLU,"prix < 80 € ; aucune image ; image placeholder",OK,,
3302,"PROTETOR COTOVELO 1570-012 CX240",1.60,EXCLU,"prix < 80 € ; aucune image ; image placeholder",OK,,
3303,"PROTETOR TORNOZELO 1570-013 CX240",1.60,EXCLU,"prix < 80 € ; aucune image ; hors stock ; image placeholder",OK,,
3304,"PROTET. TORNOZELO NYLON 1570-021 CX240",1.60,EXCLU,"prix < 80 € ; aucune image ; image placeholder",OK,,
3305,"PROTETOR COXA NYLON 1570-026 CX240",4.00,EXCLU,"prix < 80 € ; aucune image ; image placeholder",OK,,
3306,"PROTETOR MAO NYLON 2UN 1570-030 CX240",1.60,EXCLU,"prix < 80 € ; aucune image ; image placeholder",OK,,
3307,"PROTETOR PULSO 1570-031 CX240",1.60,EXCLU,"prix < 80 € ; aucune image ; image placeholder",OK,,
3308,"JOELHEIRA 13X42CM 1570-036 CX120",5.00,EXCLU,"prix < 80 € ; aucune image ; hors stock ; image placeholder",OK,,
3309,"QUADRO DECORATIVO 1820-055 CX24 (Q12)",2.00,EXCLU,"prix < 80 € ; aucune image ; hors stock ; image placeholder",OK,,
3310,"ESCOVA DENTES MED 3U 1226-043-03",0.80,EXCLU,"prix < 80 € ; aucune image ; image placeholder",OK,,
3311,"CONJUNTO BANHO 5PC 2627-102 CX40",4.00,EXCLU,"prix < 80 € ; aucune image ; image placeholder",OK,,
3312,"ARTIGO DEC.HOME 2651-009 CX48 (Q6)",4.00,EXCLU,"prix < 80 € ; aucune image ; image placeholder",OK,,
3313,"CAIXA ESCVA DENTES 2670-029 CX192",0.80,EXCLU,"prix < 80 € ; aucune image ; image placeholder",OK,,
3314,"PLACA MDF 24X30CM 2691-051 CX48 (Q12)",2.00,EXCLU,"prix < 80 € ; aucune image ; hors stock ; image placeholder",OK,,
3315,"CADEADO C/COD 86MM 2822-063 CX288 (Q12)",1.60,EXCLU,"prix < 80 € ; aucune image ; image placeholder",OK,,
3316,"LUZ PRESENÇA 2846-500",1.60,EXCLU,"prix < 80 € ; aucune image ; image placeholder",OK,,
3317,"LUZ PRESENÇA 2846-501 CX60",1.60,EXCLU,"prix < 80 € ; aucune image ; image placeholder",OK,,
3318,"LUZ PRESENÇA 2846-502 CX60",1.60,EXCLU,"prix < 80 € ; aucune image ; image placeholder",OK,,
3319,"LUZ PRESENÇA 2846-503 CX60",1.60,EXCLU,"prix < 80 € ; aucune image ; image placeholder",OK,,
3320,"PELUCHE 22CM 2920-002 CX180",1.60,EXCLU,"prix < 80 € ; aucune image ; image placeholder",OK,,
3321,"CANECA MUG 6,7X6,2CM 2997-004 CX160",1.60,EXCLU,"prix < 80 € ; aucune image ; image placeholder",OK,,
3322,"MOLA TOALHAS MESA 12UN 1800-341B-01",0.80,EXCLU,"prix < 80 € ; aucune image ; image placeholder",OK,,
3323,"LIMPA CALÇADO PRETO75ML",1.60,EXCLU,"prix < 80 € ; aucune image ; image placeholder",OK,,
3324,"CJ 2 ESCOV LIMPA UNHAS 1740-002-02 CX144",0.80,EXCLU,"prix < 80 € ; aucune image ; image placeholder",OK,,
3325,"VELA LED BRANCA 3UN 2402-303-03",0.80,EXCLU,"prix < 80 € ; aucune image ; image placeholder",OK,,
3326,"LUZ PRESENÇA 2595-500-01 CX120",1.60,EXCLU,"prix < 80 € ; aucune image ; image placeholder",OK,,
3327,"LUZ PRESENÇA 2595-500-02 CX120",1.60,EXCLU,"prix < 80 € ; aucune image ; image placeholder",OK,,
3328,"ARTIGO DEC.HOME 2651-009-01 CX48",4.00,EXCLU,"prix < 80 € ; aucune image ; image placeholder",OK,,
3329,"CADEADO 35X30X12MM 2822-050-03 CX288 (Q12)",0.80,EXCLU,"prix < 80 € ; aucune image ; image placeholder",OK,,
3330,"COPO C/TP +PALHINHA 2872-200-01 CX48 (Q12)",2.00,EXCLU,"prix < 80 € ; aucune image ; hors stock ; image placeholder",OK,,
3331,"ESCOVA P/LOUÇA 30X4,5X7,5",0.80,EXCLU,"prix < 80 € ; aucune image ; image placeholder",OK,,
3332,"ESCOVA P/LOUÇA 28X6,5X7 SK-C-804-487",0.80,EXCLU,"prix < 80 € ; aucune image ; image placeholder",OK,,
3333,"ESCOVA P/LOUÇA 31X6,5X6,5",0.80,EXCLU,"prix < 80 € ; aucune image ; image placeholder",OK,,
3334,"ARMADILHAS PARA FORMIGAS 837-344 CX24 (Q12)",0.80,EXCLU,"prix < 80 € ; aucune image ; image placeholder",OK,,
3335,"CORTINA MOSQUITEIRA SKPA-837-348 CX72",1.60,EXCLU,"prix < 80 € ; aucune image ; hors stock ; image placeholder",OK,,
3336,"CHAVENA CAFE 280ML 3072-4617 CX12 (Q12)",1.60,EXCLU,"prix < 80 € ; aucune image ; image placeholder",OK,,
3337,"GANCHO OVAL PLT 5UN 3072-5775 CX48 (Q12)",0.80,EXCLU,"prix < 80 € ; aucune image ; image placeholder",OK,,
3338,"MOLA CABELO 10.5CM SKPA 837-618 CX48 (Q12)",0.80,EXCLU,"prix < 80 € ; aucune image ; image placeholder",OK,,
3339,"MOLA CABELO 10.5CM SKPA 837-619 CX48 (Q12)",0.80,EXCLU,"prix < 80 € ; aucune image ; image placeholder",OK,,
3340,"MOLA CABELO 10.5CM SKPA 837-620 CX48 (Q12)",0.80,EXCLU,"prix < 80 € ; aucune image ; image placeholder",OK,,
3341,"MOLA CABELO 10.5CM SKPA 837-621 CX48 (Q12)",0.80,EXCLU,"prix < 80 € ; aucune image ; image placeholder",OK,,
3342,"PINCEL MAQUILHAGEM 4PC SKPA 837-264 CX24 (Q12)",1.60,EXCLU,"prix < 80 € ; aucune image ; hors stock ; image placeholder",OK,,
3343,"CORTADOR ALIMENTO 20*7CM SKPA 837-645",1.60,EXCLU,"prix < 80 € ; aucune image ; image placeholder",OK,,
3344,"MOINHO PIMENTA 15.5*5.5CM SKPA837-648",1.60,EXCLU,"prix < 80 € ; aucune image ; hors stock ; image placeholder",OK,,
3345,"MOINHO PIMENTA 17.5*5.5CM SKPA837-649",1.60,EXCLU,"prix < 80 € ; aucune image ; image placeholder",OK,,
3346,"ESCOVA SAPATOS SKPA 837-678",0.80,EXCLU,"prix < 80 € ; aucune image ; image placeholder",OK,,
3347,"SET PARAFUSOS 12.5X8X2CM SKPA 837-679",1.60,EXCLU,"prix < 80 € ; aucune image ; image placeholder",OK,,
3348,"VELA YOGURTE PERF. COCO",0.80,EXCLU,"prix < 80 € ; aucune image ; hors stock ; image placeholder",OK,,
3349,"VELA YOGURTE PERF. LAVANDA",0.80,EXCLU,"prix < 80 € ; aucune image ; image placeholder",OK,,
3350,"VELA YOGURTE PERF. LAVANDA-BAUNILHA",0.80,EXCLU,"prix < 80 € ; aucune image ; image placeholder",OK,,
3351,"VELA YOGURTE PERF. FRUTOS SILVESTRES",0.80,EXCLU,"prix < 80 € ; aucune image ; image placeholder",OK,,
3352,"VELA YOGURTE PERF. MAÇA-CANELA",0.80,EXCLU,"prix < 80 € ; aucune image ; image placeholder",OK,,
3353,"VELA YOGURTE PERF. OCEANO",0.80,EXCLU,"prix < 80 € ; aucune image ; image placeholder",OK,,
3354,"VELA YOGURTE PERF. ROSAS",0.80,EXCLU,"prix < 80 € ; aucune image ; image placeholder",OK,,
3355,"VELA YOGURTE PERF. BAUNILHA",1.00,EXCLU,"prix < 80 € ; aucune image ; hors stock ; image placeholder",OK,,
3356,"VELA PILLAR 7X15CM BRANCA CX24",1.60,EXCLU,"prix < 80 € ; aucune image ; image placeholder",OK,,
3357,"VELA PILLAR 7X15CM VERM CX24",1.60,EXCLU,"prix < 80 € ; aucune image ; image placeholder",OK,,
3358,"ABRAÇ BRC 05X25  2796802A-25 CX288",0.80,EXCLU,"prix < 80 € ; aucune image ; image placeholder",OK,,
3359,"YUKI INSETICIDA LIMAO DUPLA AÇAO 300ML (Q8)",1.60,EXCLU,"prix < 80 € ; aucune image ; image placeholder",OK,,
3360,"COPO INFANTIL PLASTICO 300ML AP-9483",0.80,EXCLU,"prix < 80 € ; aucune image ; image placeholder",OK,,
3361,"CANECA PLAS C/PALHINHA 350ML AP-9484",0.80,EXCLU,"prix < 80 € ; aucune image ; image placeholder",OK,,
3362,"LANCHEIRA 500ML AP-9488",1.60,EXCLU,"prix < 80 € ; aucune image ; image placeholder",OK,,
3363,"SET2 CAIXA PLAST 1,2+0,5L 117-077/SP060",1.60,EXCLU,"prix < 80 € ; aucune image ; image placeholder",OK,,
3364,"BOLAS PERFUMADAS BALANCE BKL-903 CX48 (Q12)",1.60,EXCLU,"prix < 80 € ; aucune image ; image placeholder",OK,,
3365,"LANCHEIRA 1000ML AP-9079",0.80,EXCLU,"prix < 80 € ; aucune image ; image placeholder",OK,,
3366,"COPO PLASTICO CAFÉ 400ML AP-9122 CX24",0.80,EXCLU,"prix < 80 € ; aucune image ; image placeholder",OK,,
3367,"COPO PLASTICO 400ML AP-9127",0.80,EXCLU,"prix < 80 € ; aucune image ; image placeholder",OK,,
3368,"KINDER CHOC UNIDADE T8",0.80,EXCLU,"prix < 80 € ; aucune image ; image placeholder",OK,,
3369,"CONJ. 3 CESTOS HKS0176 CX12",8.00,EXCLU,"prix < 80 € ; aucune image ; image placeholder",OK,,
3370,"JARRA DECORATIVA 2488-095-A1 (CX8)",10.00,EXCLU,"prix < 80 € ; aucune image ; hors stock ; image placeholder",OK,,
3371,"CHOCOLATE BRANCO DUBAI STYLE UNIDADE 70G",3.20,EXCLU,"prix < 80 € ; aucune image ; image placeholder",OK,,
3372,"VELAS TEALIGHT LAVANDA 20UNI (CX12)",1.60,EXCLU,"prix < 80 € ; aucune image ; image placeholder",OK,,
3373,"VELA LUMAR AROMAT FRUTAS DO BOSQUE CX6(Q12)",1.60,EXCLU,"prix < 80 € ; aucune image ; image placeholder",OK,,
3374,"VELA LUMAR AROMAT LAVANDA CX6(Q12)",1.60,EXCLU,"prix < 80 € ; aucune image ; image placeholder",OK,,
3375,"CHOCOLATE DUBAI LOOK ME UNIDADE 51G",2.40,EXCLU,"prix < 80 € ; aucune image ; image placeholder",OK,,
3376,"JC 7377 Mesa de Jantar",429.00,INCLUS,,MÉDIO,"description nettoyée",637
3377,"Mesa de Jantar Extensivel Jc-7225",499.00,EXCLU,"éligible non inclus (au-delà de la cible)",MÉDIO,"titre normalisé (casse), description nettoyée",
3378,"JC 24 Mesa de Jantar",399.00,INCLUS,,MÉDIO,"description nettoyée",978
3379,"JC-22172 Mesa de Jantar",419.00,INCLUS,,MÉDIO,"description nettoyée",971
3380,"JC-7180 Mesa de Jantar",399.00,INCLUS,,MÉDIO,"description nettoyée",979
3381,"CADEIRA CANCUN BRANCA",25.00,EXCLU,"prix < 80 € ; aucune image ; hors stock ; image placeholder",OK,,
3382,"CADEIRA CANCUN VERDE",25.00,EXCLU,"prix < 80 € ; aucune image ; hors stock ; image placeholder",OK,,
3383,"CADEIRA CANCUN WENGUE",25.00,EXCLU,"prix < 80 € ; aucune image ; hors stock ; image placeholder",OK,,
3384,"CADEIRA MENORCA ANTRACITA",25.00,EXCLU,"prix < 80 € ; aucune image ; hors stock ; image placeholder",OK,,
3385,"CADEIRA MENORCA BRANCA",25.00,EXCLU,"prix < 80 € ; aucune image ; hors stock ; image placeholder",OK,,
3386,"CADEIRA AMBASSADOR BRANCA",29.00,EXCLU,"prix < 80 € ; aucune image ; hors stock ; image placeholder",OK,,
3387,"CADEIRA AMBASSADOR VERDE",29.00,EXCLU,"prix < 80 € ; aucune image ; hors stock ; image placeholder",OK,,
3388,"CADEIRA AMBASSADOR WENGUE",29.00,EXCLU,"prix < 80 € ; aucune image ; hors stock ; image placeholder",OK,,
3389,"CADEIRA DREAM ANTRACITA",29.00,EXCLU,"prix < 80 € ; aucune image ; hors stock ; image placeholder",OK,,
3390,"CADEIRA DREAM WENGUE",29.00,EXCLU,"prix < 80 € ; aucune image ; hors stock ; image placeholder",OK,,
3391,"CADEIRA MONACO TOPO",35.00,EXCLU,"prix < 80 € ; aucune image ; hors stock ; image placeholder",OK,,
3392,"CADEIRA METAL ANTRACITA",39.00,EXCLU,"prix < 80 € ; aucune image ; hors stock ; image placeholder",OK,,
3393,"CADEIRA METAL BRANCA",39.00,EXCLU,"prix < 80 € ; aucune image ; hors stock ; image placeholder",OK,,
3394,"CADEIRA MONACO BRANCA",39.00,EXCLU,"prix < 80 € ; aucune image ; hors stock ; image placeholder",OK,,
3395,"CADEIRA LEGNO ANTRACITA",39.00,EXCLU,"prix < 80 € ; aucune image ; hors stock ; image placeholder",OK,,
3396,"CADEIRA LEGNO WENGUE",39.00,EXCLU,"prix < 80 € ; aucune image ; hors stock ; image placeholder",OK,,
3397,"MESA AUXILIAR ALASKA ANTRACITA",39.00,EXCLU,"prix < 80 € ; aucune image ; hors stock ; image placeholder",OK,,
3398,"MESA AUXILIAR ALASKA BRANCA",39.00,EXCLU,"prix < 80 € ; aucune image ; hors stock ; image placeholder",OK,,
3399,"CADEIRA FLORA ANTRACITA",39.00,EXCLU,"prix < 80 € ; aucune image ; hors stock ; image placeholder",OK,,
3400,"CADEIRA FLORA BRANCA",39.00,EXCLU,"prix < 80 € ; aucune image ; hors stock ; image placeholder",OK,,
3401,"CADEIRA PACIFIC ANTRACITA",45.00,EXCLU,"prix < 80 € ; aucune image ; hors stock ; image placeholder",OK,,
3402,"CADEIRA PACIFIC BRANCA",45.00,EXCLU,"prix < 80 € ; aucune image ; hors stock ; image placeholder",OK,,
3403,"CADEIRA COCKTAIL ANTRACITA",49.00,EXCLU,"prix < 80 € ; aucune image ; hors stock ; image placeholder",OK,,
3404,"CADEIRA COCKTAIL BRANCA",49.00,EXCLU,"prix < 80 € ; aucune image ; hors stock ; image placeholder",OK,,
3405,"CADEIRA GRANA ANTRACITA",49.00,EXCLU,"prix < 80 € ; aucune image ; hors stock ; image placeholder",OK,,
3406,"CADEIRA GRANA BRANCA",49.00,EXCLU,"prix < 80 € ; aucune image ; hors stock ; image placeholder",OK,,
3407,"MESA CANCUN 80 BRANCA",55.00,EXCLU,"prix < 80 € ; aucune image ; hors stock ; image placeholder",OK,,
3408,"MESA CANCUN 80 VERDE",55.00,EXCLU,"prix < 80 € ; aucune image ; hors stock ; image placeholder",OK,,
3409,"MESA CANCUN 80 WENGUE",55.00,EXCLU,"prix < 80 € ; aucune image ; hors stock ; image placeholder",OK,,
3410,"CADEIRA MASTER ANTRACITA",55.00,EXCLU,"prix < 80 € ; aucune image ; hors stock ; image placeholder",OK,,
3411,"CADEIRA MASTER BRANCA",55.00,EXCLU,"prix < 80 € ; aucune image ; hors stock ; image placeholder",OK,,
3412,"CADEIRÃO MULTIPOSIÇÕES DREAM ANTRACITA",69.00,EXCLU,"prix < 80 € ; aucune image ; hors stock ; image placeholder",OK,,
3413,"CADEIRÃO MULTIPOSIÇÕES DREAM WENGUE",69.00,EXCLU,"prix < 80 € ; aucune image ; hors stock ; image placeholder",OK,,
3414,"CADEIRÃO MULTIPOSIÇÕES METAL ANTRACITA",75.00,EXCLU,"prix < 80 € ; aucune image ; hors stock ; image placeholder",OK,,
3415,"CADEIRÃO MULTIPOSIÇÕES METAL BRANCO",75.00,EXCLU,"prix < 80 € ; aucune image ; hors stock ; image placeholder",OK,,
3416,"CADEIRA PORTO BRANCA/BRANCA",75.00,EXCLU,"prix < 80 € ; aucune image ; hors stock ; image placeholder",OK,,
3417,"CADEIRA PORTO TOPO",75.00,EXCLU,"prix < 80 € ; aucune image ; hors stock ; image placeholder",OK,,
3418,"CADEIRÃO MULTIPOSIÇÕES LEGNO WENGUE",79.00,EXCLU,"prix < 80 € ; aucune image ; hors stock ; image placeholder",OK,,
3419,"MESA CANCUN 140 BRANCA",79.00,EXCLU,"prix < 80 € ; aucune image ; hors stock ; image placeholder",OK,,
3420,"MESA CANCUN 140 VERDE",79.00,EXCLU,"prix < 80 € ; aucune image ; hors stock ; image placeholder",OK,,
3421,"MESA CANCUN 140 WENGUE",79.00,EXCLU,"prix < 80 € ; aucune image ; hors stock ; image placeholder",OK,,
3422,"PUFF DIVA GRAFITO",85.00,EXCLU,"aucune image ; hors stock ; image placeholder",OK,,
3423,"MESA MASTER 70 ANTRACITA",85.00,EXCLU,"aucune image ; hors stock ; image placeholder",OK,,
3424,"MESA MASTER 70 BRANCA",85.00,EXCLU,"aucune image ; hors stock ; image placeholder",OK,,
3425,"MESA DREAM ANTRACITA",89.00,EXCLU,"aucune image ; hors stock ; image placeholder",OK,,
3426,"MESA DREAM WENGUE",89.00,EXCLU,"aucune image ; hors stock ; image placeholder",OK,,
3427,"MESA TONELLE BRANCA",99.00,EXCLU,"aucune image ; hors stock ; image placeholder",OK,,
3428,"MESA TONELLE VERDE",99.00,EXCLU,"aucune image ; hors stock ; image placeholder",OK,,
3429,"MESA TONELLE WENGUE",99.00,EXCLU,"aucune image ; hors stock ; image placeholder",OK,,
3430,"ESPREGUIÇADEIRA DREAM ANTRACITA",69.00,EXCLU,"prix < 80 € ; aucune image ; image placeholder",OK,,
3431,"ESPREGUIÇADEIRA DREAM WENGUE",85.00,EXCLU,"aucune image ; hors stock ; image placeholder",OK,,
3432,"ESPREGUIÇADEIRA CAIMAN BRANCA",109.00,EXCLU,"aucune image ; hors stock ; image placeholder",OK,,
3433,"ESPREGUIÇADEIRA CAIMAN VERDE",109.00,EXCLU,"aucune image ; hors stock ; image placeholder",OK,,
3434,"ESPREGUIÇADEIRA CAIMAN WENGUE",109.00,EXCLU,"aucune image ; hors stock ; image placeholder",OK,,
3435,"MESA MASTER 140 ANTRACITA",119.00,EXCLU,"aucune image ; hors stock ; image placeholder",OK,,
3436,"MESA MASTER 140 BRANCA",119.00,EXCLU,"aucune image ; hors stock ; image placeholder",OK,,
3437,"BANCO MIAMI GRAFITO (2 LUGARES)",119.00,EXCLU,"aucune image ; hors stock ; image placeholder",OK,,
3438,"BAÚ DIVA GRAFITO",119.00,EXCLU,"aucune image ; hors stock ; image placeholder",OK,,
3439,"ESPREGUIÇADEIRA ANTIBES ANTRACITA",119.00,EXCLU,"aucune image ; hors stock ; image placeholder",OK,,
3440,"ESPREGUIÇADEIRA ANTIBES BRANCA",119.00,EXCLU,"aucune image ; hors stock ; image placeholder",OK,,
3441,"ESPREGUIÇADEIRA ANTIBES VERDE",119.00,EXCLU,"aucune image ; hors stock ; image placeholder",OK,,
3442,"ESPREGUIÇADEIRA CAIMAN BRANCA COM COXIM ÀS RISCAS",129.00,EXCLU,"aucune image ; hors stock ; image placeholder",OK,,
3443,"ESPREGUIÇADEIRA CAIMAN VERDE COM COXIM ÀS RISCAS",129.00,EXCLU,"aucune image ; hors stock ; image placeholder",OK,,
3444,"ESPREGUIÇADEIRA CAIMAN WENGUE COM COXIM ÀS RISCAS",129.00,EXCLU,"aucune image ; hors stock ; image placeholder",OK,,
3445,"CADEIRÃO INDIVIDUAL DIVA GRAFITO",135.00,EXCLU,"aucune image ; hors stock ; image placeholder",OK,,
3446,"ESPREGUIÇADEIRA DREAM ANTRACITA COM COXIM",145.00,EXCLU,"aucune image ; hors stock ; image placeholder",OK,,
3447,"ESPREGUIÇADEIRA DREAM WENGUÉ COM COXIM",145.00,EXCLU,"aucune image ; hors stock ; image placeholder",OK,,
3448,"BANCO MIAMI GRAFITO (3 LUGARES)",159.00,EXCLU,"aucune image ; hors stock ; image placeholder",OK,,
3449,"SET MIAMI TETE A TETE GRAFITO",179.00,EXCLU,"aucune image ; hors stock ; image placeholder",OK,,
3450,"SOFÁ 2 LUGARES DIVA GRAFITO",219.00,EXCLU,"aucune image ; hors stock ; image placeholder",OK,,
3451,"MESA ATLANTIC ANTRACITA",269.00,EXCLU,"aucune image ; hors stock ; image placeholder",OK,,
3452,"MESA ATLANTIC BRANCA",269.00,EXCLU,"aucune image ; hors stock ; image placeholder",OK,,
3453,"SET MIAMI GRAFITO",279.00,EXCLU,"aucune image ; hors stock ; image placeholder",OK,,
3454,"SET DIVA TETE A TETE GRAFITO",279.00,EXCLU,"aucune image ; hors stock ; image placeholder",OK,,
3455,"SOFÁ 3 LUGARES DIVA GRAFITO",289.00,EXCLU,"aucune image ; hors stock ; image placeholder",OK,,
3456,"SET DIVA TETE A TETE WENGUE",299.00,EXCLU,"aucune image ; hors stock ; image placeholder",OK,,
3457,"NOVA Sofá de Jardim",299.00,EXCLU,"hors stock",OK,,
3458,"SET VENUS TETE A TETE GRAFITO",339.00,EXCLU,"aucune image ; hors stock ; image placeholder",OK,,
3459,"SET SIRA GRAFITO",399.00,EXCLU,"aucune image ; hors stock ; image placeholder",OK,,
3460,"SET DIVA CONFORT STORAGE GRAFITO",449.00,EXCLU,"aucune image ; hors stock ; image placeholder",OK,,
3461,"SET EVO CONFORT GRAFITO",469.00,EXCLU,"aucune image ; hors stock ; image placeholder",OK,,
3462,"SET DIVA CONFORT GRAFITO",489.00,EXCLU,"aucune image ; hors stock ; image placeholder",OK,,
3463,"MANHATTAN Set de Jardim",299.00,INCLUS,,MÉDIO,"description nettoyée",833
3464,"SET DIVA CONFORT WENGUE",499.00,EXCLU,"aucune image ; hors stock ; image placeholder",OK,,
3465,"SET VENUS CONFORT GRAFITO",529.00,EXCLU,"aucune image ; hors stock ; image placeholder",OK,,
3466,"SET OASIS GRAFITO",539.00,EXCLU,"aucune image ; hors stock ; image placeholder",OK,,
3467,"SET BELICE GRAFITO",589.00,EXCLU,"aucune image ; hors stock ; image placeholder",OK,,
3468,"SET DIVA TROPEA GRAFITO 2021",599.00,EXCLU,"aucune image ; hors stock ; image placeholder",OK,,
3469,"CADEIRA SAONA ANTRACITA",59.00,EXCLU,"prix < 80 € ; aucune image ; hors stock ; image placeholder",OK,,
3470,"CADEIRA SAONA BRANCA",59.00,EXCLU,"prix < 80 € ; aucune image ; hors stock ; image placeholder",OK,,
3471,"SET NASSAU TETE A TETE",269.00,EXCLU,"aucune image ; hors stock ; image placeholder",OK,,
3472,"SET NASSAU TETE A TETE CONFORT STORAGE",279.00,EXCLU,"aucune image ; hors stock ; image placeholder",OK,,
3473,"SET NASSAU CONFORT STORAGE",469.00,EXCLU,"aucune image ; hors stock ; image placeholder",OK,,
3474,"Espelho de Joias Naturais",99.00,INCLUS,,MÉDIO,"titre normalisé (casse), description nettoyée",587
3475,"MALIKA Mesa de Jantar",139.00,INCLUS,,MÉDIO,"description nettoyée",702
3477,"HE 105 Sofá Cama",269.00,INCLUS,,MÉDIO,"description nettoyée",521
3500,"MOLAFLEX Almofada Thai",35.00,EXCLU,"prix < 80 €",OK,,
3510,"TOALHITAS 60 UN P/ ANIMAIS SKPA-837-492",1.60,EXCLU,"prix < 80 € ; aucune image ; image placeholder",OK,,
3511,"COPO REFRESCO 430ML SK 424-12",1.60,EXCLU,"prix < 80 € ; aucune image ; image placeholder",OK,,
3512,"TRAVESSA BRANCA VIRTUDE 36CM 424-17",1.60,EXCLU,"prix < 80 € ; aucune image ; image placeholder",OK,,
3513,"PRATO SOBREMESA EDEN 19CM 424-18",1.60,EXCLU,"prix < 80 € ; aucune image ; image placeholder",OK,,
3514,"PRATO LADEIRO EDEN 25CM 424-19",1.60,EXCLU,"prix < 80 € ; aucune image ; image placeholder",OK,,
3515,"PRATO SOPA EDEN 22CM 424-20",1.60,EXCLU,"prix < 80 € ; aucune image ; image placeholder",OK,,
3516,"TAÇA SAFIR 1,6LT AP-9191",1.60,EXCLU,"prix < 80 € ; aucune image ; image placeholder",OK,,
3517,"MONA KL - MESA DE JANTAR EXTENSÍVEL FIM LINHA",279.00,EXCLU,"aucune image ; image placeholder",OK,,
3519,"MONA KL - APARADOR 4 PORTAS FIM LINHA",199.00,EXCLU,"aucune image ; image placeholder",OK,,
3520,"MONA KL - BASE TV FIM LINHA",179.00,EXCLU,"aucune image ; image placeholder",OK,,
3521,"MONA KL - ROUPEIRO 6 PORTAS FIM LINHA",869.00,EXCLU,"aucune image ; image placeholder",OK,,
3522,"MONA KL - CAMISEIRO FIM LINHA",155.00,EXCLU,"aucune image ; image placeholder",OK,,
3523,"MONA KL - CÓMODA FIM LINHA",185.00,EXCLU,"aucune image ; image placeholder",OK,,
3524,"MELINA Cadeira",169.00,INCLUS,,MÉDIO,"description nettoyée",862
3525,"MELINA Base TV",339.00,INCLUS,,MÉDIO,"description nettoyée",651
3526,"MELINA Sofá 3 Lugares",879.00,INCLUS,,MÉDIO,"description nettoyée",801
3527,"MELINA Cómoda",379.00,INCLUS,,MÉDIO,"description nettoyée",823
3528,"MELINA Mesa de Cabeceira",99.00,INCLUS,,MÉDIO,"description nettoyée",877
3530,"MELINA Cabeceira",199.00,EXCLU,"hors stock",OK,,
3531,"MELINA Base de Cama",269.00,EXCLU,"hors stock",OK,,
3532,"LIMA Cadeira",99.00,INCLUS,,MÉDIO,"description nettoyée",554
3533,"LIMA Base TV",229.00,INCLUS,,MÉDIO,"description nettoyée",846
3535,"LIMA KL - CABECEIRA 160CM FIM LINHA",159.00,EXCLU,"hors stock",OK,,
3536,"LIMA Camiseiro",135.00,EXCLU,"éligible non inclus (au-delà de la cible)",MÉDIO,"description nettoyée",
3537,"LIMA Cómoda",199.00,EXCLU,"éligible non inclus (au-delà de la cible)",MÉDIO,"description nettoyée",
3538,"LIMA Mesa de Cabeceira",79.00,EXCLU,"prix < 80 €",OK,,
3539,"MARTE KL - MESA DE JANTAR",309.00,EXCLU,"aucune image ; hors stock ; image placeholder",OK,,
3544,"MARTE KL - MESA DE CABECEIRA",119.00,EXCLU,"aucune image ; hors stock ; image placeholder",OK,,
3545,"MARTE KL - BASE DE CAMA",279.00,EXCLU,"aucune image ; hors stock ; image placeholder",OK,,
3546,"MARTE KL - CABECEIRA",199.00,EXCLU,"aucune image ; hors stock ; image placeholder",OK,,
3547,"MARTE KL - CÓMODA",289.00,EXCLU,"aucune image ; hors stock ; image placeholder",OK,,
3549,"ASTON KL - ROUPEIRO 5 PORTAS",1159.00,EXCLU,"aucune image ; hors stock ; image placeholder",OK,,
3550,"ASTON KL - CAMISEIRO",259.00,EXCLU,"aucune image ; hors stock ; image placeholder",OK,,
3551,"ASTON KL - MESA DE CABECEIRA",159.00,EXCLU,"aucune image ; hors stock ; image placeholder",OK,,
3552,"ASTON KL - BASE DE CAMA",289.00,EXCLU,"aucune image ; hors stock ; image placeholder",OK,,
3553,"ASTON KL - CABECEIRA",139.00,EXCLU,"aucune image ; hors stock ; image placeholder",OK,,
3555,"ASTON KL - MESA DE JANTAR FIXA",239.00,EXCLU,"aucune image ; hors stock ; image placeholder",OK,,
3556,"ASTON KL - MESA DE JANTAR EXTENSÍVEL",309.00,EXCLU,"aucune image ; hors stock ; image placeholder",OK,,
3558,"ASTON KL - BASE TV",359.00,EXCLU,"aucune image ; hors stock ; image placeholder",OK,,
3559,"LIAM DS - CABECEIRA JUVENIL D90-13T BEGE",79.00,EXCLU,"prix < 80 € ; aucune image ; image placeholder",OK,,
3560,"LIAM DS - CABECEIRA JUVENIL WS-01 GRIS",79.00,EXCLU,"prix < 80 € ; aucune image ; image placeholder",OK,,
3561,"LIAM DS - CABECEIRA JUVENIL WS-403 BRANCO",79.00,EXCLU,"prix < 80 € ; aucune image ; image placeholder",OK,,
3562,"LIAM DS - CABECEIRA MATRIM 145CM D90 13T BEGE",95.00,EXCLU,"aucune image ; image placeholder",OK,,
3563,"LIAM DS - CABECEIRA MATRIM 145CM WS-01 GRIS",95.00,EXCLU,"aucune image ; image placeholder",OK,,
3564,"LIAM DS - CABECEIRA MATRIM 145CM WS-403 BRANCO",95.00,EXCLU,"aucune image ; image placeholder",OK,,
3565,"LIAM DS - CABECEIRA MATRIM 160CM D90 13T BEGE",105.00,EXCLU,"aucune image ; image placeholder",OK,,
3566,"LIAM DS - CABECEIRA MATRIM 160CM WS-01 GRIS",105.00,EXCLU,"aucune image ; image placeholder",OK,,
3567,"LIAM DS - CABECEIRA MATRIM 160CM WS-403 BRANCO",105.00,EXCLU,"aucune image ; image placeholder",OK,,
3568,"HE 1121 Sofá Cama",229.00,INCLUS,,MÉDIO,"description nettoyée",594
3569,"CADEIRA BELL KI - 18-885 VERDE",159.00,EXCLU,"aucune image ; image placeholder",OK,,
3570,"KMAX P1 Sofá Cama",299.00,INCLUS,,MÉDIO,"description nettoyée",471
3571,"NIVEA CREME LATA",1.60,EXCLU,"prix < 80 € ; aucune image ; image placeholder",OK,,
3572,"CESTO MOLAS CINZA 1121112",1.60,EXCLU,"prix < 80 € ; aucune image ; image placeholder",OK,,
3573,"BRAGA Sofá Cama",819.00,INCLUS,,MÉDIO,"description nettoyée",377
3574,"ADONIS Sofá Cama",809.00,INCLUS,,MÉDIO,"description nettoyée",122
3575,"VIKI LK Roupeiro",499.00,INCLUS,,MÉDIO,"description nettoyée",815
3576,"VIKI LK Camiseiro",189.00,INCLUS,,MÉDIO,"description nettoyée",857
3577,"VIKI LK Cómoda 6 Gavetas",239.00,INCLUS,,MÉDIO,"description nettoyée",790
3580,"TORRO Aparador Alto",299.00,INCLUS,,MÉDIO,"description nettoyée",406
3581,"TORRO LK Base TV",309.00,INCLUS,,MÉDIO,"description nettoyée",511
3582,"TORRO LK Mesa de Cabeceira",159.00,EXCLU,"éligible non inclus (au-delà de la cible)",MÉDIO,"description nettoyée",
3583,"TORRO LK Estante",459.00,INCLUS,,MÉDIO,"description nettoyée",393
3584,"HE204 Sofá Cama",399.00,INCLUS,,MÉDIO,"description nettoyée",307
3585,"MDS S022 Sofá",490.00,INCLUS,,MÉDIO,"description nettoyée",482
3586,"CADEIR INF C/SUP 40,5X33X33CM 207-070",12.00,EXCLU,"prix < 80 € ; aucune image ; image placeholder",OK,,
3587,"CADEIR INF C/SUP 50X36X52,5CM 207-071",8.00,EXCLU,"prix < 80 € ; aucune image ; image placeholder",OK,,
3588,"ESTOJO ESCOLAR 30X8X3 SK 207-242",1.60,EXCLU,"prix < 80 € ; aucune image ; image placeholder",OK,,
3589,"CAIXAS MULTIUSOS 3PCS SK 2630-071",1.60,EXCLU,"prix < 80 € ; aucune image ; hors stock ; image placeholder",OK,,
3590,"TELEF. DUCHE 1FUNCAO 2996-107",1.60,EXCLU,"prix < 80 € ; aucune image ; image placeholder",OK,,
3591,"LIMPA VIDROS 24,5X125 SK 3072-000",8.00,EXCLU,"prix < 80 € ; aucune image ; image placeholder",OK,,
3592,"BLOCO NOTAS 32K 19X13CM SK 3098-004",1.60,EXCLU,"prix < 80 € ; aucune image ; image placeholder",OK,,
3593,"BLOCO NOTAS 32K 19X13CM SK 3098-005",1.60,EXCLU,"prix < 80 € ; aucune image ; image placeholder",OK,,
3594,"BLOCO NOTAS 32K 18,5X13CM SK 3098-007",1.60,EXCLU,"prix < 80 € ; aucune image ; image placeholder",OK,,
3595,"CAIXA HERM 17,5X7,8 2670-150-01",1.60,EXCLU,"prix < 80 € ; aucune image ; image placeholder",OK,,
3596,"CAIXA HERM 20X13X7,8CM 2670-150-02",1.60,EXCLU,"prix < 80 € ; aucune image ; image placeholder",OK,,
3597,"CARRINHO ARRUMAÇAO 3 PISOS SK-C-804-636",8.00,EXCLU,"prix < 80 € ; aucune image ; image placeholder",OK,,
3598,"BALDE P/GELO SKPA-837-417 CX12 (Q12)",12.00,EXCLU,"prix < 80 € ; aucune image ; image placeholder",OK,,
3599,"COPO C/TAMPA + PALHINHA SK 424-11",1.60,EXCLU,"prix < 80 € ; aucune image ; image placeholder",OK,,
3600,"CANECA C/TP+PALHINHA 430ML SK 424-13",1.60,EXCLU,"prix < 80 € ; aucune image ; image placeholder",OK,,
3601,"PRATO SOBREMESA VIRTUDE 22CM 424-14",0.80,EXCLU,"prix < 80 € ; aucune image ; image placeholder",OK,,
3602,"PRATO LADEIRO VIRTUDE 24CM 424-15",0.80,EXCLU,"prix < 80 € ; aucune image ; image placeholder",OK,,
3603,"PRATO SOPA VIRTUDE 22,5CM 424-16",0.80,EXCLU,"prix < 80 € ; aucune image ; image placeholder",OK,,
3604,"FRASCO VDR 800ML C/TP 952-05-800 SK",2.00,EXCLU,"prix < 80 € ; aucune image ; hors stock ; image placeholder",OK,,
3605,"FRASCO VDR 1000ML C/TP 952-06-1000 SK",2.00,EXCLU,"prix < 80 € ; aucune image ; image placeholder",OK,,
3606,"FRASCO VDR 1300ML C/TP 952-07-1300 SK",1.60,EXCLU,"prix < 80 € ; aucune image ; image placeholder",OK,,
3607,"FRASCO VIDRO 1600ML C/TP MT 952-08-1600 SK(CX12)20***3€",2.40,EXCLU,"prix < 80 € ; aucune image ; image placeholder",OK,,
3608,"CADERNO A5 ESPIRAL 953-08 SK",1.60,EXCLU,"prix < 80 € ; aucune image ; image placeholder",OK,,
3609,"CADERNO A5 ESPIRAL  953-09 SK",1.60,EXCLU,"prix < 80 € ; aucune image ; image placeholder",OK,,
3610,"CADERNO A5 LISO 953-10 SK",1.60,EXCLU,"prix < 80 € ; aucune image ; image placeholder",OK,,
3611,"CADERNO A5 PAUTADO 953-12 SK",1.60,EXCLU,"prix < 80 € ; aucune image ; image placeholder",OK,,
3612,"CADERNO ESPIRAL A4 PAUT 953-15 SK",1.60,EXCLU,"prix < 80 € ; aucune image ; image placeholder",OK,,
3613,"GARRAFA 800ML 2873-000-800 CX96",1.60,EXCLU,"prix < 80 € ; aucune image ; image placeholder",OK,,
3614,"PORTA TALHERES SK ORG-060-180",0.80,EXCLU,"prix < 80 € ; aucune image ; image placeholder",OK,,
3615,"ALMOFADA CADEIRA 40X40 SK 2505-601-B",2.00,EXCLU,"prix < 80 € ; aucune image ; hors stock ; image placeholder",OK,,
3616,"ALMOFADA CADEIRA 40X40 SK 2505-601-C",1.60,EXCLU,"prix < 80 € ; aucune image ; image placeholder",OK,,
3617,"ALMOFADA CADEIRA 40X40 SK 2505-601-D",2.00,EXCLU,"prix < 80 € ; aucune image ; hors stock ; image placeholder",OK,,
3618,"ESFEROGRAFICA BIC 4 CORES",1.60,EXCLU,"prix < 80 € ; aucune image ; image placeholder",OK,,
3619,"ESFEROGRAFICA BIC 4 CORES",1.60,EXCLU,"prix < 80 € ; aucune image ; image placeholder",OK,,
3620,"BORRACHA BIC GALET",1.60,EXCLU,"prix < 80 € ; aucune image ; image placeholder",OK,,
3621,"LAPIS BIC EVOLUT PACK3)",1.60,EXCLU,"prix < 80 € ; aucune image ; image placeholder",OK,,
3622,"CANETA BIC 4CORES ROSE GOLD",1.60,EXCLU,"prix < 80 € ; aucune image ; image placeholder",OK,,
3623,"CONJ 10 CANTEAS BIC CRISTAL",1.60,EXCLU,"prix < 80 € ; aucune image ; image placeholder",OK,,
3624,"CANETAS BIC CRISTAL FINE 10UN",1.60,EXCLU,"prix < 80 € ; aucune image ; image placeholder",OK,,
3625,"CONJ. AGUARELAS 23X32,5CM SK 2072-13",1.60,EXCLU,"prix < 80 € ; aucune image ; image placeholder",OK,,
3626,"CANECA MUG 10,5X9,5CM 450-297 CX48",0.80,EXCLU,"prix < 80 € ; aucune image ; image placeholder",OK,,
3627,"CAIXA HERM 16X16X7,8 2670-150",1.60,EXCLU,"prix < 80 € ; aucune image ; image placeholder",OK,,
3628,"ESCOVA PRATO 22,5X5X3,5 SK 2670-867",1.60,EXCLU,"prix < 80 € ; aucune image ; image placeholder",OK,,
3629,"CONJ. ESCOLAR 17,5CM SK 3054-100",1.60,EXCLU,"prix < 80 € ; aucune image ; image placeholder",OK,,
3630,"CAPA ARQUIVO 2924-001-D CX50",1.60,EXCLU,"prix < 80 € ; aucune image ; image placeholder",OK,,
3631,"CAPA ARQUIVO 2924-001-G CX50",1.60,EXCLU,"prix < 80 € ; aucune image ; image placeholder",OK,,
3632,"ESFREGAO AÇO INOX 2UN 1803-000-02 CX72",0.80,EXCLU,"prix < 80 € ; aucune image ; image placeholder",OK,,
3633,"ESCOVA LIMPA PRATOS 2341-500-01 CX120",0.80,EXCLU,"prix < 80 € ; aucune image ; image placeholder",OK,,
3634,"ESCOVA PRATO 24,5X3,5X4 SK",1.60,EXCLU,"prix < 80 € ; aucune image ; image placeholder",OK,,
3635,"ESCOVA PRATO 26X5X5,5 SK 2670-867-02",1.60,EXCLU,"prix < 80 € ; aucune image ; image placeholder",OK,,
3636,"ESFREGAO PRATO 24X9X5,5 SK",1.60,EXCLU,"prix < 80 € ; aucune image ; image placeholder",OK,,
3637,"ESPONJA PRATOS 7X25,5 SK 2670-867-04",1.60,EXCLU,"prix < 80 € ; aucune image ; image placeholder",OK,,
3638,"ESCOVA C/CABO 13X6,5 SK 2670-867-05",1.60,EXCLU,"prix < 80 € ; aucune image ; image placeholder",OK,,
3639,"BLOCO NOTAS A5 SK 3098-009-01",1.60,EXCLU,"prix < 80 € ; aucune image ; image placeholder",OK,,
3640,"ESCOVA DE LIMPEZA PLAST SK-C-804-493",0.80,EXCLU,"prix < 80 € ; aucune image ; image placeholder",OK,,
3641,"SACA ROLHAS ELETRICO SKPA-837-466",12.00,EXCLU,"prix < 80 € ; aucune image ; image placeholder",OK,,
3642,"MARCADOR PERMAN 3PC 837- 470 CX120 (Q12)",0.80,EXCLU,"prix < 80 € ; aucune image ; image placeholder",OK,,
3643,"ARCO P/GATO SKPA-837-502 CX12 (Q12)",12.00,EXCLU,"prix < 80 € ; aucune image ; image placeholder",OK,,
3644,"PANO MICROFIBRA VIDRO SKPA-837-671",0.80,EXCLU,"prix < 80 € ; aucune image ; image placeholder",OK,,
3645,"PANO P/VIDROS SKPA-837-674 CX48 (Q12)",0.80,EXCLU,"prix < 80 € ; aucune image ; image placeholder",OK,,
3646,"TRAVESSA OVAL EDEN 25X35,5CM 424-22",1.60,EXCLU,"prix < 80 € ; aucune image ; image placeholder",OK,,
3647,"BIC BORRACHAS MINI FUN",1.60,EXCLU,"prix < 80 € ; aucune image ; image placeholder",OK,,
3648,"CONJ 10 CANTEAS BIC CRISTAL FUN",1.60,EXCLU,"prix < 80 € ; aucune image ; image placeholder",OK,,
3649,"CONJ 8 CANTEAS BIC CRISTAL UP",1.60,EXCLU,"prix < 80 € ; aucune image ; image placeholder",OK,,
3650,"CONJ. COMPASSO 3PCS 203-028 CX120",1.60,EXCLU,"prix < 80 € ; aucune image ; image placeholder",OK,,
3651,"QUADRO PINTAR 21,5X14,5CM 205-988 CX100",1.60,EXCLU,"prix < 80 € ; aucune image ; image placeholder",OK,,
3652,"CESTO PLAST. RECT.ALTO 2630-651 (CX12)",12.00,EXCLU,"prix < 80 € ; aucune image ; image placeholder",OK,,
3653,"SET FERRAMENTAS 5 PCS 2630-976 CX120 (Q12)",1.60,EXCLU,"prix < 80 € ; aucune image ; image placeholder",OK,,
3654,"CESTO 28,1X21,6X17,9CM 2670-536",1.60,EXCLU,"prix < 80 € ; aucune image ; image placeholder",OK,,
3655,"TESOURA 13,5CM 2681-550 CX144",0.80,EXCLU,"prix < 80 € ; aucune image ; image placeholder",OK,,
3656,"CONJ MANICURE 10X12,5CM SK 2816-012",1.60,EXCLU,"prix < 80 € ; aucune image ; image placeholder",OK,,
3657,"ESTOJO ESCOLAR  2907-001",1.60,EXCLU,"prix < 80 € ; aucune image ; image placeholder",OK,,
3658,"CABIDE ADS 7,5X5,5X1,9 SK 2972-107",1.60,EXCLU,"prix < 80 € ; aucune image ; image placeholder",OK,,
3659,"CABIDE ADS 7,4X7,2X2 SK 2972-108",1.60,EXCLU,"prix < 80 € ; aucune image ; image placeholder",OK,,
3660,"CAPA ARQUIVO 2924-001-C CX50",1.60,EXCLU,"prix < 80 € ; aucune image ; image placeholder",OK,,
3661,"CAPA ARQUIVO 2924-001-E CX50",2.00,EXCLU,"prix < 80 € ; aucune image ; hors stock ; image placeholder",OK,,
3662,"CESTO PLAST. RECT.ALTO 2630-651-01 CX12 (Q12)",12.00,EXCLU,"prix < 80 € ; aucune image ; image placeholder",OK,,
3663,"CADEADO 35X28X15MM 2822-050-01 CX288 (Q12)",0.80,EXCLU,"prix < 80 € ; aucune image ; image placeholder",OK,,
3664,"SET ESCOLAR 23X20X2,6 2907-100-03",1.60,EXCLU,"prix < 80 € ; aucune image ; image placeholder",OK,,
3665,"CESTO P/PAPEL METAL 8L SK-C-804-598",1.60,EXCLU,"prix < 80 € ; aucune image ; image placeholder",OK,,
3666,"CAIXA PAO BRANCO 0105-19 CX12 (Q12)",12.00,EXCLU,"prix < 80 € ; aucune image ; image placeholder",OK,,
3667,"CHAVE FENDAS CABO 2PC SKPA-837-592",1.60,EXCLU,"prix < 80 € ; aucune image ; image placeholder",OK,,
3668,"CHAVE ESTRELA 6UN SKPA-837-597",1.60,EXCLU,"prix < 80 € ; aucune image ; image placeholder",OK,,
3669,"ROLO MADEIRA 43CM 837-609 CX12 (Q12)",4.00,EXCLU,"prix < 80 € ; aucune image ; image placeholder",OK,,
3670,"X-ATO 3PCS SKPA 837-635",0.80,EXCLU,"prix < 80 € ; aucune image ; image placeholder",OK,,
3671,"CALCULADORA SKPA 837-636",1.60,EXCLU,"prix < 80 € ; aucune image ; image placeholder",OK,,
3672,"CORTA ANANAS SKPA 837-652 CX6 (Q12)",1.60,EXCLU,"prix < 80 € ; aucune image ; image placeholder",OK,,
3673,"CONJUNTO PINCEIS 3PCS SKPA-837-677 CX72 (Q12)",1.60,EXCLU,"prix < 80 € ; aucune image ; image placeholder",OK,,
3674,"ALICATE UNIVERSAL SKPA-837-680 CX36 (Q12)",1.60,EXCLU,"prix < 80 € ; aucune image ; image placeholder",OK,,
3675,"ALICATE AGULHA SKPA-837-681 CX36 (Q12)",1.60,EXCLU,"prix < 80 € ; aucune image ; image placeholder",OK,,
3676,"ALICATE DIAGONAL SKPA-837-682 CX36 (Q12)",1.60,EXCLU,"prix < 80 € ; aucune image ; image placeholder",OK,,
3677,"CADERNO A5 PAUTADO 953-11 SK",0.80,EXCLU,"prix < 80 € ; aucune image ; image placeholder",OK,,
3678,"CADERNO A4 PAUTADO 953-13 SK",2.00,EXCLU,"prix < 80 € ; aucune image ; hors stock ; image placeholder",OK,,
3679,"RECARGA FOLHAS PAUTAD A4 953-14 SK",1.60,EXCLU,"prix < 80 € ; aucune image ; image placeholder",OK,,
3680,"ORGANIZADOR MULT 2,3L SK ORG-060-457",1.60,EXCLU,"prix < 80 € ; aucune image ; image placeholder",OK,,
3681,"MD CIRCLE PRODUÇÃO ATÉ 200X200 PET PROOF",799.00,EXCLU,"aucune image ; hors stock ; image placeholder",OK,,
3682,"BRINQ P/ANIMAL 7,5CM SK 2946-001",0.80,EXCLU,"prix < 80 € ; aucune image ; image placeholder",OK,,
3683,"BRINQ P/ANIMAL 7,5CM SK 2946-003",0.80,EXCLU,"prix < 80 € ; aucune image ; image placeholder",OK,,
3684,"BRINQ P/ANIMAL 13,5X5,5 SK 2946-004",0.80,EXCLU,"prix < 80 € ; aucune image ; image placeholder",OK,,
3685,"BRINQ P/ANIMAL 8X4,2CM SK 2946-050",0.80,EXCLU,"prix < 80 € ; aucune image ; image placeholder",OK,,
3686,"BRINQ P/ANIMAL 20CM SK 2946-104",0.80,EXCLU,"prix < 80 € ; aucune image ; image placeholder",OK,,
3687,"BRINQ P/ANIMAL 20CM SK 2946-106",1.60,EXCLU,"prix < 80 € ; aucune image ; image placeholder",OK,,
3688,"CANDEEIRO SOLAR P/MESA SK 092-211 CX12 (Q12)",2.00,EXCLU,"prix < 80 € ; aucune image ; hors stock ; image placeholder",OK,,
3689,"CANDEEIRO SOLAR PRATA SK 092-212 CX12 (Q12)",2.00,EXCLU,"prix < 80 € ; aucune image ; hors stock ; image placeholder",OK,,
3690,"CANDEEIRO SOLAR PRETO SK 092-214 CX12 (Q12)",2.00,EXCLU,"prix < 80 € ; aucune image ; hors stock ; image placeholder",OK,,
3691,"CANDEEIRO SOLAR PRATA SK 092-215 CX12 (Q12)",2.00,EXCLU,"prix < 80 € ; aucune image ; hors stock ; image placeholder",OK,,
3692,"BRINQ ANIMAL 5X12CM SKPA 837-357 CX48 (Q12)",0.80,EXCLU,"prix < 80 € ; aucune image ; image placeholder",OK,,
3693,"BRINQ. RATOS 3UN SKPA-837-487",0.80,EXCLU,"prix < 80 € ; aucune image ; image placeholder",OK,,
3694,"BRINQ. VINIL P/ANIMAL SKPA-837-490",0.80,EXCLU,"prix < 80 € ; aucune image ; image placeholder",OK,,
3695,"TABUA CORTE BAMBU 32X20 SKPA-837-539",1.60,EXCLU,"prix < 80 € ; aucune image ; image placeholder",OK,,
3696,"BRINQUEDO P/ANIMAL 2PC SKPA 837-623 CX96 (Q12)",0.80,EXCLU,"prix < 80 € ; aucune image ; image placeholder",OK,,
3697,"RASPADOR C/DEPOSITO SKPA-837-657",1.60,EXCLU,"prix < 80 € ; aucune image ; image placeholder",OK,,
3698,"BRINQ ANIMAL 14X5X2.5CM SKPA-837-663",0.80,EXCLU,"prix < 80 € ; aucune image ; image placeholder",OK,,
3699,"BOLA RUGBY VINIL 12X7CM SKPA-837-665",0.80,EXCLU,"prix < 80 € ; aucune image ; image placeholder",OK,,
3700,"BRINQ BOWLLING VINIL SKPA-837-666",0.80,EXCLU,"prix < 80 € ; aucune image ; image placeholder",OK,,
3701,"8 ROLOS SACO LIXO SKPA-837-667",1.60,EXCLU,"prix < 80 € ; aucune image ; image placeholder",OK,,
3702,"DESCASCADOR 3,3X13,5CM SKPA-837-685",1.60,EXCLU,"prix < 80 € ; aucune image ; image placeholder",OK,,
3703,"SET TIGELA 200ML C/PINCEL SKPA-837-692 CX24(Q12)20***2€",1.60,EXCLU,"prix < 80 € ; aucune image ; image placeholder",OK,,
3704,"PLAST. TAB. PORTA-TALHERES SP124(CX36)(Q14)",1.60,EXCLU,"prix < 80 € ; aucune image ; hors stock ; image placeholder",OK,,
3705,"BRINQ- P/ ANIMAL 7,5CM SK 2946-002",1.60,EXCLU,"prix < 80 € ; aucune image ; image placeholder",OK,,
3706,"BRINQ. P/ ANIMAL SK 837-360",1.60,EXCLU,"prix < 80 € ; aucune image ; image placeholder",OK,,
3707,"PEIXE P/ ANIMAL SKPA-837-481",1.60,EXCLU,"prix < 80 € ; aucune image ; image placeholder",OK,,
3708,"BRINQ. RATOS 3UN. SKPA-837-486",1.60,EXCLU,"prix < 80 € ; aucune image ; image placeholder",OK,,
3709,"BRINQUEDO P/ ANIMAIS SKPA-837-493",1.60,EXCLU,"prix < 80 € ; aucune image ; image placeholder",OK,,
3710,"CENTRO CINZA 173X173X135 510-10",1.60,EXCLU,"prix < 80 € ; aucune image ; image placeholder",OK,,
3711,"CENTRO CINZA 173X173X135 510-11",1.60,EXCLU,"prix < 80 € ; aucune image ; image placeholder",OK,,
3712,"CENTRO CINZA 233X233X135 510-14",1.60,EXCLU,"prix < 80 € ; aucune image ; image placeholder",OK,,
3713,"CENTRO CINZA 233X233X135 510-13",1.60,EXCLU,"prix < 80 € ; aucune image ; image placeholder",OK,,
3714,"VASO OVAL CINZA 290X154X148 510-17",2.00,EXCLU,"prix < 80 € ; aucune image ; hors stock ; image placeholder",OK,,
3715,"VASO OVAL CAST. 290X154X148 510-18",1.60,EXCLU,"prix < 80 € ; aucune image ; image placeholder",OK,,
3716,"VASO JARDIM CINZA 14X12,3CM 510-053",1.60,EXCLU,"prix < 80 € ; aucune image ; image placeholder",OK,,
3717,"VASO JARDIM CINZA 17,3X15,6CM 510-060",1.60,EXCLU,"prix < 80 € ; aucune image ; image placeholder",OK,,
3718,"VASO JARDIM BRANCO 173,3X15,6CM",1.60,EXCLU,"prix < 80 € ; aucune image ; image placeholder",OK,,
3719,"VASO JARDIM CAST 17,3X15,6CM 510-108",1.60,EXCLU,"prix < 80 € ; aucune image ; image placeholder",OK,,
3720,"CAIXA PLASTICA 800ML L-00767",1.60,EXCLU,"prix < 80 € ; aucune image ; image placeholder",OK,,
3721,"CAIXA PLASTICA 2800ML L-00769",2.40,EXCLU,"prix < 80 € ; aucune image ; image placeholder",OK,,
3722,"TAÇA VIDRO HERM. RET. EASY BOX 82CL",5.00,EXCLU,"prix < 80 € ; aucune image ; hors stock ; image placeholder",OK,,
3723,"MDS S070 Sofá Modular",490.00,INCLUS,,MÉDIO,"description nettoyée",461
3724,"DUBAI Sofá-Cama",699.00,INCLUS,,MÉDIO,"description nettoyée",365
3725,"MDS S037 Poltrona",199.00,INCLUS,,MÉDIO,"description nettoyée",236
3726,"MDS S021 Poltrona",369.00,INCLUS,,MÉDIO,"description nettoyée",380
3727,"ROTATIVO MD Cadeirão",249.00,INCLUS,,OK,,200
3728,"CANCUN Cadeirão Relax",299.00,INCLUS,,MÉDIO,"description nettoyée",235
3729,"LOWA Sofá Cama",419.00,INCLUS,,MÉDIO,"description nettoyée",628
3731,"BOLÓNIA Sofá-Cama",879.00,INCLUS,,MÉDIO,"description nettoyée",92
3732,"HE203 Sofá Cama",599.00,INCLUS,,MÉDIO,"description nettoyée",93
3733,"Paris Sofá Cama",529.00,INCLUS,,MÉDIO,"description nettoyée",378
3736,"BERLIM Sofá Canto",699.00,INCLUS,,MÉDIO,"description nettoyée",153
3737,"K51151M Cadeirão Relax",299.00,INCLUS,,MÉDIO,"description nettoyée",1
3739,"HS 6607 Sofá Chaise Longue",1299.00,INCLUS,,OK,,364
3740,"LANTE 163 Aparador",499.00,INCLUS,,MÉDIO,"description nettoyée",209
3741,"LANTE Estante",449.00,EXCLU,"hors stock",OK,,
3742,"ZIG ZAG JR Estante",149.00,EXCLU,"hors stock",OK,,
3743,"ARCA Estante Livros",139.00,EXCLU,"hors stock",OK,,
3744,"ARCA Estante",209.00,EXCLU,"hors stock",OK,,
3745,"ARCA Estante Aberta",249.00,INCLUS,,MÉDIO,"description nettoyée",472
3746,"CELINE JR Estante",979.00,INCLUS,,MÉDIO,"description nettoyée",605
3748,"ONYX Base TV",189.00,INCLUS,,MÉDIO,"description nettoyée",421
3749,"PRESTIGO Base TV",229.00,INCLUS,,MÉDIO,"description nettoyée",32
3750,"YOSHI JR Base TV",199.00,INCLUS,,MÉDIO,"description nettoyée",255
3751,"ROYAL Base TV",359.00,INCLUS,,MÉDIO,"description nettoyée",29
3752,"COLOR Base TV",199.00,INCLUS,,MÉDIO,"description nettoyée",237
3754,"FERIDO Base TV",239.00,INCLUS,,MÉDIO,"description nettoyée",183
3755,"SPIRIT Base TV",529.00,INCLUS,,OK,,167
3756,"KARMA SC Base TV",549.00,INCLUS,,OK,,21
3757,"CEELIAS Base TV",199.00,INCLUS,,MÉDIO,"description nettoyée",277
3759,"SANTI D`ITALIA Colchão Slim",179.00,INCLUS,,MÉDIO,"description nettoyée",316
3763,"ASTON Base TV",429.00,INCLUS,,MÉDIO,"description nettoyée",28
3764,"CAMILA Toucador",159.00,EXCLU,"éligible non inclus (au-delà de la cible)",MÉDIO,"description nettoyée",
3765,"EMMA Colchão Fusion Fresh Foam",979.00,INCLUS,,MÉDIO,"description nettoyée",71
3766,"PAFOS Base TV",299.00,INCLUS,,MÉDIO,"description nettoyée",175
3767,"NORDI Base TV",225.00,INCLUS,,MÉDIO,"description nettoyée",394
3768,"EMMA Colchão Body Adapt Hybrid",795.00,INCLUS,,MÉDIO,"description nettoyée",86
3770,"CHELLEN Base TV",142.00,INCLUS,,MÉDIO,"description nettoyée",397
3771,"EMMA Colchão Fusion Fresh Hybrid",979.00,INCLUS,,MÉDIO,"description nettoyée",72
3772,"EMMA Colchão Híbrido Original Edition",449.00,INCLUS,,MÉDIO,"description nettoyée",110
3773,"SMART HT Secretária",159.00,INCLUS,,MÉDIO,"description nettoyée",664
3775,"COLMED Colchão Executive Coolgraph",626.40,INCLUS,,MÉDIO,"description nettoyée",73
3776,"CORNER Secretária",99.00,INCLUS,,MÉDIO,"description nettoyée",295
3777,"COLMED Colchão Biomedical",808.00,INCLUS,,MÉDIO,"description nettoyée",61
3778,"CORNER HT Secretária",179.00,INCLUS,,MÉDIO,"description nettoyée",640
3779,"RINO HT Secretária",99.00,INCLUS,,MÉDIO,"description nettoyée",699
3780,"COLMED Colchão Spiral",534.40,INCLUS,,MÉDIO,"description nettoyée",87
3781,"COLMED Colchão Viscosense",530.40,EXCLU,"hors stock",OK,,
3782,"COLMED Colchão Miracle",599.00,INCLUS,,MÉDIO,"description nettoyée",83
3783,"TEO Secretária",299.00,INCLUS,,MÉDIO,"description nettoyée",514
3784,"MATI Secretária",152.00,INCLUS,,MÉDIO,"description nettoyée",692
3785,"ECOSLEEP Colchão Dual Nature",308.00,INCLUS,,MÉDIO,"description nettoyée",172
3786,"ECOSLEEP Colchão Dual Pocket",263.00,INCLUS,,MÉDIO,"description nettoyée",194
3787,"XS2962 Cadeira",79.00,EXCLU,"prix < 80 €",OK,,
3788,"XS2838 Cadeira",79.00,EXCLU,"prix < 80 €",OK,,
3789,"XS2945 Cadeira",79.00,EXCLU,"prix < 80 €",OK,,
3790,"XS1421 Mesa de Jantar",399.00,INCLUS,,MÉDIO,"description nettoyée",618
3791,"XS1416 Mesa de Jantar",399.00,INCLUS,,MÉDIO,"description nettoyée",398
3792,"ECOSLEEP Colchão Dual Foam",275.00,INCLUS,,MÉDIO,"description nettoyée",195
3793,"XS1419 Mesa de Jantar",299.00,INCLUS,,MÉDIO,"description nettoyée",834
3794,"ECOSLEEP Colchão Spring Plus",255.00,INCLUS,,MÉDIO,"description nettoyée",196
3795,"TUNA Cadeirão",289.00,INCLUS,,MÉDIO,"description nettoyée",229
3796,"ECOSLEEP Colchão Pocket Plus",315.00,INCLUS,,MÉDIO,"description nettoyée",173
3797,"ECOSLEEP Colchão Organic Foam",235.00,INCLUS,,MÉDIO,"description nettoyée",314
3798,"ECOSLEEP Colchão Fresh Pocket",425.00,INCLUS,,MÉDIO,"description nettoyée",144
3799,"ECOSLEEP Colchão Fresh Foam",275.00,INCLUS,,MÉDIO,"description nettoyée",311
3800,"ECOSLEEP Colchão Gemma Plus 2024",359.00,INCLUS,,MÉDIO,"description nettoyée",140
3801,"TOLEDO HT Mesa de Centro",359.00,INCLUS,,MÉDIO,"description nettoyée",225
3802,"ECOSLEEP Colchão Medical Roll 2024",229.00,INCLUS,,MÉDIO,"description nettoyée",201
3803,"AGUEDA Mesa de Centro",99.00,INCLUS,,MÉDIO,"description nettoyée",677
3804,"NORDI Prateleira",89.00,INCLUS,,MÉDIO,"description nettoyée",694
3805,"ECOSLEEP Colchão Visco Roll 2024",230.00,INCLUS,,MÉDIO,"description nettoyée",207
3807,"MOLAFLEX Colchão Brava",299.00,INCLUS,,MÉDIO,"description nettoyée",106
3808,"MDS S069 Sofá Chaise Longue",590.00,INCLUS,,MÉDIO,"description nettoyée",496
3809,"MDS S044 Sofá Chaise Longue",690.00,INCLUS,,MÉDIO,"description nettoyée",104
3810,"MOLAFLEX Colchão Monstera",299.00,INCLUS,,MÉDIO,"description nettoyée",94
3811,"GUARDA Sofá Chaise Longue",889.00,INCLUS,,MÉDIO,"description nettoyée",91
3812,"SEALY Colchão Style Plus",690.00,INCLUS,,MÉDIO,"description nettoyée",41
3813,"TEMPUR Colchão Form Firm",1500.00,INCLUS,,MÉDIO,"description nettoyée",38
3816,"PRISMA Movel Entrada",169.00,INCLUS,,MÉDIO,"description nettoyée",369
3818,"MOLAFLEX Colchão Firm",498.00,INCLUS,,MÉDIO,"description nettoyée",102
3819,"MOLAFLEX Colchão Comfort",349.00,INCLUS,,MÉDIO,"description nettoyée",154
3820,"OLI HT Secretária",129.00,INCLUS,,MÉDIO,"description nettoyée",281
3821,"MOLAFLEX Colchão Care Multi",598.00,INCLUS,,MÉDIO,"description nettoyée",89
3822,"ONYX Mesa de Centro",169.00,INCLUS,,MÉDIO,"description nettoyée",537
3824,"KARMA SC Mesa de Centro",399.00,INCLUS,,OK,,206
3825,"MOLAFLEX Infinity Pocket",749.00,INCLUS,,MÉDIO,"description nettoyée",78
3826,"COLOR Mesa de Centro",199.00,INCLUS,,MÉDIO,"description nettoyée",256
3827,"ARCA Prateleira",39.00,EXCLU,"prix < 80 €",OK,,
3828,"CABECERO CAMA MATRIM 145CM WS-01 LIAM GRIS (PROTOTIPO)",92.74,EXCLU,"aucune image ; image placeholder",OK,,
3829,"ARCA Módulo Parede",99.00,INCLUS,,MÉDIO,"description nettoyée",553
3830,"SUNSET Cama Casal",199.00,INCLUS,,MÉDIO,"description nettoyée",205
3832,"VERTINA JR Cama Casal",269.00,INCLUS,,MÉDIO,"description nettoyée",203
3834,"KATHY Cama Casal",259.00,INCLUS,,MÉDIO,"description nettoyée",26
3835,"CLYDE Cama Casal",235.00,INCLUS,,MÉDIO,"description nettoyée",224
3838,"IMPRESSIO JR Cama",345.00,INCLUS,,MÉDIO,"description nettoyée",390
3842,"HARMONY Super Pack Cama",708.75,INCLUS,,MÉDIO,"description nettoyée",64
3843,"MR KING Cama C/ Estrado",249.00,INCLUS,,MÉDIO,"description nettoyée",619
3844,"COLMED Colchão Airflow",755.20,INCLUS,,MÉDIO,"description nettoyée",68
3845,"COLMED Colchão Biolife",953.60,INCLUS,,MÉDIO,"description nettoyée",40
3847,"COLMED Colchão Posturepedic",564.00,INCLUS,,MÉDIO,"description nettoyée",75
3848,"MR ITALIAN Cama",599.00,INCLUS,,MÉDIO,"description nettoyée",107
3849,"MR SARDENHA Cama",599.00,INCLUS,,MÉDIO,"description nettoyée",108
3850,"Sommier Nova Bedbase Desmontada",319.20,INCLUS,,MÉDIO,"titre normalisé (casse), description nettoyée",336
3851,"COCO LINE Super Pack Cama",1055.00,INCLUS,,MÉDIO,"description nettoyée",60
3852,"TEMPUR Almofada Millenium",133.00,INCLUS,,MÉDIO,"description nettoyée",424
3853,"TEMPUR Almofada Original",122.00,INCLUS,,MÉDIO,"description nettoyée",294
3854,"TEMPUR Almofada Original SmartCool",131.00,INCLUS,,MÉDIO,"description nettoyée",291
3856,"KI 3 Cama",555.00,INCLUS,,MÉDIO,"description nettoyée",169
3859,"Estrado de Ripas",49.00,EXCLU,"prix < 80 €",OK,,
3860,"MOONLIGHT Super Pack Cama",995.00,INCLUS,,MÉDIO,"description nettoyée",65
3861,"MR DREAMS BED Cama",255.00,INCLUS,,MÉDIO,"description nettoyée",622
3862,"WOOL COMFORT Super Pack Cama",1105.00,INCLUS,,MÉDIO,"description nettoyée",54
3863,"Protetor de Colchão Impermeável",9.90,EXCLU,"prix < 80 €",OK,,
3864,"MD MIDLLE Cama",345.00,INCLUS,,MÉDIO,"description nettoyée",176
3866,"MR WOOD Cama",349.00,INCLUS,,MÉDIO,"description nettoyée",202
3867,"LANTE Cama Casal",499.00,INCLUS,,MÉDIO,"description nettoyée",115
3869,"XELO Quarto Casal",839.00,INCLUS,,MÉDIO,"description nettoyée",55
3870,"LIFE Cama Casal C/ Gaveta",259.00,EXCLU,"hors stock",OK,,
3871,"LIFE Cama Juvenil",105.00,EXCLU,"hors stock",OK,,
3873,"POCKET Cama",355.00,INCLUS,,MÉDIO,"description nettoyée",226
3874,"ARCA Cama c/ Estrado",419.00,INCLUS,,MÉDIO,"description nettoyée",231
3877,"SALAM 239 Tapete",17.00,EXCLU,"prix < 80 €",OK,,
3878,"MILTON LK Cama",619.00,INCLUS,,MÉDIO,"description nettoyée",84
3879,"DAST LK Cama",699.00,INCLUS,,MÉDIO,"description nettoyée",109
3880,"WESTON 101 Carpete",29.00,EXCLU,"prix < 80 €",OK,,
3881,"GALAXY HT Cama",515.00,EXCLU,"hors stock",OK,,
3882,"LARA Cabeceira",76.00,EXCLU,"prix < 80 €",OK,,
3884,"TUNE 582 Carpete",29.00,EXCLU,"prix < 80 €",OK,,
3885,"MS01 Mesa de Cabeceira",79.00,EXCLU,"prix < 80 €",OK,,
3886,"ROYAL Mesa de Cabeceira",149.00,INCLUS,,MÉDIO,"description nettoyée",274
3887,"VELLO 294 Carpete",29.00,EXCLU,"prix < 80 €",OK,,
3888,"ARCA Mesa de Cabeceira",129.00,EXCLU,"hors stock",OK,,
3891,"JAD 008 Carpete",29.00,EXCLU,"prix < 80 €",OK,,
3892,"SALAMANCA GPM - MODULO EXTRA (60CM)",549.00,EXCLU,"aucune image ; hors stock ; image placeholder",OK,,
3893,"SALAMANCA GPM - MODULO EXTRA (70CM)",549.00,EXCLU,"aucune image ; hors stock ; image placeholder",OK,,
3894,"SALAMANCA GPM - MODULO EXTRA (80CM)",579.00,EXCLU,"aucune image ; hors stock ; image placeholder",OK,,
3895,"SALAMANCA GPM - MODULO EXTRA C/ EXTENSIVEL (60CM)",559.00,EXCLU,"aucune image ; hors stock ; image placeholder",OK,,
3896,"SALAMANCA GPM - MODULO EXTRA C/ EXTENSIVEL (70CM)",559.00,EXCLU,"aucune image ; hors stock ; image placeholder",OK,,
3897,"SALAMANCA GPM - MODULO EXTRA C/ EXTENSIVEL (80CM)",599.00,EXCLU,"aucune image ; hors stock ; image placeholder",OK,,
3898,"SALAMANCA GPM - MODULO EXTRA (90CM)",579.00,EXCLU,"aucune image ; hors stock ; image placeholder",OK,,
3899,"SALAMANCA GPM - MODULO EXTRA C/ EXTENSIVEL (90CM)",599.00,EXCLU,"aucune image ; hors stock ; image placeholder",OK,,
3900,"SALAMANCA GPM - MODULO EXTRA (60CM) - PETPROOF",689.00,EXCLU,"aucune image ; hors stock ; image placeholder",OK,,
3901,"SALAMANCA GPM - MODULO EXTRA (70CM) - PETPROOF",689.00,EXCLU,"aucune image ; hors stock ; image placeholder",OK,,
3902,"SALAMANCA GPM - MODULO EXTRA (80CM) - PETPROOF",739.00,EXCLU,"aucune image ; hors stock ; image placeholder",OK,,
3903,"SALAMANCA GPM - MODULO EXTRA C/ EXTENSIVEL (60CM) - PETPROOF",709.00,EXCLU,"aucune image ; hors stock ; image placeholder",OK,,
3904,"SALAMANCA GPM - MODULO EXTRA C/ EXTENSIVEL (70CM) - PETPROOF",709.00,EXCLU,"aucune image ; hors stock ; image placeholder",OK,,
3905,"SALAMANCA GPM - MODULO EXTRA C/ EXTENSIVEL (80CM) - PETPROOF",759.00,EXCLU,"aucune image ; hors stock ; image placeholder",OK,,
3906,"SALAMANCA GPM - MODULO EXTRA (90CM) - PETPROOF",739.00,EXCLU,"aucune image ; hors stock ; image placeholder",OK,,
3907,"SALAMANCA GPM - CADEIRAO (90CM)",689.00,EXCLU,"aucune image ; hors stock ; image placeholder",OK,,
3908,"SALAMANCA GPM - MODULO EXTRA C/ EXTENSIVEL (90CM) - PETPROOF",759.00,EXCLU,"aucune image ; hors stock ; image placeholder",OK,,
3909,"SALAMANCA GPM - CADEIRAO C/ EXTENSIVEL (90CM)",709.00,EXCLU,"aucune image ; hors stock ; image placeholder",OK,,
3910,"SALAMANCA GPM - MODULO EXTRA C/ RELAX (70CM)",719.00,EXCLU,"aucune image ; hors stock ; image placeholder",OK,,
3911,"SALAMANCA GPM - MODULO EXTRA C/ RELAX (80CM)",759.00,EXCLU,"aucune image ; hors stock ; image placeholder",OK,,
3912,"SALAMANCA GPM - CHAISE LONGUE EXTRA C/ BAU (100CM)",729.00,EXCLU,"aucune image ; hors stock ; image placeholder",OK,,
3913,"SALAMANCA GPM - CHAISE LONGUE EXTRA C/ BAU (110CM)",759.00,EXCLU,"aucune image ; hors stock ; image placeholder",OK,,
3914,"SALAMANCA GPM - CHAISE LONGUE EXTRA C/ BAU (90CM)",729.00,EXCLU,"aucune image ; hors stock ; image placeholder",OK,,
3915,"SALAMANCA GPM - MODULO EXTRA C/ RELAX (90CM)",759.00,EXCLU,"aucune image ; hors stock ; image placeholder",OK,,
3916,"SALAMANCA GPM - CHAISE LONGUE EXTRA C/ BAU (120CM)",759.00,EXCLU,"aucune image ; hors stock ; image placeholder",OK,,
3917,"SALAMANCA GPM - CADEIRAO (90CM) - PETPROOF",879.00,EXCLU,"aucune image ; hors stock ; image placeholder",OK,,
3918,"SALAMANCA GPM - CADEIRAO C/ EXTENSIVEL (90CM) - PETPROOF",899.00,EXCLU,"aucune image ; hors stock ; image placeholder",OK,,
3919,"SALAMANCA GPM - MODULO EXTRA C/ RELAX (70CM) - PETPROOF",909.00,EXCLU,"aucune image ; hors stock ; image placeholder",OK,,
3920,"SALAMANCA GPM - MODULO EXTRA C/ RELAX (80CM) - PETPROOF",959.00,EXCLU,"aucune image ; hors stock ; image placeholder",OK,,
3921,"SALAMANCA GPM - CHAISE LONGUE EXTRA C/ BAU (100CM) - PETPROOF",919.00,EXCLU,"aucune image ; hors stock ; image placeholder",OK,,
3922,"SALAMANCA GPM - CHAISE LONGUE EXTRA C/ BAU (110CM) - PETPROOF",969.00,EXCLU,"aucune image ; hors stock ; image placeholder",OK,,
3923,"SALAMANCA GPM - CHAISE LONGUE EXTRA C/ BAU (90CM) - PETPROOF",919.00,EXCLU,"aucune image ; hors stock ; image placeholder",OK,,
3924,"SALAMANCA GPM - CADEIRAO C/ RELAX (90CM)",859.00,EXCLU,"aucune image ; hors stock ; image placeholder",OK,,
3925,"SALAMANCA GPM - MODULO EXTRA C/ RELAX (90CM) - PETPROOF",959.00,EXCLU,"aucune image ; hors stock ; image placeholder",OK,,
3926,"SALAMANCA GPM - CHAISE LONGUE EXTRA C/ BAU (120CM) - PETPROOF",969.00,EXCLU,"aucune image ; hors stock ; image placeholder",OK,,
3927,"SALAMANCA GPM - CHAISE LONGUE EXTRA EXTENSIVEL (100CM)",1009.00,EXCLU,"aucune image ; hors stock ; image placeholder",OK,,
3928,"SALAMANCA GPM - CHAISE LONGUE EXTRA EXTENSIVEL (110CM)",1049.00,EXCLU,"aucune image ; hors stock ; image placeholder",OK,,
3929,"SALAMANCA GPM - CHAISE LONGUE EXTRA EXTENSIVEL (90CM)",1009.00,EXCLU,"aucune image ; hors stock ; image placeholder",OK,,
3930,"SALAMANCA GPM - CADEIRAO C/ RELAX - PETPROOF",1089.00,EXCLU,"aucune image ; hors stock ; image placeholder",OK,,
3931,"SALAMANCA GPM - CHAISE LONGUE EXTRA EXTENSIVEL (120CM)",1049.00,EXCLU,"aucune image ; hors stock ; image placeholder",OK,,
3932,"SALAMANCA GPM - CHAISE LONGUE EXTRA EXTENSIVEL (100CM) - PETPROOF",1279.00,EXCLU,"aucune image ; hors stock ; image placeholder",OK,,
3933,"SALAMANCA GPM - CHAISE LONGUE EXTRA EXTENSIVEL (110CM) - PETPROOF",1329.00,EXCLU,"aucune image ; hors stock ; image placeholder",OK,,
3934,"SALAMANCA GPM - CHAISE LONGUE EXTRA EXTENSIVEL (90CM) - PETPROOF",1279.00,EXCLU,"aucune image ; hors stock ; image placeholder",OK,,
3935,"SALAMANCA GPM - CHAISE LONGUE EXTRA EXTENSIVEL (120CM) - PETPROOF",1329.00,EXCLU,"aucune image ; hors stock ; image placeholder",OK,,
3936,"SALAMANCA GPM - SOFA 2 LUGARES C/ 2 ASSENTOS E ARRUMAÇAO NO BRAÇO (180CM)",1439.00,EXCLU,"aucune image ; hors stock ; image placeholder",OK,,
3937,"SALAMANCA GPM - SOFA 2 LUGARES C/ 2 ASSENTOS E ARRUMAÇAO NO BRAÇO (200CM)",1439.00,EXCLU,"aucune image ; hors stock ; image placeholder",OK,,
3938,"SALAMANCA GPM - SOFA 3 LUGARES C/ 2 ASSENTOS E ARRUMAÇÃO NO BRAÇO (220CM)",1519.00,EXCLU,"aucune image ; hors stock ; image placeholder",OK,,
3939,"SALAMANCA GPM - SOFA 2 LUGARES C/ 2 EXTENSÍVEIS E ARRUMAÇÃO NO BRAÇO (180CM)",1479.00,EXCLU,"aucune image ; hors stock ; image placeholder",OK,,
3940,"SALAMANCA GPM - SOFA 2 LUGARES C/ 2 EXTENSÍVEIS E ARRUMAÇÃO NO BRAÇO (200CM)",1479.00,EXCLU,"aucune image ; hors stock ; image placeholder",OK,,
3941,"SALAMANCA GPM - SOFA 3 LUGARES C/ 2 EXTENSÍVEIS E ARRUMAÇÃO NO BRAÇO (220CM)",1559.00,EXCLU,"aucune image ; hors stock ; image placeholder",OK,,
3942,"SALAMANCA GPM - SOFA 3 LUGARES C/ 2 ASSENTOS E ARRUMAÇÃO NO BRAÇO (240CM)",1519.00,EXCLU,"aucune image ; hors stock ; image placeholder",OK,,
3943,"SALAMANCA GPM - SOFA 3 LUGARES C/ 2 EXTENSÍVEIS E ARRUMAÇÃO NO BRAÇO (240CM)",1559.00,EXCLU,"aucune image ; hors stock ; image placeholder",OK,,
3944,"SALAMANCA GPM - SOFA 2 LUGARES C/ 2 ASSENTOS (180CM) - PETPROOF",1829.00,EXCLU,"aucune image ; hors stock ; image placeholder",OK,,
3945,"SALAMANCA GPM - SOFA 2 LUGARES C/ 2 ASSENTOS (200CM) - PETPROOF",1829.00,EXCLU,"aucune image ; hors stock ; image placeholder",OK,,
3946,"SALAMANCA GPM - SOFA 3 LUGARES C/ 2 ASSENTOS E ARRUMAÇÃO NO BRAÇO (220CM) - PETPROOF",1929.00,EXCLU,"aucune image ; hors stock ; image placeholder",OK,,
3947,"SALAMANCA GPM - SOFA 2 LUGARES C/ 2 EXTENSÍVEIS E ARRUMAÇÃO NO BRAÇO (180CM) - PETPROOF",1879.00,EXCLU,"aucune image ; hors stock ; image placeholder",OK,,
3948,"SALAMANCA GPM - SOFA 2 LUGARES C/ 2 EXTENSÍVEIS E ARRUMAÇÃO NO BRAÇO (200CM) - PETPROOF",1879.00,EXCLU,"aucune image ; hors stock ; image placeholder",OK,,
3949,"SALAMANCA GPM - SOFA 3 LUGARES C/ 2 EXTENSÍVEIS E ARRUMAÇÃO NO BRAÇO (220CM) - PETPROOF",1979.00,EXCLU,"aucune image ; hors stock ; image placeholder",OK,,
3950,"SALAMANCA GPM - SOFA 2 LUGARES C/ 2 RELAX E ARRUMAÇÃO NO BRAÇO (180CM)",1789.00,EXCLU,"aucune image ; hors stock ; image placeholder",OK,,
3951,"SALAMANCA GPM - SOFA 2 LUGARES C/ 2 RELAX E ARRUMAÇÃO NO BRAÇO (200CM)",1789.00,EXCLU,"aucune image ; hors stock ; image placeholder",OK,,
3952,"SALAMANCA GPM - SOFA 3 LUGARES C/ 2 ASSENTOS E ARRUMAÇÃO NO BRAÇO (240CM) - PETPROOF",1929.00,EXCLU,"aucune image ; image placeholder",OK,,
3953,"SALAMANCA GPM - SOFA 3 LUGARES C/ 2 EXTENSÍVEIS E ARRUMAÇÃO NO BRAÇO (240CM) - PETPROOF",1979.00,EXCLU,"aucune image ; hors stock ; image placeholder",OK,,
3954,"SALAMANCA GPM - SOFA 3 LUGARES C/ 2 RELAX E ARRUMAÇÃO NO BRAÇO (240CM)",1869.00,EXCLU,"aucune image ; hors stock ; image placeholder",OK,,
3955,"SALAMANCA GPM - SOFA CHAISE LONGUE C/ BAU, 2 ASSENTOS E ARRUMAÇÃO NOS BRAÇOS (240 CM)",1989.00,EXCLU,"aucune image ; hors stock ; image placeholder",OK,,
3956,"SALAMANCA GPM - SOFA CHAISE LONGUE C/ BAU, 2 ASSENTOS E ARRUMAÇÃO NOS BRAÇOS (270 CM)",1989.00,EXCLU,"aucune image ; hors stock ; image placeholder",OK,,
3957,"SALAMANCA GPM - SOFA CHAISE LONGUE C/ BAU, 2 ASSENTOS E ARRUMAÇÃO NOS BRAÇOS (300 CM)",2109.00,EXCLU,"aucune image ; hors stock ; image placeholder",OK,,
3958,"SALAMANCA GPM - SOFA CHAISE LONGUE C/ BAU, 2 EXTENSIVEIS E ARRUMAÇÃO NOS BRAÇOS (240 CM)",2029.00,EXCLU,"aucune image ; hors stock ; image placeholder",OK,,
3959,"SALAMANCA GPM - SOFA CHAISE LONGUE C/ BAU, 2 EXTENSIVEIS E ARRUMAÇÃO NOS BRAÇOS (270 CM)",2029.00,EXCLU,"aucune image ; hors stock ; image placeholder",OK,,
3960,"SALAMANCA GPM - SOFA CHAISE LONGUE C/ BAU, 2 EXTENSIVEIS E ARRUMAÇÃO NOS BRAÇOS (300 CM)",2049.00,EXCLU,"aucune image ; hors stock ; image placeholder",OK,,
3961,"SALAMANCA GPM - SOFA 3 LUGARES C/ 2 RELAX E ARRUMAÇÃO NO BRAÇO (220CM) - PETPROOF",2369.00,EXCLU,"aucune image ; hors stock ; image placeholder",OK,,
3962,"SALAMANCA GPM - SOFA CHAISE LONGUE C/ BAU, 2 ASSENTOS E ARRUMAÇÃO NOS BRAÇOS (330 CM)",2109.00,EXCLU,"aucune image ; hors stock ; image placeholder",OK,,
3963,"SALAMANCA GPM - SOFA 2 LUGARES C/ 2 RELAX E ARRUMAÇÃO NO BRAÇO (180CM) - PETPROOF",2269.00,EXCLU,"aucune image ; hors stock ; image placeholder",OK,,
3964,"SALAMANCA GPM - SOFA 2 LUGARES C/ 2 RELAX E ARRUMAÇÃO NO BRAÇO (200CM) - PETPROOF",2269.00,EXCLU,"aucune image ; hors stock ; image placeholder",OK,,
3965,"SALAMANCA GPM - SOFA CHAISE LONGUE C/ BAU, 2 EXTENSIVEIS E ARRUMAÇÃO NOS BRAÇOS (330 CM)",2149.00,EXCLU,"aucune image ; hors stock ; image placeholder",OK,,
3966,"SALAMANCA GPM - SOFA 3 LUGARES C/ 2 RELAX E ARRUMAÇÃO NO BRAÇO (240CM) - PETPROOF",2369.00,EXCLU,"aucune image ; hors stock ; image placeholder",OK,,
3967,"SALAMANCA GPM - SOFA CHAISE LONGUE C/ BAU, 2 ASSENTOS E ARRUMAÇÃO NOS BRAÇOS (240 CM) - PETPROOF",2529.00,EXCLU,"aucune image ; hors stock ; image placeholder",OK,,
3968,"SALAMANCA GPM - SOFA CHAISE LONGUE C/ BAU, 2 ASSENTOS E ARRUMAÇÃO NOS BRAÇOS (270 CM) - PETPROOF",2529.00,EXCLU,"aucune image ; hors stock ; image placeholder",OK,,
3969,"SALAMANCA GPM - SOFA CHAISE LONGUE C/ BAU, 2 ASSENTOS E ARRUMAÇÃO NOS BRAÇOS (300 CM) - PETPROOF",2669.00,EXCLU,"aucune image ; hors stock ; image placeholder",OK,,
3970,"SALAMANCA GPM - SOFA CHAISE LONGUE C/ BAU, 2 EXTENSIVEIS E ARRUMAÇÃO NOS BRAÇOS (240 CM) - PETPROOF",2579.00,EXCLU,"aucune image ; hors stock ; image placeholder",OK,,
3971,"SALAMANCA GPM - SOFA CHAISE LONGUE C/ BAU, 2 EXTENSIVEIS E ARRUMAÇÃO NOS BRAÇOS (270 CM) - PETPROOF",2579.00,EXCLU,"aucune image ; hors stock ; image placeholder",OK,,
3972,"SALAMANCA GPM - SOFA CHAISE LONGUE C/ BAU, 2 EXTENSIVEIS E ARRUMAÇÃO NOS BRAÇOS (300 CM) - PETPROOF",2719.00,EXCLU,"aucune image ; hors stock ; image placeholder",OK,,
3973,"SALAMANCA GPM - SOFA CHAISE LONGUE C/ BAU, 2 RELAX E ARRUMAÇÃO NOS BRAÇOS (270 CM)",2339.00,EXCLU,"aucune image ; hors stock ; image placeholder",OK,,
3974,"SALAMANCA GPM - SOFA CHAISE LONGUE C/ BAU, 2 ASSENTOS E ARRUMAÇÃO NOS BRAÇOS (330 CM) - PETPROOF",2669.00,EXCLU,"aucune image ; hors stock ; image placeholder",OK,,
3975,"SALAMANCA GPM - SOFA 3 LUGARES C/ 3 RELAX E ARRUMAÇÃO NO BRAÇO (270CM)",2509.00,EXCLU,"aucune image ; hors stock ; image placeholder",OK,,
3976,"SALAMANCA GPM - SOFA 3 LUGARES C/ 3 RELAX E ARRUMAÇÃO NO BRAÇO (300CM)",2619.00,EXCLU,"aucune image ; hors stock ; image placeholder",OK,,
3977,"SALAMANCA GPM - SOFA CHAISE LONGUE C/ BAU, 2 EXTENSIVEIS E ARRUMAÇÃO NOS BRAÇOS (330 CM) - PETPROOF",2719.00,EXCLU,"aucune image ; hors stock ; image placeholder",OK,,
3978,"SALAMANCA GPM - SOFA C/ CHAISE LONGUE EXTENSIVEL, 2 RELAX E ARRUMAÇÃO NOS BRAÇOS (240 CM)",2619.00,EXCLU,"aucune image ; hors stock ; image placeholder",OK,,
3979,"SALAMANCA GPM - SOFA C/ CHAISE LONGUE EXTENSIVEL, 2 RELAX E ARRUMAÇÃO NOS BRAÇOS (270 CM)",2619.00,EXCLU,"aucune image ; hors stock ; image placeholder",OK,,
3980,"SALAMANCA GPM - SOFA C/ CHAISE LONGUE EXTENSIVEL, 2 RELAX E ARRUMAÇÃO NOS BRAÇOS (300 CM)",2739.00,EXCLU,"aucune image ; hors stock ; image placeholder",OK,,
3981,"SALAMANCA GPM - SOFA CHAISE LONGUE C/ BAU, 2 RELAX E ARRUMAÇÃO NOS BRAÇOS (330 CM)",2449.00,EXCLU,"aucune image ; hors stock ; image placeholder",OK,,
3982,"SALAMANCA GPM - SOFA C/ CHAISE LONGUE EXTENSIVEL, 2 RELAX E ARRUMAÇÃO NOS BRAÇOS (330 CM)",2739.00,EXCLU,"aucune image ; hors stock ; image placeholder",OK,,
3983,"SALAMANCA GPM - SOFA CHAISE LONGUE C/ BAU, 2 RELAX E ARRUMAÇÃO NOS BRAÇOS (330 CM) - PETPROOF",3109.00,EXCLU,"aucune image ; hors stock ; image placeholder",OK,,
3984,"SALAMANCA GPM - SOFA CHAISE LONGUE C/ BAU, 2 RELAX E ARRUMAÇÃO NOS BRAÇOS (270 CM) - PETPROOF",2959.00,EXCLU,"aucune image ; hors stock ; image placeholder",OK,,
3985,"SALAMANCA GPM - SOFA CHAISE LONGUE C/ BAU, 2 RELAX E ARRUMAÇÃO NOS BRAÇOS (300 CM) - PETPROOF",3109.00,EXCLU,"aucune image ; hors stock ; image placeholder",OK,,
3986,"SALAMANCA GPM - SOFA C/ CHAISE LONGUE EXTENSIVEL, 2 RELAX E ARRUMAÇÃO NOS BRAÇOS (240 CM) - PETPROOF",3319.00,EXCLU,"aucune image ; hors stock ; image placeholder",OK,,
3987,"SALAMANCA GPM - SOFA C/ CHAISE LONGUE EXTENSIVEL, 2 RELAX E ARRUMAÇÃO NOS BRAÇOS (270 CM) - PETPROOF",3319.00,EXCLU,"aucune image ; hors stock ; image placeholder",OK,,
3988,"SALAMANCA GPM - SOFA C/ CHAISE LONGUE EXTENSIVEL, 2 RELAX E ARRUMAÇÃO NOS BRAÇOS (300 CM) - PETPROOF",3469.00,EXCLU,"aucune image ; hors stock ; image placeholder",OK,,
3989,"SALAMANCA GPM - SOFA C/ CHAISE LONGUE EXTENSIVEL, 2 RELAX E ARRUMAÇÃO NOS BRAÇOS (330 CM) - PETPROOF",3469.00,EXCLU,"aucune image ; hors stock ; image placeholder",OK,,
3990,"SALAMANCA GPM - SOFA CANTO (2+CT+2) C/ 4 ASSENTOS E ARRUMAÇÃO NOS BRAÇOS (250CM X 250CM)",2919.00,EXCLU,"aucune image ; hors stock ; image placeholder",OK,,
3991,"SALAMANCA GPM - SOFA CANTO (2+CT+2) C/ 4 ASSENTOS E ARRUMAÇÃO NOS BRAÇOS (270CM X 270CM)",2919.00,EXCLU,"aucune image ; hors stock ; image placeholder",OK,,
3992,"SALAMANCA GPM - SOFA CANTO (2+CT+2) C/ 4 ASSENTOS E ARRUMAÇÃO NOS BRAÇOS (290CM X 290CM)",3069.00,EXCLU,"aucune image ; hors stock ; image placeholder",OK,,
3993,"SALAMANCA GPM - SOFA CANTO (2+CT+2) C/ 4 EXTENSIVEIS E ARRUMAÇÃO NOS BRAÇOS (250CM X 250CM)",2989.00,EXCLU,"aucune image ; hors stock ; image placeholder",OK,,
3994,"SALAMANCA GPM - SOFA CANTO (2+CT+2) C/ 4 EXTENSIVEIS E ARRUMAÇÃO NOS BRAÇOS (270CM X 270CM)",2989.00,EXCLU,"aucune image ; hors stock ; image placeholder",OK,,
3995,"SALAMANCA GPM - SOFA CANTO (2+CT+2) C/ 4 EXTENSIVEIS E ARRUMAÇÃO NOS BRAÇOS (290CM X 290CM)",3149.00,EXCLU,"aucune image ; hors stock ; image placeholder",OK,,
3996,"SALAMANCA GPM - SOFA CANTO (2+CT+2) C/ 4 RELAX E ARRUMAÇÃO NOS BRAÇOS (250CM X 250CM)",3609.00,EXCLU,"aucune image ; hors stock ; image placeholder",OK,,
3997,"SALAMANCA GPM - SOFA CANTO (2+CT+2) C/ 4 RELAX E ARRUMAÇÃO NOS BRAÇOS (270CM X 270CM)",3609.00,EXCLU,"aucune image ; hors stock ; image placeholder",OK,,
3998,"SALAMANCA GPM - SOFA CANTO (2+CT+2) C/ 4 RELAX E ARRUMAÇÃO NOS BRAÇOS (290CM X 290CM)",3759.00,EXCLU,"aucune image ; hors stock ; image placeholder",OK,,
3999,"SALAMANCA GPM - SOFA CANTO C/ CHAISE LONGUE C/ BAU, 4 ASSENTOS E ARRUMAÇÃO NOS BRAÇOS (250CM X 340CM)",3639.00,EXCLU,"aucune image ; hors stock ; image placeholder",OK,,
4000,"SALAMANCA GPM - SOFA CANTO C/ CHAISE LONGUE C/ BAU, 4 ASSENTOS E ARRUMAÇÃO NOS BRAÇOS (270CM X 370CM)",3639.00,EXCLU,"aucune image ; hors stock ; image placeholder",OK,,
4001,"SALAMANCA GPM - SOFA CANTO C/ CHAISE LONGUE C/ BAU, 4 ASSENTOS E ARRUMAÇÃO NOS BRAÇOS (290CM X 400CM)",3839.00,EXCLU,"aucune image ; hors stock ; image placeholder",OK,,
4002,"SALAMANCA GPM - SOFA CANTO C/ CHAISE LONGUE C/ BAU, 4 EXTENSIVEIS E ARRUMAÇÃO NOS BRAÇOS (250CM X 340CM)",3719.00,EXCLU,"aucune image ; hors stock ; image placeholder",OK,,
4003,"SALAMANCA GPM - SOFA CANTO C/ CHAISE LONGUE C/ BAU, 4 EXTENSIVEIS E ARRUMAÇÃO NOS BRAÇOS (270CM X 370CM)",3719.00,EXCLU,"aucune image ; hors stock ; image placeholder",OK,,
4004,"SALAMANCA GPM - SOFA CANTO C/ CHAISE LONGUE C/ BAU, 4 EXTENSIVEIS E ARRUMAÇÃO NOS BRAÇOS (290CM X 400CM)",3909.00,EXCLU,"aucune image ; hors stock ; image placeholder",OK,,
4005,"SALAMANCA GPM - SOFA CANTO C/ CHAISE LONGUE EXTENSIVEL, 4 ASSENTOS E ARRUMAÇÃO NOS BRAÇOS (250CM X 340CM)",4079.00,EXCLU,"aucune image ; hors stock ; image placeholder",OK,,
4006,"SALAMANCA GPM - SOFA CANTO C/ CHAISE LONGUE EXTENSIVEL, 4 ASSENTOS E ARRUMAÇÃO NOS BRAÇOS (270CM X 370CM)",4079.00,EXCLU,"aucune image ; hors stock ; image placeholder",OK,,
4007,"GALAXY HT Mesa de Cabeceira",115.00,INCLUS,,MÉDIO,"description nettoyée",678
4008,"DERBA 035 Carpete",26.00,EXCLU,"prix < 80 €",OK,,
4009,"CHELLEN Mesa de Cabeceira",98.00,INCLUS,,MÉDIO,"description nettoyée",296
4010,"ZAVE 222 Carpete",23.00,EXCLU,"prix < 80 €",OK,,
4011,"LARA Mesa de Cabeceira",86.00,INCLUS,,MÉDIO,"description nettoyée",301
4012,"WATSON Camiseiro",139.00,INCLUS,,MÉDIO,"description nettoyée",360
4013,"TOUL 074 Carpete",29.00,EXCLU,"prix < 80 €",OK,,
4017,"AMBIENTE 018 Carpete",30.00,EXCLU,"prix < 80 €",OK,,
4018,"ENDA 175 Tapete",39.00,EXCLU,"prix < 80 €",OK,,
4019,"ARCA Cómoda",239.00,INCLUS,,MÉDIO,"description nettoyée",283
4020,"DAST LK Cómoda",369.00,INCLUS,,MÉDIO,"description nettoyée",401
4021,"LENE 159 Tapete",29.00,EXCLU,"prix < 80 €",OK,,
4022,"CHELLEN DS Cómoda",158.00,INCLUS,,MÉDIO,"description nettoyée",417
4023,"ZAHA 176 Tapete",25.00,EXCLU,"prix < 80 €",OK,,
4024,"LARA Camiseiro",142.00,INCLUS,,MÉDIO,"description nettoyée",359
4025,"WATSON JR Roupeiro",399.00,INCLUS,,MÉDIO,"description nettoyée",25
4026,"QUATRO 024 Carpete",29.00,EXCLU,"prix < 80 €",OK,,
4027,"BASIC Roupeiro",129.00,INCLUS,,MÉDIO,"description nettoyée",30
4028,"IMPRESSIO JR Roupeiro",649.00,INCLUS,,MÉDIO,"description nettoyée",382
4030,"VERTINA JR Roupeiro",469.00,INCLUS,,MÉDIO,"description nettoyée",22
4031,"GHOST Roupeiro",115.00,INCLUS,,MÉDIO,"description nettoyée",2
4032,"VIQI 054 Carpete",29.00,EXCLU,"prix < 80 €",OK,,
4033,"ARCA Roupeiro",229.00,EXCLU,"hors stock",OK,,
4035,"LOMBOK Espreguiçadeira",185.00,EXCLU,"hors stock",OK,,
4036,"MYKONOS Espreguiçadeira",189.00,INCLUS,,MÉDIO,"description nettoyée",440
4037,"JR097 Sapateira c/ Espelho",159.00,EXCLU,"hors stock",OK,,
4038,"DREAM Espreguiçadeira",69.00,EXCLU,"prix < 80 €",OK,,
4039,"MONOBLOCK Espreguiçadeira",39.00,EXCLU,"prix < 80 €",OK,,
4042,"DC239 Cadeira",43.00,EXCLU,"prix < 80 €",OK,,
4043,"DC578 Cadeira",69.00,EXCLU,"prix < 80 €",OK,,
4044,"JD7966-1 Cadeira",89.00,INCLUS,,MÉDIO,"description nettoyée",288
4045,"JD7966-2 Cadeira",49.00,EXCLU,"prix < 80 €",OK,,
4046,"LDC956 Cadeira",21.45,EXCLU,"prix < 80 €",OK,,
4047,"PASTEL Cadeira",159.00,INCLUS,,MÉDIO,"description nettoyée",330
4048,"TUNA Cadeira",119.00,INCLUS,,MÉDIO,"description nettoyée",691
4049,"LAVITA Cadeira",89.00,INCLUS,,MÉDIO,"description nettoyée",418
4050,"MJD8420 Cadeira",69.00,EXCLU,"prix < 80 €",OK,,
4051,"JD8486 Cadeira",79.00,EXCLU,"prix < 80 €",OK,,
4052,"NANO Roupeiro",139.00,INCLUS,,MÉDIO,"description nettoyée",257
4053,"DC566 Cadeira",49.00,EXCLU,"prix < 80 €",OK,,
4054,"JD8752 Cadeira",69.00,EXCLU,"prix < 80 €",OK,,
4055,"JD6001 Cadeira",45.00,EXCLU,"prix < 80 €",OK,,
4056,"NORDI Roupeiro",519.00,INCLUS,,MÉDIO,"description nettoyée",385
4057,"DINAMARCA Conjunto de Mesa e Cadeiras",125.00,INCLUS,,MÉDIO,"description nettoyée",426
4058,"EMI Pack 6 Cadeiras",159.00,INCLUS,,MÉDIO,"description nettoyée",539
4059,"DINAMARCA Pack 4 Cadeiras",89.00,INCLUS,,MÉDIO,"description nettoyée",430
4060,"ZANTE JR Mesa de Jantar",349.00,INCLUS,,MÉDIO,"description nettoyée",404
4062,"DCP348 Cadeira",16.00,EXCLU,"prix < 80 €",OK,,
4063,"M001 Sofá 3 Lugares",699.00,INCLUS,,MÉDIO,"description nettoyée",463
4064,"KMAX P2GY Sofá Cama",299.00,INCLUS,,MÉDIO,"description nettoyée",515
4065,"KENT Mesa de Jantar",159.00,INCLUS,,MÉDIO,"description nettoyée",415
4066,"YURI Pack 6 Cadeiras",159.00,INCLUS,,MÉDIO,"description nettoyée",441
4067,"FINA Pack 4 Cadeiras",129.00,INCLUS,,MÉDIO,"description nettoyée",545
4068,"BRONX JR Mesa de Jantar",295.00,INCLUS,,MÉDIO,"description nettoyée",208
4069,"KMAX 6672 Sofá - Cama",649.00,INCLUS,,MÉDIO,"description nettoyée",465
4070,"KMAX 6671 Sofá Cama",649.00,INCLUS,,MÉDIO,"description nettoyée",491
4071,"LANE Pack 4 Cadeiras",259.00,INCLUS,,MÉDIO,"description nettoyée",317
4072,"RORY Pack 4 Cadeiras",249.00,INCLUS,,MÉDIO,"description nettoyée",438
4073,"SPIRIT Mesa de Jantar",649.00,INCLUS,,OK,,145
4074,"SAN Pack 4 Cadeiras",249.00,INCLUS,,MÉDIO,"description nettoyée",331
4075,"ROWENA Pack 2 Cadeiras",165.00,INCLUS,,MÉDIO,"description nettoyée",534
4076,"BRISTOL JR Mesa de Jantar",199.00,INCLUS,,MÉDIO,"description nettoyée",470
4077,"AKASYA Cadeira",99.00,INCLUS,,MÉDIO,"description nettoyée",332
4078,"CEELIAS Aparador",289.00,INCLUS,,MÉDIO,"description nettoyée",318
4079,"ZANTE Vitrine",759.00,INCLUS,,MÉDIO,"description nettoyée",146
4080,"KARMA SC Mesa de Jantar",759.00,INCLUS,,OK,,126
4081,"NORDI Mesa de Jantar",419.00,INCLUS,,MÉDIO,"description nettoyée",395
4082,"NURA Secretária",79.00,EXCLU,"prix < 80 €",OK,,
4083,"ONYX Aparador",319.00,INCLUS,,MÉDIO,"description nettoyée",325
4085,"Anthony JR Mesa de Jantar",209.00,INCLUS,,MÉDIO,"description nettoyée",249
4090,"ROYAL Aparador Alto",469.00,INCLUS,,MÉDIO,"description nettoyée",210
4091,"COLOR Aparador",269.00,EXCLU,"hors stock",OK,,
4092,"COLOR Aparador Alto",239.00,EXCLU,"hors stock",OK,,
4093,"LANTE 138 Aparador",399.00,EXCLU,"hors stock",OK,,
4094,"SENSEI Mesa de Jantar",199.00,INCLUS,,MÉDIO,"description nettoyée",679
4097,"ARCA Aparador",299.00,EXCLU,"hors stock",OK,,
4101,"FERIDO Aparador",345.00,INCLUS,,MÉDIO,"description nettoyée",137
4104,"SNAPP SC Aparador",569.00,INCLUS,,OK,,132
4105,"KARMA SC Aparador",799.00,INCLUS,,MÉDIO,"description nettoyée",125
4106,"KARMA Vitrine",649.00,INCLUS,,MÉDIO,"description nettoyée",134
4107,"SILKE HT Aparador",329.00,INCLUS,,MÉDIO,"description nettoyée",163
4108,"KARMA Aparador Alto",799.00,INCLUS,,MÉDIO,"description nettoyée",372
4109,"BALTIC LK - CAMA COM ARRUMAÇÃO 200X160",519.00,EXCLU,"aucune image ; hors stock ; image placeholder",OK,,
4110,"BALTIC LK - CÓMODA 138 6 GAVETAS",469.00,EXCLU,"aucune image ; hors stock ; image placeholder",OK,,
4111,"BALTIC LK - CONJUNTO DE 2 MESAS DE CABECEIRA C/ LED",339.00,EXCLU,"aucune image ; hors stock ; image placeholder",OK,,
4112,"BALTIC LK - ESTRADO ELEVATÓRIO 200X160",299.00,EXCLU,"aucune image ; image placeholder",OK,,
4113,"BALTIC LK - ROUPEIRO 220CM",1119.00,EXCLU,"aucune image ; hors stock ; image placeholder",OK,,
4114,"CROSS LK - APARADOR 180CM - BRANCO & PRETO",379.00,EXCLU,"aucune image ; hors stock ; image placeholder",OK,,
4115,"CROSS LK - APARADOR 180CM - BRANCO & WOTAN",379.00,EXCLU,"aucune image ; hors stock ; image placeholder",OK,,
4116,"CROSS LK - APARADOR 180CM - CONGO",379.00,EXCLU,"aucune image ; hors stock ; image placeholder",OK,,
4117,"CROSS LK - APARADOR 180CM - ELEGANT OAK",379.00,EXCLU,"aucune image ; hors stock ; image placeholder",OK,,
4118,"CROSS LK - APARADOR 4 GAVETAS C 4 PORTAS 225CM - BRANCO & PRETO",449.00,EXCLU,"aucune image ; hors stock ; image placeholder",OK,,
4119,"CROSS LK - APARADOR 4 GAVETAS C 4 PORTAS 225CM - BRANCO & WOTAN",449.00,EXCLU,"aucune image ; hors stock ; image placeholder",OK,,
4120,"CROSS LK - APARADOR 4 GAVETAS C 4 PORTAS 225CM - CONGO",449.00,EXCLU,"aucune image ; hors stock ; image placeholder",OK,,
4121,"CROSS LK - APARADOR 4 GAVETAS C 4 PORTAS 225CM - ELEGANT OAK",449.00,EXCLU,"aucune image ; hors stock ; image placeholder",OK,,
4122,"CROSS LK - CAMA 200X160 - BRANCO / PRETO",409.00,EXCLU,"aucune image ; hors stock ; image placeholder",OK,,
4123,"CROSS LK - CAMA 200X160 - CONGO / PRETO",409.00,EXCLU,"aucune image ; hors stock ; image placeholder",OK,,
4124,"CROSS LK - CAMA 200X160 - WOTAN / PRETO",409.00,EXCLU,"aucune image ; hors stock ; image placeholder",OK,,
4128,"CROSS LK - CAMA 200X180 - BRANCO / PRETO",459.00,EXCLU,"aucune image ; hors stock ; image placeholder",OK,,
4129,"CROSS LK - CAMA 200X180 - CONGO / PRETO",459.00,EXCLU,"aucune image ; hors stock ; image placeholder",OK,,
4130,"CROSS LK - CAMA 200X180 - WOTAN / PRETO",459.00,EXCLU,"aucune image ; hors stock ; image placeholder",OK,,
4140,"CROSS LK - MESA CENTRO - BRANCO & PRETO",149.00,EXCLU,"aucune image ; hors stock ; image placeholder",OK,,
4141,"CROSS LK - MESA CENTRO - CONGO",149.00,EXCLU,"aucune image ; hors stock ; image placeholder",OK,,
4142,"CROSS LK - MESA CENTRO - ELEGANT OAK",149.00,EXCLU,"aucune image ; hors stock ; image placeholder",OK,,
4143,"CROSS LK - MESA DE CABECEIRA - BRANCO / PRETO",189.00,EXCLU,"aucune image ; hors stock ; image placeholder",OK,,
4144,"CROSS LK - MESA DE CABECEIRA - CONGO / PRETO",189.00,EXCLU,"aucune image ; hors stock ; image placeholder",OK,,
4145,"CROSS LK - MESA DE CABECEIRA - WOTAN / PRETO",189.00,EXCLU,"aucune image ; hors stock ; image placeholder",OK,,
4161,"CROSS LK - PRATELEIRA 180CM - BRANCO & PRETO",89.00,EXCLU,"aucune image ; hors stock ; image placeholder",OK,,
4162,"CROSS LK - PRATELEIRA 180CM - CONGO",89.00,EXCLU,"aucune image ; hors stock ; image placeholder",OK,,
4163,"CROSS LK - PRATELEIRA 180CM - ELEGANT OAK",89.00,EXCLU,"aucune image ; hors stock ; image placeholder",OK,,
4164,"CROSS LK - ROUPEIRO 2 PORTAS 1 GAVETA - BRANCO / PRETO",419.00,EXCLU,"aucune image ; hors stock ; image placeholder",OK,,
4165,"CROSS LK - ROUPEIRO 2 PORTAS 1 GAVETA - CONGO / PRETO",419.00,EXCLU,"aucune image ; hors stock ; image placeholder",OK,,
4166,"CROSS LK - ROUPEIRO 2 PORTAS 1 GAVETA - WOTAN / PRETO",419.00,EXCLU,"aucune image ; hors stock ; image placeholder",OK,,
4167,"CROSS LK - ROUPEIRO 4 PORTAS 2 GAVETAS - BRANCO / PRETO",769.00,EXCLU,"aucune image ; hors stock ; image placeholder",OK,,
4168,"CROSS LK - ROUPEIRO 4 PORTAS 2 GAVETAS - CONGO / PRETO",769.00,EXCLU,"aucune image ; hors stock ; image placeholder",OK,,
4169,"CROSS LK - ROUPEIRO 4 PORTAS 2 GAVETAS - WOTAN / PRETO",769.00,EXCLU,"aucune image ; hors stock ; image placeholder",OK,,
4170,"CROSS LK - VITRINE - BRANCO & PRETO",369.00,EXCLU,"aucune image ; hors stock ; image placeholder",OK,,
4171,"CROSS LK - VITRINE - CONGO",369.00,EXCLU,"aucune image ; hors stock ; image placeholder",OK,,
4172,"CROSS LK - VITRINE - ELEGANT OAK",369.00,EXCLU,"aucune image ; hors stock ; image placeholder",OK,,
4173,"CUBA II Aparador",749.00,INCLUS,,MÉDIO,"description nettoyée",487
4174,"Cuba Ii Lk - Base Tv",429.00,EXCLU,"éligible non inclus (au-delà de la cible)",MÉDIO,"titre normalisé (casse), description nettoyée",
4175,"CUBA II LK - MESA DE CENTRO",239.00,EXCLU,"hors stock",OK,,
4176,"CUBA II LK - MESA DE JANTAR",369.00,EXCLU,"hors stock",OK,,
4177,"CUBA II Vitrine",729.00,EXCLU,"hors stock",OK,,
4178,"DORE Base TV",399.00,INCLUS,,MÉDIO,"description nettoyée",436
4182,"DORE Aparador",429.00,INCLUS,,MÉDIO,"description nettoyée",638
4183,"HALLE LK - APARADOR 1 PORTA 3 GAVETAS",599.00,EXCLU,"aucune image ; hors stock ; image placeholder",OK,,
4184,"HALLE LK - APARADOR 200CM",719.00,EXCLU,"aucune image ; hors stock ; image placeholder",OK,,
4185,"HALLE LK - CAMA 190X140",429.00,EXCLU,"aucune image ; hors stock ; image placeholder",OK,,
4187,"HALLE LK - CAMA 200X160",459.00,EXCLU,"aucune image ; hors stock ; image placeholder",OK,,
4189,"HALLE LK - CAMA 200X180",469.00,EXCLU,"aucune image ; hors stock ; image placeholder",OK,,
4192,"HALLE LK - MESA CENTRO",329.00,EXCLU,"aucune image ; hors stock ; image placeholder",OK,,
4193,"HALLE LK - MESA DE CABECEIRA - 24N0NG22",219.00,EXCLU,"aucune image ; hors stock ; image placeholder",OK,,
4195,"HALLE LK - MESA JANTAR FIXA",649.00,EXCLU,"aucune image ; hors stock ; image placeholder",OK,,
4198,"HALLE LK - ROUPEIRO 2 PORTAS 1 GAVETA",709.00,EXCLU,"aucune image ; hors stock ; image placeholder",OK,,
4199,"HALLE LK - ROUPEIRO 3 PORTAS 2 GAVETAS",909.00,EXCLU,"aucune image ; hors stock ; image placeholder",OK,,
4200,"HALLE LK - ROUPEIRO 4 PORTAS 2 GAVETAS",1029.00,EXCLU,"aucune image ; hors stock ; image placeholder",OK,,
4201,"HALLE LK - VITRINE",629.00,EXCLU,"aucune image ; hors stock ; image placeholder",OK,,
4202,"HALLE LK - VITRINE 4 PORTAS",789.00,EXCLU,"aucune image ; hors stock ; image placeholder",OK,,
4203,"HALLE LK - VITRINE LARGA 2 GAVETAS",899.00,EXCLU,"aucune image ; hors stock ; image placeholder",OK,,
4204,"HALLE LK - VITRINE LARGA 3 GAVETAS",979.00,EXCLU,"aucune image ; hors stock ; image placeholder",OK,,
4205,"HELION LK Base TV",379.00,INCLUS,,MÉDIO,"description nettoyée",468
4206,"HELION LK Estante",469.00,EXCLU,"hors stock",OK,,
4207,"INDYGO LK - APARADOR 2 PORTAS 3 GAVETAS",369.00,EXCLU,"aucune image ; hors stock ; image placeholder",OK,,
4208,"INDYGO LK - BASE TV",219.00,EXCLU,"aucune image ; hors stock ; image placeholder",OK,,
4209,"INDYGO LK - CAMA 200 X 160",489.00,EXCLU,"aucune image ; hors stock ; image placeholder",OK,,
4210,"INDYGO LK - CAMA 200X90",339.00,EXCLU,"aucune image ; hors stock ; image placeholder",OK,,
4211,"INDYGO LK - CAMISEIRO 5 GAVETAS",369.00,EXCLU,"aucune image ; hors stock ; image placeholder",OK,,
4212,"INDYGO LK - C�MODA 3 GAVETAS",259.00,EXCLU,"aucune image ; hors stock ; image placeholder",OK,,
4213,"INDYGO LK - C�MODA 6 GAVETAS",459.00,EXCLU,"aucune image ; hors stock ; image placeholder",OK,,
4214,"INDYGO LK - ESTANTE R1",229.00,EXCLU,"aucune image ; hors stock ; image placeholder",OK,,
4215,"INDYGO LK - ESTANTE R1D 1 PORTA",329.00,EXCLU,"aucune image ; hors stock ; image placeholder",OK,,
4216,"INDYGO LK - ESTANTE R1K",279.00,EXCLU,"aucune image ; hors stock ; image placeholder",OK,,
4217,"INDYGO LK - MESA DE CABECEIRA 1 GAVETA",99.00,EXCLU,"aucune image ; hors stock ; image placeholder",OK,,
4218,"INDYGO LK - MESA DE CENTRO",99.00,EXCLU,"aucune image ; hors stock ; image placeholder",OK,,
4219,"INDYGO LK - PRATELEIRA",39.00,EXCLU,"prix < 80 € ; aucune image ; hors stock ; image placeholder",OK,,
4220,"INDYGO LK - ROUPEIRO 2 PORTAS",409.00,EXCLU,"aucune image ; hors stock ; image placeholder",OK,,
4221,"INDYGO LK - ROUPEIRO 3 PORTAS 3 GAVETAS",749.00,EXCLU,"aucune image ; hors stock ; image placeholder",OK,,
4222,"INDYGO LK - SECRET�RIA",189.00,EXCLU,"aucune image ; hors stock ; image placeholder",OK,,
4223,"JUKON LK - CAMA 200X100 - 24KSND34",379.00,EXCLU,"aucune image ; hors stock ; image placeholder",OK,,
4225,"JUKON LK - CAMA 200X160 - 24KSND31",429.00,EXCLU,"aucune image ; hors stock ; image placeholder",OK,,
4227,"JUKON LK - CAMA 200X180 - 24KSND32",449.00,EXCLU,"aucune image ; hors stock ; image placeholder",OK,,
4229,"JUKON LK - TOUCADOR 4 GAVETAS - 24KSND03",419.00,EXCLU,"aucune image ; hors stock ; image placeholder",OK,,
4231,"JUKON LK - TOUCADOR SUSPENSO C/ ESPELHO REDONDO C/ LED - 24KSND59",449.00,EXCLU,"aucune image ; hors stock ; image placeholder",OK,,
4232,"JUKON LK - MESA DE CABECEIRA 2 GAVETAS - 24KSND22",199.00,EXCLU,"aucune image ; hors stock ; image placeholder",OK,,
4233,"JUKON LK - ROUPEIRO 140CM - 24KSND19",799.00,EXCLU,"aucune image ; hors stock ; image placeholder",OK,,
4234,"JUKON LK - ROUPEIRO 184CM - 24KSND20",949.00,EXCLU,"aucune image ; hors stock ; image placeholder",OK,,
4235,"JUKON LK - ARMARIO C/ 2 PORTAS E C/ GAVETAS - 24KSND38",469.00,EXCLU,"aucune image ; hors stock ; image placeholder",OK,,
4236,"JUKON LK - TOUCADOR SUSPENSO - 24KSND49",169.00,EXCLU,"aucune image ; hors stock ; image placeholder",OK,,
4237,"LEVEL K - APARADOR 153 3 PORTAS 3 GAVETAS",519.00,EXCLU,"aucune image ; hors stock ; image placeholder",OK,,
4238,"LEVEL K - APARADOR 153 6 GAVETAS",569.00,EXCLU,"aucune image ; hors stock ; image placeholder",OK,,
4239,"LEVEL K - APARADOR ALTO 4 PORTAS",549.00,EXCLU,"aucune image ; hors stock ; image placeholder",OK,,
4240,"LEVEL K - MESA DE CABECEIRA 1 GAVETA",179.00,EXCLU,"aucune image ; hors stock ; image placeholder",OK,,
4241,"LEVEL K - MÓVEL TV 153 2 PORTAS",319.00,EXCLU,"aucune image ; hors stock ; image placeholder",OK,,
4242,"LEVEL K - MÓVEL TV 181 2 PORTAS",349.00,EXCLU,"aucune image ; hors stock ; image placeholder",OK,,
4243,"LUMI Base TV",549.00,INCLUS,,MÉDIO,"description nettoyée",738
4244,"MUTI LK - APARADOR 147 2 PORTAS 3 GAVETAS - CASHMERE",629.00,EXCLU,"aucune image ; hors stock ; image placeholder",OK,,
4245,"MUTI LK - APARADOR 147 2 PORTAS 3 GAVETAS - PRETO",629.00,EXCLU,"aucune image ; hors stock ; image placeholder",OK,,
4246,"MUTI LK - APARADOR 177 2 PORTAS 3 GAVETAS - CASHMERE",699.00,EXCLU,"aucune image ; hors stock ; image placeholder",OK,,
4247,"MUTI LK - APARADOR 177 2 PORTAS 3 GAVETAS - PRETO",699.00,EXCLU,"aucune image ; hors stock ; image placeholder",OK,,
4248,"MUTI LK - APARADOR 195 4 PORTAS - CASHMERE",699.00,EXCLU,"aucune image ; hors stock ; image placeholder",OK,,
4249,"MUTI LK - APARADOR 195 4 PORTAS - PRETO",699.00,EXCLU,"aucune image ; hors stock ; image placeholder",OK,,
4250,"MUTI LK - MÓVEL BAR 2 PORTAS - CASHMERE",679.00,EXCLU,"aucune image ; hors stock ; image placeholder",OK,,
4251,"MUTI LK - MÓVEL BAR 2 PORTAS - PRETO",679.00,EXCLU,"aucune image ; hors stock ; image placeholder",OK,,
4252,"MUTI LK - MÓVEL TV 147 3 PORTAS - CASHMERE",379.00,EXCLU,"aucune image ; hors stock ; image placeholder",OK,,
4253,"MUTI LK - MÓVEL TV 147 3 PORTAS - PRETO",379.00,EXCLU,"aucune image ; hors stock ; image placeholder",OK,,
4254,"MUTI LK - MÓVEL TV 195 4 PORTAS - CASHMERE",449.00,EXCLU,"aucune image ; hors stock ; image placeholder",OK,,
4255,"MUTI LK - MÓVEL TV 195 4 PORTAS - PRETO",449.00,EXCLU,"aucune image ; hors stock ; image placeholder",OK,,
4268,"TUDOR LK - APARADOR 220CM",729.00,EXCLU,"aucune image ; hors stock ; image placeholder",OK,,
4269,"TUDOR LK - APARADOR ALTO 220CM",749.00,EXCLU,"aucune image ; hors stock ; image placeholder",OK,,
4270,"TUDOR LK - BASE TV 180CM",359.00,EXCLU,"aucune image ; hors stock ; image placeholder",OK,,
4271,"TUDOR LK - MESA DE CENTRO 120CM",289.00,EXCLU,"aucune image ; hors stock ; image placeholder",OK,,
4272,"TUDOR LK - MESA DE JANTAR FIXA 195X77",379.00,EXCLU,"aucune image ; hors stock ; image placeholder",OK,,
4273,"TUDOR LK - VITRINE",659.00,EXCLU,"aucune image ; hors stock ; image placeholder",OK,,
4274,"VERTINA LK - BANCO COM BA�",369.00,EXCLU,"aucune image ; image placeholder",OK,,
4276,"SPIRIT Vitrine",499.00,INCLUS,,MÉDIO,"description nettoyée",20
4277,"INSTA Aparador",619.00,INCLUS,,MÉDIO,"description nettoyée",304
4278,"SINTRA HT Aparador",489.00,INCLUS,,MÉDIO,"description nettoyée",24
4279,"ARCO 138 Aparador",329.00,INCLUS,,MÉDIO,"description nettoyée",433
4280,"TULSA HT Vitrine",569.00,EXCLU,"hors stock",OK,,
4282,"TULSA HT Aparador",729.00,INCLUS,,MÉDIO,"description nettoyée",381
4283,"ASTON HT Aparador",419.00,INCLUS,,MÉDIO,"description nettoyée",306
4284,"SOTO Estante",108.00,INCLUS,,MÉDIO,"description nettoyée",684
4287,"NORDI Aparador",339.00,INCLUS,,MÉDIO,"description nettoyée",386
4288,"PAFOS Aparador",469.00,INCLUS,,MÉDIO,"description nettoyée",12
4289,"EVORA Cómoda",399.00,EXCLU,"hors stock",OK,,
4291,"SNAPP SC Estante",359.00,INCLUS,,OK,,159
4292,"NORDI Vitrine",369.00,INCLUS,,MÉDIO,"description nettoyée",388
4293,"NORDI Aparador Alto",459.00,INCLUS,,MÉDIO,"description nettoyée",616
4296,"HS 60439 Sofá Relax",1190.00,INCLUS,,MÉDIO,"description nettoyée",431
4297,"KMAX 853 Sofá Relax",299.00,INCLUS,,OK,,7
4298,"KMAX 6085 Sofa Relax",399.00,INCLUS,,OK,,556
4300,"KMAX 9077 Sofá Relax",349.00,INCLUS,,OK,,557
4301,"KMAX 1048 Sofá Relax",349.00,INCLUS,,MÉDIO,"description nettoyée",13
4302,"HS 3882 Sofá",569.00,INCLUS,,MÉDIO,"description nettoyée",477
4303,"KMAX 5205 Sofá",299.00,INCLUS,,MÉDIO,"description nettoyée",14
4304,"HS 5021 Cadeirão",99.00,INCLUS,,MÉDIO,"description nettoyée",27
4305,"KMAX 171 Cadeira",79.20,EXCLU,"prix < 80 €",OK,,
4306,"SANTI D`ITALIA Colchão Orthoclassic",99.00,INCLUS,,MÉDIO,"description nettoyée",725
4308,"BACCHUS Banco Alto",135.00,INCLUS,,MÉDIO,"description nettoyée",870
4309,"KMAX C901 Cadeirão",149.00,INCLUS,,OK,,407
4310,"MARBELLA Sofá Chaise Longue",499.00,INCLUS,,MÉDIO,"description nettoyée",116
4312,"BERLIM Sofá Chaise Longue",299.00,INCLUS,,MÉDIO,"description nettoyée",23
4313,"VIANA Sofá Chaise Longue",269.00,INCLUS,,MÉDIO,"description nettoyée",273
4314,"NEVADA Sofá Chaise Longue",699.00,INCLUS,,MÉDIO,"description nettoyée",95
4315,"ARTUR Sofá Chaise Longue",259.00,INCLUS,,MÉDIO,"description nettoyée",184
4316,"ADRIANO Sofá Chaise Longue",799.00,INCLUS,,MÉDIO,"description nettoyée",96
4319,"PASTEL Mesa de Cabeceira",109.00,EXCLU,"éligible non inclus (au-delà de la cible)",MÉDIO,"description nettoyée",
4320,"PASTEL KI - ESPELHO COMODA  (NEW)",79.00,EXCLU,"prix < 80 € ; hors stock",OK,,
4324,"DAMIEN Base TV",69.00,EXCLU,"prix < 80 €",OK,,
4325,"VERIS LK Aparador Alto",379.00,EXCLU,"éligible non inclus (au-delà de la cible)",MÉDIO,"description nettoyée",
4326,"VERIS Cómoda 6 Gavetas",539.00,EXCLU,"éligible non inclus (au-delà de la cible)",MÉDIO,"description nettoyée",
4327,"LANTE Base TV",279.00,INCLUS,,MÉDIO,"description nettoyée",258
4328,"VERIS LK Aparador",529.00,EXCLU,"éligible non inclus (au-delà de la cible)",MÉDIO,"description nettoyée",
4329,"Veris Movel Tv 2Portas 2Gavetas Dab Nunin",419.00,EXCLU,"éligible non inclus (au-delà de la cible)",MÉDIO,"titre normalisé (casse), description nettoyée",
4330,"VERIS Mesa de Cabeceira",219.00,EXCLU,"éligible non inclus (au-delà de la cible)",MÉDIO,"description nettoyée",
4331,"VERIS Estante",539.00,EXCLU,"éligible non inclus (au-delà de la cible)",MÉDIO,"description nettoyée",
4332,"ARCO Base TV",159.00,INCLUS,,MÉDIO,"description nettoyée",510
4333,"BAXTER Base TV",469.00,INCLUS,,OK,,160
4334,"PASTEL KI Base TV",259.00,INCLUS,,MÉDIO,"description nettoyée",842
4336,"ORO Base TV",129.00,INCLUS,,MÉDIO,"description nettoyée",259
4337,"BASE TACHOS 18X28X1,2CM 638-721 CX90",1.60,EXCLU,"prix < 80 € ; aucune image ; image placeholder",OK,,
4338,"ESCOVA CABELO PNEUMT. SK 2714-009 CX120",1.60,EXCLU,"prix < 80 € ; aucune image ; image placeholder",OK,,
4339,"MANTA 200X150 SK 2791-009-A",8.00,EXCLU,"prix < 80 € ; aucune image ; image placeholder",OK,,
4340,"PENTE 5X23CM SK 2816-104",0.80,EXCLU,"prix < 80 € ; aucune image ; image placeholder",OK,,
4341,"PENTE 5,8X16CM SK 2816-105",0.80,EXCLU,"prix < 80 € ; aucune image ; image placeholder",OK,,
4342,"BRINQ P/ANIMAL 12X4,2CM SK 2946-051",0.80,EXCLU,"prix < 80 € ; aucune image ; image placeholder",OK,,
4343,"MEIAS H. ANTIDERRAP 2989-002",1.60,EXCLU,"prix < 80 € ; aucune image ; image placeholder",OK,,
4344,"PELUCHE 24CM SK 3087-004",1.60,EXCLU,"prix < 80 € ; aucune image ; image placeholder",OK,,
4345,"PELUCHE 20CM SK 3087-006",1.60,EXCLU,"prix < 80 € ; aucune image ; image placeholder",OK,,
4346,"PELUCHE 17CM SK 3087-008",1.60,EXCLU,"prix < 80 € ; aucune image ; image placeholder",OK,,
4347,"PELUCHE 22CM SK 3087-009",1.60,EXCLU,"prix < 80 € ; aucune image ; image placeholder",OK,,
4348,"DUENDE 23.5CM 2571-000A CX32",5.60,EXCLU,"prix < 80 € ; aucune image ; image placeholder",OK,,
4349,"PELUCHE MANTA 160X100CM 2617-002-H",12.00,EXCLU,"prix < 80 € ; aucune image ; image placeholder",OK,,
4350,"TABUA MADEIRA P/CORTE 638-701-04 CX20 (Q6)",4.00,EXCLU,"prix < 80 € ; aucune image ; image placeholder",OK,,
4351,"BASE TACHOS 16X46X1,2CM 638-720-04 CX60",2.00,EXCLU,"prix < 80 € ; aucune image ; hors stock ; image placeholder",OK,,
4352,"BASE TACHOS 30X40X1,2CM 638-721-05 CX60",4.00,EXCLU,"prix < 80 € ; aucune image ; image placeholder",OK,,
4353,"ESFREGAO FERRO 4X25 2345-204-25 CX120",0.80,EXCLU,"prix < 80 € ; aucune image ; image placeholder",OK,,
4354,"ESCOVA CABELO PNEUMT SK 2714-009-01",1.60,EXCLU,"prix < 80 € ; aucune image ; image placeholder",OK,,
4355,"PENTE 4X18,5CM SK 2816-101-01",0.80,EXCLU,"prix < 80 € ; aucune image ; image placeholder",OK,,
4356,"MEIAS M. ANTIDERRAP 2989-001-03",1.60,EXCLU,"prix < 80 € ; aucune image ; image placeholder",OK,,
4357,"MEIAS H. ANTIDERRAP 2989-002-01",1.60,EXCLU,"prix < 80 € ; aucune image ; image placeholder",OK,,
4358,"PRATO MARCADOR NATAL DEC (CX24)",1.60,EXCLU,"prix < 80 € ; aucune image ; image placeholder",OK,,
4359,"SET MIKADO 100ML+2 VELAS PERF SK0070-01 CX24(Q6)20***10€",8.00,EXCLU,"prix < 80 € ; aucune image ; image placeholder",OK,,
4360,"SET MIKADO 100ML+VELA LAVANDA SK0070-02 CX12(Q6)20***10€",8.00,EXCLU,"prix < 80 € ; aucune image ; image placeholder",OK,,
4361,"SET MIKADO 60ML+2 VELAS PERF SK0070-03",12.00,EXCLU,"prix < 80 € ; aucune image ; image placeholder",OK,,
4362,"SET MIKADO 80ML+2 VELAS PERF SK0070-04",8.00,EXCLU,"prix < 80 € ; aucune image ; image placeholder",OK,,
4363,"SET MIKADO 100ML+CASTIÇAL SK0070-05",8.00,EXCLU,"prix < 80 € ; aucune image ; hors stock ; image placeholder",OK,,
4364,"SET MIKADO 100ML+VELA FVERM SK0070-06",8.00,EXCLU,"prix < 80 € ; aucune image ; image placeholder",OK,,
4365,"SET CANECA+LAPIS+BLOCO+LUZ 093-030",8.00,EXCLU,"prix < 80 € ; aucune image ; image placeholder",OK,,
4366,"SET CANECA+CHOC+MARSHMALLOW 093-031",6.40,EXCLU,"prix < 80 € ; aucune image ; image placeholder",OK,,
4367,"COADOR C/CABO COR SK 804-612",0.80,EXCLU,"prix < 80 € ; aucune image ; image placeholder",OK,,
4368,"COADOR METAL SET 2UN SK-C-804-613",0.80,EXCLU,"prix < 80 € ; aucune image ; image placeholder",OK,,
4369,"CAIXA P/PAO METAL SK-C-804-614",10.00,EXCLU,"prix < 80 € ; aucune image ; hors stock ; image placeholder",OK,,
4370,"TENAZ 33CM SK-C-804-618",0.80,EXCLU,"prix < 80 € ; aucune image ; image placeholder",OK,,
4371,"TENAZ 34,5CM SK-C-804-619",1.00,EXCLU,"prix < 80 € ; aucune image ; hors stock ; image placeholder",OK,,
4372,"CORTADOR PIZZA 12.5X7.5 SK-C-804-637",0.80,EXCLU,"prix < 80 € ; aucune image ; image placeholder",OK,,
4373,"3CLIPS MAGNETICOS 6.5X6.5CM CX72",1.60,EXCLU,"prix < 80 € ; aucune image ; image placeholder",OK,,
4374,"CAIXA PAO METAL 20X20X14CM SK-C-804-669",8.00,EXCLU,"prix < 80 € ; aucune image ; image placeholder",OK,,
4375,"CAIXA PAO METAL M 30.5X20.7X15.1CM",8.00,EXCLU,"prix < 80 € ; aucune image ; image placeholder",OK,,
4376,"CAIXA PAO METAL 33X18X12CM SK-C-804-671",8.00,EXCLU,"prix < 80 € ; aucune image ; image placeholder",OK,,
4377,"SET 3PÇ SACA -ROLHAS SK 804-697",1.60,EXCLU,"prix < 80 € ; aucune image ; image placeholder",OK,,
4378,"SUPORTE DE COLHER SK 804-698",0.80,EXCLU,"prix < 80 € ; aucune image ; image placeholder",OK,,
4379,"CORTADOR PIZZA SK-C-804-704",0.80,EXCLU,"prix < 80 € ; aucune image ; image placeholder",OK,,
4380,"TESOURA COZINHA SK-C-804-705",0.80,EXCLU,"prix < 80 € ; aucune image ; image placeholder",OK,,
4381,"BALANÇA WC  BAMBOO SK-C-804-722",8.00,EXCLU,"prix < 80 € ; aucune image ; image placeholder",OK,,
4382,"CONJ. COZINHA SK-C-804-732",1.60,EXCLU,"prix < 80 € ; aucune image ; image placeholder",OK,,
4383,"SET COLHER 3PÇ SK-C-804-735",0.80,EXCLU,"prix < 80 € ; aucune image ; image placeholder",OK,,
4384,"CORTADOR OVOS SK-C-804-736",0.80,EXCLU,"prix < 80 € ; aucune image ; image placeholder",OK,,
4385,"DESCASCADOR CERAMICA SK-C-804-737",0.80,EXCLU,"prix < 80 € ; aucune image ; image placeholder",OK,,
4386,"CANECA TERM C/ASA 1200ML SK-C-804-746",8.00,EXCLU,"prix < 80 € ; aucune image ; image placeholder",OK,,
4387,"CANECA TERM C/PEGA 940ML SK-C-804-747",8.00,EXCLU,"prix < 80 € ; aucune image ; image placeholder",OK,,
4388,"CONJ. WC 4PÇ SK 804-761",8.00,EXCLU,"prix < 80 € ; aucune image ; image placeholder",OK,,
4389,"PAI NATAL CAR MUSICAL 19CM 0167-13 CX18 (Q6)",8.00,EXCLU,"prix < 80 € ; aucune image ; image placeholder",OK,,
4390,"QUEBRA NOZES CAR MUSICAL 20CM 0167-14 CX18",8.00,EXCLU,"prix < 80 € ; aucune image ; image placeholder",OK,,
4391,"ARVORE NATAL CAR MUSICAL 19CM 0167-15 CX18",8.00,EXCLU,"prix < 80 € ; aucune image ; image placeholder",OK,,
4392,"CARRO POLICIA SK CP256513/YQ051-9A",10.00,EXCLU,"prix < 80 € ; aucune image ; hors stock ; image placeholder",OK,,
4393,"ARVORE NATAL C/LUZ SK 0247-826",1.60,EXCLU,"prix < 80 € ; aucune image ; image placeholder",OK,,
4394,"ARVORE NATAL FELTRO SK 0247-827",1.60,EXCLU,"prix < 80 € ; aucune image ; image placeholder",OK,,
4395,"DECORAÇÃO PAI NATAL SK 0247-829",2.00,EXCLU,"prix < 80 € ; aucune image ; hors stock ; image placeholder",OK,,
4396,"DECORAÇÃO PAI NATAL SK 0247-830",1.60,EXCLU,"prix < 80 € ; aucune image ; image placeholder",OK,,
4397,"CASA FELTRO SK 0247-831",2.00,EXCLU,"prix < 80 € ; aucune image ; hors stock ; image placeholder",OK,,
4398,"ESTRELA MDF VERMELHA SK 0247-834",1.60,EXCLU,"prix < 80 € ; aucune image ; image placeholder",OK,,
4399,"CASA FELTRO C/LUZ 0247-837",1.60,EXCLU,"prix < 80 € ; aucune image ; image placeholder",OK,,
4400,"PAI NATAL MDF C/LUZ 0247-839",1.60,EXCLU,"prix < 80 € ; aucune image ; image placeholder",OK,,
4401,"DECORAÇAO PAI NATAL SK 0247-840",1.60,EXCLU,"prix < 80 € ; aucune image ; image placeholder",OK,,
4402,"DECORAÇAO CASA NATAL SK 0247-841",1.60,EXCLU,"prix < 80 € ; aucune image ; image placeholder",OK,,
4403,"SOLDADO FELTRO SK 0247-844",1.60,EXCLU,"prix < 80 € ; aucune image ; image placeholder",OK,,
4404,"DECORAÇAO CAVALO NATAL 0247-847",1.60,EXCLU,"prix < 80 € ; aucune image ; image placeholder",OK,,
4405,"PAI NATAL MDF SK 0247-848",1.60,EXCLU,"prix < 80 € ; aucune image ; image placeholder",OK,,
4406,"CAIXA CORREIO SK 0247-849",8.00,EXCLU,"prix < 80 € ; aucune image ; image placeholder",OK,,
4407,"PORTA TALHERES SK 0247-850",0.80,EXCLU,"prix < 80 € ; aucune image ; image placeholder",OK,,
4408,"ENVELOPE NATAL 50X37CM SK 0247-851",1.60,EXCLU,"prix < 80 € ; aucune image ; image placeholder",OK,,
4409,"ESTRELA MDF SK 0247-853",1.60,EXCLU,"prix < 80 € ; aucune image ; image placeholder",OK,,
4410,"ARVORE MDF SK 0247-854",1.60,EXCLU,"prix < 80 € ; aucune image ; image placeholder",OK,,
4411,"CASA FELTRO  0247-856",1.60,EXCLU,"prix < 80 € ; aucune image ; image placeholder",OK,,
4412,"ESTRELA FELTRO C/LUZ 0247-859",1.60,EXCLU,"prix < 80 € ; aucune image ; image placeholder",OK,,
4413,"CAIXA CORREIO MDF NATAL 0247-860",1.60,EXCLU,"prix < 80 € ; aucune image ; image placeholder",OK,,
4414,"DECORAÇAO NATAL C/LUZ MDF 0247-862",1.60,EXCLU,"prix < 80 € ; aucune image ; image placeholder",OK,,
4415,"CAIXA CORREIO METAL 0247-864",1.60,EXCLU,"prix < 80 € ; aucune image ; image placeholder",OK,,
4416,"PLACA MDF NATAL SK 0247-866",1.60,EXCLU,"prix < 80 € ; aucune image ; image placeholder",OK,,
4417,"PLACA MDF NATAL SK 0247-867",1.60,EXCLU,"prix < 80 € ; aucune image ; image placeholder",OK,,
4418,"PINGENTE PARAQUEDA SK 0247-869",1.60,EXCLU,"prix < 80 € ; aucune image ; image placeholder",OK,,
4419,"CAVALO METAL SK 0247-870",1.60,EXCLU,"prix < 80 € ; aucune image ; image placeholder",OK,,
4420,"AVIONETA METAL SK 0247-872",1.60,EXCLU,"prix < 80 € ; aucune image ; image placeholder",OK,,
4421,"PINGENTE AVIONETA SK 0247-873",1.60,EXCLU,"prix < 80 € ; aucune image ; image placeholder",OK,,
4422,"PINGENTE PRENDA SK 0247-875",1.60,EXCLU,"prix < 80 € ; aucune image ; image placeholder",OK,,
4423,"DEC NATAL METAL SK 0247-878",1.60,EXCLU,"prix < 80 € ; aucune image ; image placeholder",OK,,
4424,"CONJ 3 BOLAS METAL SK 0247-880",1.60,EXCLU,"prix < 80 € ; aucune image ; image placeholder",OK,,
4425,"CONJ 6 BOLAS METAL 5CM SK 0247-881",1.60,EXCLU,"prix < 80 € ; aucune image ; image placeholder",OK,,
4426,"SOLDADO METAL SK 0247-885",1.60,EXCLU,"prix < 80 € ; aucune image ; image placeholder",OK,,
4427,"SOLDADO METAL SK 0247-886",1.60,EXCLU,"prix < 80 € ; aucune image ; image placeholder",OK,,
4428,"LANTERNA METAL SK 0247-887",1.60,EXCLU,"prix < 80 € ; aucune image ; image placeholder",OK,,
4429,"CAIXA CORREIO METAL NTL SK 0247-888",8.00,EXCLU,"prix < 80 € ; aucune image ; image placeholder",OK,,
4430,"TRENO SK 0247-889",1.60,EXCLU,"prix < 80 € ; aucune image ; image placeholder",OK,,
4431,"SOLDADO NATAL C/LUZ 0247-890",1.60,EXCLU,"prix < 80 € ; aucune image ; image placeholder",OK,,
4432,"SOLDADO SK 0247-892",1.60,EXCLU,"prix < 80 € ; aucune image ; image placeholder",OK,,
4433,"LANTERNA C/LUZ 0247-893",1.60,EXCLU,"prix < 80 € ; aucune image ; image placeholder",OK,,
4434,"PINJENTE NATAL SK 0247-899",1.60,EXCLU,"prix < 80 € ; aucune image ; image placeholder",OK,,
4435,"ARVORE FELTRO 20X5X47CM SK 0247-904 CX24 (Q12)",1.60,EXCLU,"prix < 80 € ; aucune image ; image placeholder",OK,,
4436,"BOTA FELTRO 25X45CM SK 0247-905 CX72 (Q12)",1.60,EXCLU,"prix < 80 € ; aucune image ; image placeholder",OK,,
4437,"INDIVIDUAL FELTRO 38CM SK 0247-906 CX48 (Q12)",0.80,EXCLU,"prix < 80 € ; aucune image ; image placeholder",OK,,
4438,"INDIVIDUAL FELTRO 38CM SK 0247-907 CX48 (Q12)",0.80,EXCLU,"prix < 80 € ; aucune image ; image placeholder",OK,,
4439,"CASA FELTRO 13X13X17CM SK 0247-914 CX36 (Q12)",1.60,EXCLU,"prix < 80 € ; aucune image ; image placeholder",OK,,
4440,"RENA FELTRO 13X5X46CM SK 0247-917 CX36 (Q12)",2.00,EXCLU,"prix < 80 € ; aucune image ; hors stock ; image placeholder",OK,,
4441,"ARVORE NATAL MAD 9X5X24,5CM SK 0247-919 CX36 (Q12)***2€",1.60,EXCLU,"prix < 80 € ; aucune image ; image placeholder",OK,,
4442,"ANJO FELTRO 22X5X34CM SK 0247-928 CX36 (Q12)",2.00,EXCLU,"prix < 80 € ; aucune image ; hors stock ; image placeholder",OK,,
4443,"DEC PAI NATAL MDF SK 0247-930",1.60,EXCLU,"prix < 80 € ; aucune image ; image placeholder",OK,,
4444,"DECORAÇAO NATAL RENA SK 0247-934",1.60,EXCLU,"prix < 80 € ; aucune image ; image placeholder",OK,,
4445,"DECORAÇAO NATAL COMBOIO SK 0247-939",1.60,EXCLU,"prix < 80 € ; aucune image ; image placeholder",OK,,
4446,"DECORAÇAO ESTRELA C/LUZ SK 0247-943",1.60,EXCLU,"prix < 80 € ; aucune image ; image placeholder",OK,,
4447,"PAI NATAL C/RENA SK 0247-945",1.60,EXCLU,"prix < 80 € ; aucune image ; image placeholder",OK,,
4448,"DECORAÇAO DUENDES C/LUZ SK 0247-946",1.60,EXCLU,"prix < 80 € ; aucune image ; image placeholder",OK,,
4449,"DEC NATAL PRESEPIO SK 0247-948",1.60,EXCLU,"prix < 80 € ; aucune image ; image placeholder",OK,,
4450,"DEDORAÇAO NATAL ARVORE SK 0247-949",1.60,EXCLU,"prix < 80 € ; aucune image ; image placeholder",OK,,
4451,"DECORAÇAO NATAL CAVALO SK 0247-950",1.60,EXCLU,"prix < 80 € ; aucune image ; image placeholder",OK,,
4452,"DECORAÇAO NATAL PRESEPIO SK 0247-952",1.60,EXCLU,"prix < 80 € ; aucune image ; image placeholder",OK,,
4453,"DECORAÇAO PRESEPIO SK 0247-953",1.60,EXCLU,"prix < 80 € ; aucune image ; image placeholder",OK,,
4454,"DECORAÇAO RENA SK 0247-955",2.00,EXCLU,"prix < 80 € ; aucune image ; hors stock ; image placeholder",OK,,
4455,"PORTA VELA PAI NATAL SK 0247-957",1.60,EXCLU,"prix < 80 € ; aucune image ; image placeholder",OK,,
4456,"DEC NATAL CASA RENA SK 0247-958",1.60,EXCLU,"prix < 80 € ; aucune image ; image placeholder",OK,,
4457,"ARVORE DE MADEIRA SK 0247-959",1.60,EXCLU,"prix < 80 € ; aucune image ; image placeholder",OK,,
4458,"DECORAÇAO NATTAL ARVORE SK 0247-962",1.60,EXCLU,"prix < 80 € ; aucune image ; image placeholder",OK,,
4459,"DECORAÇAO RENA SK 0247-963",8.00,EXCLU,"prix < 80 € ; aucune image ; image placeholder",OK,,
4460,"DECORAÇAO NATAL ARVORE SK 0247-966",1.60,EXCLU,"prix < 80 € ; aucune image ; image placeholder",OK,,
4461,"DECORAÇÃO SOLDADO SK 0247-968",1.60,EXCLU,"prix < 80 € ; aucune image ; image placeholder",OK,,
4462,"DEC PAI NATAL MDF SK 0247-969",1.60,EXCLU,"prix < 80 € ; aucune image ; image placeholder",OK,,
4463,"BANDEJA NATAL SK 0247-971",1.60,EXCLU,"prix < 80 € ; aucune image ; image placeholder",OK,,
4464,"LAÇO NATAL C/LUZ SK 0247-972",1.60,EXCLU,"prix < 80 € ; aucune image ; image placeholder",OK,,
4465,"DECORAÇAO NATAL ANJO SK 0247-975",1.60,EXCLU,"prix < 80 € ; aucune image ; image placeholder",OK,,
4466,"DECORAÇAO ARVORE SK 0247-976",1.60,EXCLU,"prix < 80 € ; aucune image ; image placeholder",OK,,
4467,"DEC PLACA MDF NATAL SK 0247-977",8.00,EXCLU,"prix < 80 € ; aucune image ; image placeholder",OK,,
4468,"COMBOIO MDF SK 0247-978",1.60,EXCLU,"prix < 80 € ; aucune image ; image placeholder",OK,,
4469,"ESTRELA MDF PRATA SK 0247-979",1.60,EXCLU,"prix < 80 € ; aucune image ; image placeholder",OK,,
4470,"ESTRELA MDF DOURADA SK 0247-980",1.60,EXCLU,"prix < 80 € ; aucune image ; image placeholder",OK,,
4471,"ESTRELA MDF PRATA SK 0247-981",1.60,EXCLU,"prix < 80 € ; aucune image ; image placeholder",OK,,
4472,"ESTRELA MDF DOURADA SK 0247-982",1.60,EXCLU,"prix < 80 € ; aucune image ; image placeholder",OK,,
4473,"APANHADOR PLAST C/CABO E BORRACHA SK",0.80,EXCLU,"prix < 80 € ; aucune image ; image placeholder",OK,,
4474,"TRATOR FRICÇAO SK CP256342/0488-1110A",10.00,EXCLU,"prix < 80 € ; aucune image ; hors stock ; image placeholder",OK,,
4475,"BONECA SK CP256391/S012-5A",8.00,EXCLU,"prix < 80 € ; aucune image ; image placeholder",OK,,
4476,"PANO MICROFIBRA VIDRO SKPA-837-672",0.80,EXCLU,"prix < 80 € ; aucune image ; image placeholder",OK,,
4477,"CONJ. PANO+ESCORREDOR SKPA-837-675 CX24 (Q12)",1.60,EXCLU,"prix < 80 € ; aucune image ; image placeholder",OK,,
4478,"CONJ. CASA BANHO CERAMICA SKPA-837-688 (CX6)",8.00,EXCLU,"prix < 80 € ; aucune image ; image placeholder",OK,,
4479,"TRAVESSA OVAL EDEN 22,5X30,4CM 424-21",1.60,EXCLU,"prix < 80 € ; aucune image ; image placeholder",OK,,
4480,"PRATO LADEIRO SERENATA 25CM 424-24",1.00,EXCLU,"prix < 80 € ; aucune image ; hors stock ; image placeholder",OK,,
4481,"PRATO SOPA SERENATA 20CM 424-25",0.80,EXCLU,"prix < 80 € ; aucune image ; image placeholder",OK,,
4482,"SALADEIRA SERENATA 23CM 424-27",1.60,EXCLU,"prix < 80 € ; aucune image ; image placeholder",OK,,
4483,"TRAVESSA SERENATA 30X22CM 424-28",1.60,EXCLU,"prix < 80 € ; aucune image ; image placeholder",OK,,
4484,"TRAVESSA SERENATA 25X35CM 424-29",1.60,EXCLU,"prix < 80 € ; aucune image ; image placeholder",OK,,
4485,"COMPUTADOR INTERATIVO CP215206 CX48",8.00,EXCLU,"prix < 80 € ; aucune image ; image placeholder",OK,,
4486,"BONECA CP213910 CX24 (Q6)",8.00,EXCLU,"prix < 80 € ; aucune image ; image placeholder",OK,,
4487,"ESTACIONAMENTO SK CP256646/P668-179",8.00,EXCLU,"prix < 80 € ; aucune image ; image placeholder",OK,,
4488,"PARQUE ESTACIONAMENTO CP214327",8.00,EXCLU,"prix < 80 € ; aucune image ; image placeholder",OK,,
4489,"BONECA+ACESS SK CP256627/JN691-5",8.00,EXCLU,"prix < 80 € ; aucune image ; image placeholder",OK,,
4490,"CONJ MISSANGAS SK CP256699/XW155-6",8.00,EXCLU,"prix < 80 € ; aucune image ; image placeholder",OK,,
4491,"CARRO R/C SK CP215645/KY82-2",10.00,EXCLU,"prix < 80 € ; aucune image ; hors stock ; image placeholder",OK,,
4492,"PENTEADEIRA SK CP256725/739-5",8.00,EXCLU,"prix < 80 € ; aucune image ; image placeholder",OK,,
4493,"JOGO PINBALL SK CP256487/ZY2011",8.00,EXCLU,"prix < 80 € ; aucune image ; image placeholder",OK,,
4494,"BONECA SK CP256640/686-843",8.00,EXCLU,"prix < 80 € ; aucune image ; image placeholder",OK,,
4495,"BONECA SK CP256597/PX1825B1",12.00,EXCLU,"prix < 80 € ; aucune image ; image placeholder",OK,,
4496,"BONECA SK CP256598/PX1825A1",8.00,EXCLU,"prix < 80 € ; aucune image ; image placeholder",OK,,
4497,"ROBOT TRANSPOWER SK CP256355/061",10.00,EXCLU,"prix < 80 € ; aucune image ; hors stock ; image placeholder",OK,,
4498,"ROBOT TRANSPOWER SK CP258574/059",10.00,EXCLU,"prix < 80 € ; aucune image ; hors stock ; image placeholder",OK,,
4499,"GUIZO P/BEBE SK CP256291/D45",8.00,EXCLU,"prix < 80 € ; aucune image ; image placeholder",OK,,
4500,"BLOCOS CONSTRUÇAO SK CP256321/SN-062",8.00,EXCLU,"prix < 80 € ; aucune image ; image placeholder",OK,,
4501,"CARRO FRICÇAO SK CP219429/FA95-1",10.00,EXCLU,"prix < 80 € ; aucune image ; hors stock ; image placeholder",OK,,
4502,"PLASTICINA SK CP256774/KA1106",10.00,EXCLU,"prix < 80 € ; aucune image ; image placeholder",OK,,
4503,"BENGALA NATAL 2,4X74 SK 207-188 CX48 (Q12)",2.00,EXCLU,"prix < 80 € ; aucune image ; hors stock ; image placeholder",OK,,
4504,"SKATE 70X20 SK 207-208",15.00,EXCLU,"prix < 80 € ; aucune image ; hors stock ; image placeholder",OK,,
4505,"BRINQ P/ANIMAL 14X5,5CM SK 2946-000",0.80,EXCLU,"prix < 80 € ; aucune image ; image placeholder",OK,,
4506,"SET AMB MIK C/VELA 7X8CM SK 2983-207",8.00,EXCLU,"prix < 80 € ; aucune image ; image placeholder",OK,,
4507,"PELUCHE 24CM SK 3087-000",1.60,EXCLU,"prix < 80 € ; aucune image ; hors stock ; image placeholder",OK,,
4508,"PELUCHE 20CM SK 3087-005",1.60,EXCLU,"prix < 80 € ; aucune image ; image placeholder",OK,,
4509,"PELUCHE MANTA 160X100CM 2617-002-G",12.00,EXCLU,"prix < 80 € ; aucune image ; image placeholder",OK,,
4510,"MEIAS M. ANTIDERRAP SK 2989-001-04",2.00,EXCLU,"prix < 80 € ; aucune image ; hors stock ; image placeholder",OK,,
4511,"MEIAS M. ANTIDERRAP SK 2989-001-05",1.60,EXCLU,"prix < 80 € ; aucune image ; image placeholder",OK,,
4512,"MEIAS M. ANTIDERRAP SK 2989-001-06",2.00,EXCLU,"prix < 80 € ; aucune image ; hors stock ; image placeholder",OK,,
4513,"MEIAS H. ANTIDERRAP 2989-002-02",2.00,EXCLU,"prix < 80 € ; aucune image ; hors stock ; image placeholder",OK,,
4514,"TENDA ATIVIDADES SK CP237047/995-5006B",12.00,EXCLU,"prix < 80 € ; aucune image ; image placeholder",OK,,
4515,"BLOCOS CONSTRUÇAO SK CP127510/5027",12.00,EXCLU,"prix < 80 € ; aucune image ; image placeholder",OK,,
4516,"CARRO R/C SK CP239539/YQ086-12A/14A",12.00,EXCLU,"prix < 80 € ; aucune image ; hors stock ; image placeholder",OK,,
4517,"CASA MDF NATAL SK 0247-832",1.00,EXCLU,"prix < 80 € ; aucune image ; hors stock ; image placeholder",OK,,
4518,"PLACA MDF 0247-838",2.00,EXCLU,"prix < 80 € ; aucune image ; hors stock ; image placeholder",OK,,
4519,"DECORAÇAO PAI NATAL SK 0247-842",1.60,EXCLU,"prix < 80 € ; aucune image ; image placeholder",OK,,
4520,"PORTA MEMO SOLDADO SK 0247-845",0.80,EXCLU,"prix < 80 € ; aucune image ; image placeholder",OK,,
4521,"ENVELOPE NATAL 27X15CM SK 0247-852",1.60,EXCLU,"prix < 80 € ; aucune image ; image placeholder",OK,,
4522,"DECORAÇAO NATAL SK 0247-855",0.80,EXCLU,"prix < 80 € ; aucune image ; image placeholder",OK,,
4523,"CASA FELTRO C/LUZ 0247-857",2.00,EXCLU,"prix < 80 € ; aucune image ; hors stock ; image placeholder",OK,,
4524,"CAIXA CORREIO MDF NATAL 0247-861",1.60,EXCLU,"prix < 80 € ; aucune image ; image placeholder",OK,,
4525,"PINGENTE LAÇO 0247-863",1.60,EXCLU,"prix < 80 € ; aucune image ; image placeholder",OK,,
4526,"PLACA MDF NATAL SK 0247-865",1.60,EXCLU,"prix < 80 € ; aucune image ; image placeholder",OK,,
4527,"CAIXA MDF NATAL SK 0247-868",1.60,EXCLU,"prix < 80 € ; aucune image ; image placeholder",OK,,
4528,"PINGENTE CORREIO SK 0247-876",1.60,EXCLU,"prix < 80 € ; aucune image ; image placeholder",OK,,
4529,"DEC CAIXA CORREIO METAL SK 0247-879",1.60,EXCLU,"prix < 80 € ; aucune image ; image placeholder",OK,,
4530,"PORTA MEMO NATAL SK 0247-882",0.80,EXCLU,"prix < 80 € ; aucune image ; image placeholder",OK,,
4531,"PINGENTE CAVALO SK 0247-883",1.60,EXCLU,"prix < 80 € ; aucune image ; image placeholder",OK,,
4532,"TRENO MADEIRA SK 0247-884",1.60,EXCLU,"prix < 80 € ; aucune image ; image placeholder",OK,,
4533,"CASA MDF C/VELA SK 0247-891",1.60,EXCLU,"prix < 80 € ; aucune image ; image placeholder",OK,,
4534,"PAI NATAL DEC SK 0247-898",1.60,EXCLU,"prix < 80 € ; aucune image ; image placeholder",OK,,
4535,"CASA FELTRO 23X5X34CM SK 0247-912 CX72 (Q12)",2.00,EXCLU,"prix < 80 € ; aucune image ; hors stock ; image placeholder",OK,,
4536,"SACO FELTRO 20X12X38CM SK 0247-915 CX72 (Q12)",1.60,EXCLU,"prix < 80 € ; aucune image ; image placeholder",OK,,
4537,"ARVORE FELTRO 11X4,2X22CM SK 0247-916 CX72 (Q12) 2****1€",0.80,EXCLU,"prix < 80 € ; aucune image ; image placeholder",OK,,
4538,"CAIXA RED FELTRO 16X12CM SK 0247-918 CX48 (Q12) 20****2€",1.60,EXCLU,"prix < 80 € ; aucune image ; image placeholder",OK,,
4539,"DECORAÇAO NATAL PLACA SK 0247-929",2.00,EXCLU,"prix < 80 € ; aucune image ; hors stock ; image placeholder",OK,,
4540,"RENA DEC SK 0247-941",1.60,EXCLU,"prix < 80 € ; aucune image ; image placeholder",OK,,
4541,"DECORAÇAO NATAL DUENDE SK 0247-942",0.80,EXCLU,"prix < 80 € ; aucune image ; image placeholder",OK,,
4542,"CONJ 12CX PRESENTE 0247-944",1.60,EXCLU,"prix < 80 € ; aucune image ; image placeholder",OK,,
4543,"DEC QUEBRA NOZES C/SOLDADO SK 0247-951 CX96(Q12)20****2€",1.60,EXCLU,"prix < 80 € ; aucune image ; image placeholder",OK,,
4544,"SUPORTE VELA SK 0247-954",2.00,EXCLU,"prix < 80 € ; aucune image ; hors stock ; image placeholder",OK,,
4545,"DEC. CAVALO C/SOLDADO SK 0247-956",1.60,EXCLU,"prix < 80 € ; aucune image ; image placeholder",OK,,
4546,"DECORAÇAO NATAL ANJO SK 0247-960",1.60,EXCLU,"prix < 80 € ; aucune image ; image placeholder",OK,,
4547,"DECORAÇAO NATAL CAVALO SK 0247-961",8.00,EXCLU,"prix < 80 € ; aucune image ; image placeholder",OK,,
4548,"DEC NATAL PORTA VELAS SK 0247-964",1.60,EXCLU,"prix < 80 € ; aucune image ; image placeholder",OK,,
4549,"PORTA VELAS RENA SK 0247-967",1.60,EXCLU,"prix < 80 € ; aucune image ; image placeholder",OK,,
4550,"PORTA CARTOES NATAL SK 0247-970",0.80,EXCLU,"prix < 80 € ; aucune image ; image placeholder",OK,,
4551,"DECORAÇAO SOLDADO SK 0247-973",1.60,EXCLU,"prix < 80 € ; aucune image ; image placeholder",OK,,
4552,"ARVORE NATAL SK 0247-974",2.00,EXCLU,"prix < 80 € ; aucune image ; hors stock ; image placeholder",OK,,
4553,"CASA BONECAS SK CP256735/SG-29070",15.00,EXCLU,"prix < 80 € ; aucune image ; hors stock ; image placeholder",OK,,
4554,"AMB GOTA A GOTA SK 150ML",0.80,EXCLU,"prix < 80 € ; aucune image ; image placeholder",OK,,
4555,"AMB GOTA A GOTA SK 150ML",0.80,EXCLU,"prix < 80 € ; aucune image ; image placeholder",OK,,
4556,"AMB GOTA A GOTA SK 150ML GIRASSOL",0.80,EXCLU,"prix < 80 € ; aucune image ; image placeholder",OK,,
4557,"AMB GOTA A GOTA SK 150ML",0.80,EXCLU,"prix < 80 € ; aucune image ; hors stock ; image placeholder",OK,,
4558,"BRINQ. GATO SINO 3 UN SKPA-837-479",0.80,EXCLU,"prix < 80 € ; aucune image ; image placeholder",OK,,
4559,"FRISBEE P/ANIMAIS SKPA-837-494 CX24 (Q12)",2.00,EXCLU,"prix < 80 € ; aucune image ; hors stock ; image placeholder",OK,,
4560,"TAPETE P/ANIMAIS SKPA-837-497",2.00,EXCLU,"prix < 80 € ; aucune image ; hors stock ; image placeholder",OK,,
4561,"PRATO REDONDO SERENATA 20CM 424-23",0.80,EXCLU,"prix < 80 € ; aucune image ; image placeholder",OK,,
4562,"SALADEIRA SERENATA 14CM 424-26",1.00,EXCLU,"prix < 80 € ; aucune image ; hors stock ; image placeholder",OK,,
4563,"SET BEBE+ACESSORIOS CP214501 CX48",12.00,EXCLU,"prix < 80 € ; aucune image ; image placeholder",OK,,
4564,"SET BEBE+ACESSORIOS CP214499 CX48",12.00,EXCLU,"prix < 80 € ; aucune image ; image placeholder",OK,,
4565,"SET BEBE+ACESSORIOS CP214500 CX48",12.00,EXCLU,"prix < 80 € ; aucune image ; image placeholder",OK,,
4566,"BONECA CP214450 CX60 (Q6)",8.00,EXCLU,"prix < 80 € ; aucune image ; image placeholder",OK,,
4567,"BONECA CP214454 CX60 (Q6)",12.00,EXCLU,"prix < 80 € ; aucune image ; image placeholder",OK,,
4568,"BONECA CP213896 CX24 (Q6)",12.00,EXCLU,"prix < 80 € ; aucune image ; image placeholder",OK,,
4569,"BONECA CP213908 CX24 (Q6)",12.00,EXCLU,"prix < 80 € ; aucune image ; image placeholder",OK,,
4570,"ESTACIONAMENTO SK CP256650/P233-42",15.00,EXCLU,"prix < 80 € ; aucune image ; hors stock ; image placeholder",OK,,
4571,"DINOSSAURO CP215637 CX48 (Q6)",12.00,EXCLU,"prix < 80 € ; aucune image ; hors stock ; image placeholder",OK,,
4572,"DINOSSAURO CP215636 CX48 (Q6)",12.00,EXCLU,"prix < 80 € ; aucune image ; image placeholder",OK,,
4573,"PARQUE ESTACIONAMENTO CP214326 CX24 (Q6)",12.00,EXCLU,"prix < 80 € ; aucune image ; image placeholder",OK,,
4574,"BONECA CP215760 CX72 (Q6)",12.00,EXCLU,"prix < 80 € ; aucune image ; image placeholder",OK,,
4575,"BONECA SEREIA SK CP256731/LJ211-B",12.00,EXCLU,"prix < 80 € ; aucune image ; image placeholder",OK,,
4576,"PISTOLA C/BALAS SK CP182700/9001A-1",15.00,EXCLU,"prix < 80 € ; aucune image ; hors stock ; image placeholder ; catégorie restreinte Google","RISCO ELEVADO",,
4577,"COMIDA RAPIDA SK CP256260/XJ328P-2",12.00,EXCLU,"prix < 80 € ; aucune image ; image placeholder",OK,,
4578,"CARRO R/C SK CP256222/569Y-85",15.00,EXCLU,"prix < 80 € ; aucune image ; hors stock ; image placeholder",OK,,
4579,"MAQUILHAGEM SK CP256234/CM158-2",12.00,EXCLU,"prix < 80 € ; aucune image ; image placeholder",OK,,
4580,"ROBOT SK CP256888/2629-T3B",12.00,EXCLU,"prix < 80 € ; aucune image ; image placeholder",OK,,
4581,"DINOSSAURO SK CP251903/24202",15.00,EXCLU,"prix < 80 € ; aucune image ; hors stock ; image placeholder",OK,,
4582,"PLASTICINA SK CP256777/5838-209",1.60,EXCLU,"prix < 80 € ; aucune image ; image placeholder",OK,,
4583,"PLASTICINA SK CP256776/5838-203",1.60,EXCLU,"prix < 80 € ; aucune image ; image placeholder",OK,,
4584,"PLASTICINA SK CP256778/5838-201",1.60,EXCLU,"prix < 80 € ; aucune image ; image placeholder",OK,,
4585,"BLOCO CONSTRUÇAO SK CP256854/619-15",15.00,EXCLU,"prix < 80 € ; aucune image ; hors stock ; image placeholder",OK,,
4586,"BLOCO CONSTRUÇAO SK CP256853/619-25",15.00,EXCLU,"prix < 80 € ; aucune image ; hors stock ; image placeholder",OK,,
4587,"CAMIAO FRICÇAO SK CP256846/PY899B-5",15.00,EXCLU,"prix < 80 € ; aucune image ; hors stock ; image placeholder",OK,,
4588,"ZANTE JR JR Mesa de Centro",169.00,INCLUS,,MÉDIO,"description nettoyée",286
4589,"CEELIAS Mesa de Centro",249.00,INCLUS,,MÉDIO,"description nettoyée",260
4590,"NORDI Mesa de Centro",249.00,INCLUS,,MÉDIO,"description nettoyée",653
4591,"CRETA Aparador",309.00,EXCLU,"hors stock",OK,,
4593,"SOTO Módulo Suspenso",68.00,EXCLU,"prix < 80 €",OK,,
4594,"MICHIGAN Cama Solteiro",159.00,INCLUS,,MÉDIO,"description nettoyée",287
4596,"MICHIGAN Cama Casal",159.00,INCLUS,,MÉDIO,"description nettoyée",261
4597,"MD FINE Cama",369.00,INCLUS,,MÉDIO,"description nettoyée",151
4598,"ARCO Cama",529.00,INCLUS,,MÉDIO,"description nettoyée",121
4603,"XS2641 Cadeira",54.00,EXCLU,"prix < 80 €",OK,,
4605,"XS2484 Cadeira",69.00,EXCLU,"prix < 80 €",OK,,
4606,"XELO Cómoda",229.00,INCLUS,,MÉDIO,"description nettoyée",838
4607,"XS2854 Cadeira",49.00,EXCLU,"prix < 80 €",OK,,
4608,"PASTEL KI Cómoda",199.00,INCLUS,,MÉDIO,"description nettoyée",238
4609,"GALAXY HT Cómoda",229.00,INCLUS,,MÉDIO,"description nettoyée",635
4611,"TATRA Cómoda",69.00,EXCLU,"prix < 80 €",OK,,
4612,"TATRA Mesa de Cabeceira",49.00,EXCLU,"prix < 80 €",OK,,
4613,"VH027 Sapateira",159.00,INCLUS,,MÉDIO,"description nettoyée",763
4614,"PALM Consola",139.00,EXCLU,"éligible non inclus (au-delà de la cible)",MÉDIO,"description nettoyée",
4616,"ZEST Consola",149.00,EXCLU,"hors stock",OK,,
4617,"PASTEL Roupeiro",1190.00,EXCLU,"hors stock",OK,,
4618,"MAYRA KI Roupeiro",389.00,INCLUS,,MÉDIO,"description nettoyée",17
4619,"ARCO Roupeiro",1029.00,INCLUS,,MÉDIO,"description nettoyée",602
4620,"LARA Mesa de Jantar",219.00,INCLUS,,MÉDIO,"description nettoyée",416
4621,"KEMER Mesa de Jantar",179.00,INCLUS,,MÉDIO,"description nettoyée",503
4622,"HANA Mesa de Jantar",149.00,INCLUS,,MÉDIO,"description nettoyée",542
4623,"TOLEDO HT Aparador Alto",659.00,INCLUS,,MÉDIO,"description nettoyée",383
4624,"DIY Z0013 Relógio Parede",9.90,EXCLU,"prix < 80 €",OK,,
4625,"TOLEDO Vitrine",589.00,INCLUS,,MÉDIO,"description nettoyée",147
4626,"ZEST - CÓMODA",199.00,EXCLU,"aucune image ; image placeholder",OK,,
4628,"Z0029 Relógio de Parede",4.95,EXCLU,"prix < 80 €",OK,,
4629,"Z0041 Relógio de Parede",19.90,EXCLU,"prix < 80 €",OK,,
4630,"Z0037 Relógio de Parede",19.90,EXCLU,"prix < 80 €",OK,,
4631,"Z0033 Relógio de Parede",9.90,EXCLU,"prix < 80 €",OK,,
4632,"Z0034 Relógio de Parede",9.90,EXCLU,"prix < 80 €",OK,,
4636,"BARI Aparador",469.00,INCLUS,,MÉDIO,"description nettoyée",308
4637,"BARI LK Estante",499.00,INCLUS,,MÉDIO,"description nettoyée",302
4638,"BARI Aparador Alto",489.00,INCLUS,,MÉDIO,"description nettoyée",303
4639,"CHELLEN DS Vitrine",290.00,INCLUS,,MÉDIO,"description nettoyée",505
4640,"AFRICA Telas",14.50,EXCLU,"prix < 80 €",OK,,
4641,"BARI LK Mesa de Cabeceira",199.00,INCLUS,,MÉDIO,"description nettoyée",262
4642,"AFRICA II Telas",39.00,EXCLU,"prix < 80 €",OK,,
4643,"BARI Base TV",299.00,INCLUS,,MÉDIO,"description nettoyée",221
4644,"LEON Telas",39.00,EXCLU,"prix < 80 €",OK,,
4645,"ORO Toucador",239.00,INCLUS,,MÉDIO,"description nettoyée",34
4646,"FACE Telas",39.00,EXCLU,"prix < 80 €",OK,,
4647,"ORO Mesa de Cabeceira",135.00,INCLUS,,MÉDIO,"description nettoyée",33
4648,"ART Telas",59.00,EXCLU,"prix < 80 €",OK,,
4649,"BORBOLETA Telas",14.50,EXCLU,"prix < 80 €",OK,,
4650,"BAILARINA Telas",14.50,EXCLU,"prix < 80 €",OK,,
4651,"KMAX 0425 Sofá 3 Lugares",499.00,INCLUS,,MÉDIO,"description nettoyée",460
4652,"DEER Telas",14.50,EXCLU,"prix < 80 €",OK,,
4653,"COLOR Telas",14.50,EXCLU,"prix < 80 €",OK,,
4655,"SOL Sofá Chaise Longue",799.00,INCLUS,,MÉDIO,"description nettoyée",366
4657,"BOOK Sofá Chaise Longue Reversível",299.00,INCLUS,,MÉDIO,"description nettoyée",141
4659,"ASTRO Sofá Chaise Longue",199.00,INCLUS,,MÉDIO,"description nettoyée",211
4660,"SILKE Base TV",325.00,INCLUS,,MÉDIO,"description nettoyée",178
4661,"SKY Cama Casal",215.00,INCLUS,,MÉDIO,"description nettoyée",626
4662,"ONDA Sofá Chaise Longue Reversível",299.00,INCLUS,,MÉDIO,"description nettoyée",185
4664,"SIGMA HT Cama",445.00,EXCLU,"hors stock",OK,,
4666,"MESA CABECEIRA BRANCA/CARVA 2 GAVETAS MOA 5427167",89.00,EXCLU,"aucune image ; hors stock ; image placeholder",OK,,
4667,"MESA CABECEIRA PRETA/CARVA 2 GAVETAS MOA 5427168",89.00,EXCLU,"aucune image ; hors stock ; image placeholder",OK,,
4668,"CONSOLA PRETA/CARVA 2 GAVETAS MOA VINT 5427169",109.00,EXCLU,"aucune image ; hors stock ; image placeholder",OK,,
4669,"MESA CABECEIRA PORTA VIME MOA VINTER 5427170",79.00,EXCLU,"prix < 80 € ; aucune image ; hors stock ; image placeholder",OK,,
4670,"MESA DE APOIO METAL DOURADO CONJ 2 127034724",59.00,EXCLU,"prix < 80 €",OK,,
4671,"MESA DE APOIO METAL DOURADO CONJ 2 127034725",59.00,EXCLU,"prix < 80 €",OK,,
4672,"MESA DE APOIO METAL DOURADO CONJ 2 127034726",59.00,EXCLU,"prix < 80 €",OK,,
4673,"MESA DE APOIO METAL DOURADO CONJ 2 127034727",59.00,EXCLU,"prix < 80 €",OK,,
4674,"MESA DE APOIO METAL DOURADO CONJ 2 127034728",59.00,EXCLU,"prix < 80 €",OK,,
4679,"MR 0329 Sofá 3 Lugares",399.00,INCLUS,,MÉDIO,"description nettoyée",367
4682,"KMAX 2724 Cadeira",159.00,INCLUS,,MÉDIO,"description nettoyée",540
4683,"KMAX 3047 Cadeirão Relax",139.00,INCLUS,,MÉDIO,"description nettoyée",285
4687,"PORTO Sofá Chaise Longue",729.00,INCLUS,,MÉDIO,"description nettoyée",97
4691,"LOVI Aparador",699.00,INCLUS,,MÉDIO,"description nettoyée",384
4692,"LOVI Base TV",399.00,INCLUS,,MÉDIO,"description nettoyée",399
4693,"LOVI Consola",299.00,INCLUS,,MÉDIO,"description nettoyée",657
4694,"LOVI Mesa de Jantar",699.00,INCLUS,,MÉDIO,"description nettoyée",489
4696,"OFFICE Cadeira",139.00,INCLUS,,MÉDIO,"description nettoyée",663
4697,"OFFICE Cadeira",179.00,INCLUS,,MÉDIO,"description nettoyée",520
4698,"TONGA Banco Alto",119.00,INCLUS,,MÉDIO,"description nettoyée",550
4699,"METÁLICO Banco Alto",59.00,EXCLU,"prix < 80 €",OK,,
4700,"KMAX 0978 Cadeirão",549.00,INCLUS,,MÉDIO,"description nettoyée",18
4701,"ALINA Sofá Chaise Longue",739.00,INCLUS,,MÉDIO,"description nettoyée",150
4704,"CHELSEA Sofá Chaise Longue Reversível",299.00,INCLUS,,MÉDIO,"description nettoyée",155
4706,"TLT1829 Mesa de Bar",149.00,INCLUS,,MÉDIO,"description nettoyée",695
4707,"TLT1830 Mesa de Bar Retangular",229.00,EXCLU,"éligible non inclus (au-delà de la cible)",MÉDIO,"description nettoyée",
4710,"TLC1758 Cadeira de Bar",99.00,EXCLU,"éligible non inclus (au-delà de la cible)",MÉDIO,"description nettoyée",
4711,"TLT1749 Mesa de Exterior",139.00,INCLUS,,MÉDIO,"description nettoyée",703
4712,"10118 Espreguiçadeira c/ Rodas",129.00,INCLUS,,MÉDIO,"description nettoyée",871
4717,"10431 - MESA (ALUMÍNIO BRANCO / MADEIRA SINTÉTICA)",69.00,EXCLU,"prix < 80 € ; aucune image ; image placeholder",OK,,
4718,"10872 Cadeirão c/ Almofada",119.00,EXCLU,"éligible non inclus (au-delà de la cible)",MÉDIO,"description nettoyée",
4719,"10872 Sofá 2 Lugares c/ Almofadas",229.00,EXCLU,"éligible non inclus (au-delà de la cible)",MÉDIO,"description nettoyée",
4720,"10872 Mesa de Centro",89.00,EXCLU,"éligible non inclus (au-delà de la cible)",MÉDIO,"description nettoyée",
4721,"TLT1819 Mesa de Apoio",59.00,EXCLU,"prix < 80 €",OK,,
4722,"TLC1813 Cadeira c/ Almofada",89.00,EXCLU,"éligible non inclus (au-delà de la cible)",MÉDIO,"description nettoyée",
4723,"GDC564 Cadeira",37.00,EXCLU,"prix < 80 €",OK,,
4724,"GDC565 Cadeira",69.00,EXCLU,"prix < 80 €",OK,,
4726,"SAKURA Pack 6 Cadeiras",269.00,INCLUS,,MÉDIO,"description nettoyée",724
4727,"BENNY Sofá Chaise Longue",1339.00,INCLUS,,MÉDIO,"description nettoyée",5
4728,"CALISTA Pack 2 Cadeiras",169.00,INCLUS,,MÉDIO,"description nettoyée",728
4730,"GH-25003 Cadeira",49.00,EXCLU,"prix < 80 €",OK,,
4731,"GH-25002 Cadeira",49.00,EXCLU,"prix < 80 €",OK,,
4732,"GH-25004 Cadeira",64.00,EXCLU,"prix < 80 €",OK,,
4733,"GH-25005 Cadeira",59.00,EXCLU,"prix < 80 €",OK,,
4734,"SOF-14 Cadeira",99.00,INCLUS,,MÉDIO,"description nettoyée",571
4735,"GH-25003 Pack 4 Cadeiras",156.00,INCLUS,,MÉDIO,"description nettoyée",442
4736,"GH-25002 Pack 4 Cadeiras",156.00,INCLUS,,MÉDIO,"description nettoyée",541
4737,"GH-25004 Pack 4 Cadeiras",216.00,INCLUS,,MÉDIO,"description nettoyée",439
4738,"GH-25005 Pack 4 Cadeiras",196.00,INCLUS,,MÉDIO,"description nettoyée",420
4744,"TRAVIS Mesa de Cabeceira",69.00,EXCLU,"prix < 80 €",OK,,
4745,"TRAVIS Cómoda",199.00,INCLUS,,MÉDIO,"description nettoyée",723
4746,"TRAVIS Roupeiro",459.00,INCLUS,,MÉDIO,"description nettoyée",895
4747,"TRAVIS Secretária",169.00,EXCLU,"éligible non inclus (au-delà de la cible)",MÉDIO,"description nettoyée",
4751,"CANNES Mesa de Cabeceira 2 Gavetas",69.00,EXCLU,"prix < 80 €",OK,,
4752,"CANNES Mesa de Cabeceira 3 Gavetas",99.00,INCLUS,,MÉDIO,"description nettoyée",942
4753,"CANNES Camiseiro",159.00,INCLUS,,MÉDIO,"description nettoyée",583
4754,"ARLÉS Mesa de Cabeceira",79.00,EXCLU,"prix < 80 €",OK,,
4755,"ARLÉS Cómoda",159.00,INCLUS,,MÉDIO,"description nettoyée",764
4756,"Arlés - Cómoda 3G 80X81 Albo Rayado",129.00,INCLUS,,MÉDIO,"titre normalisé (casse), description nettoyée",773
4757,"TOKIO Aparador",169.00,INCLUS,,MÉDIO,"description nettoyée",687
4758,"ELIS Aparador",169.00,EXCLU,"hors stock",OK,,
4760,"ROMA - ROUPEIRO 3G+2P 1000X216 BRANCO MATE",279.00,EXCLU,"hors stock",OK,,
4761,"ROMA - ROUPEIRO 3G+2P 1000X216 SAHARA",279.00,EXCLU,"hors stock",OK,,
4762,"ROMA - ROUPEIRO 3G+3P 149X216 BRANCO MATE",389.00,EXCLU,"hors stock",OK,,
4763,"ROMA - ROUPEIRO 3G+3P 149X216 SAHARA",399.00,EXCLU,"hors stock",OK,,
4764,"ROMA - ROUPEIRO 3G+3P ESPELHO 149X216 BRANCO MATE",439.00,EXCLU,"hors stock",OK,,
4766,"ROMA - ROUPEIRO 2G+4P 198X216 BRANCO MATE",509.00,EXCLU,"hors stock",OK,,
4767,"ROMA - ROUPEIRO 2G+4P 198X216 SAHARA",529.00,EXCLU,"hors stock",OK,,
4792,"BASS - MESA DE JANTAR EXTENSÍVEL 140X90 ALBO",159.00,EXCLU,"aucune image ; hors stock ; image placeholder",OK,,
4830,"PIXEL - MESA EXTENSÍVEL 90X90 / 180X90 (PERNAS VILI) BRANCO MATE E CANVAS",229.00,EXCLU,"aucune image ; hors stock ; image placeholder",OK,,
4831,"PIXEL - MESA EXTENSÍVEL 90X90 / 180X90 (PERNAS VILI) BRANCO MATE E ETNA",229.00,EXCLU,"aucune image ; hors stock ; image placeholder",OK,,
4832,"PIXEL - MESA EXTENSÍVEL 90X90 / 180X90 (PERNAS VILI) BRANCO MATE E MOON",229.00,EXCLU,"aucune image ; hors stock ; image placeholder",OK,,
4833,"PIXEL - MESA EXTENSÍVEL 90X90 / 180X90 (PERNAS VILI) BRANCO MATE E RAYADO",229.00,EXCLU,"aucune image ; hors stock ; image placeholder",OK,,
4834,"PIXEL - MESA EXTENSÍVEL 90X90 / 180X90 (PERNAS VILI) BRANCO MATE E BOCAMINA",229.00,EXCLU,"aucune image ; hors stock ; image placeholder",OK,,
4835,"PIXEL - MESA EXTENSÍVEL 90X90 / 180X90 (PERNAS VILI) ALBO E IRIS",229.00,EXCLU,"aucune image ; hors stock ; image placeholder",OK,,
4836,"PIXEL - MESA EXTENSÍVEL 90X90 / 180X90 (PERNAS VILI) ALBO E CANVAS",229.00,EXCLU,"aucune image ; hors stock ; image placeholder",OK,,
5015,"ARGOS 2 Base TV",159.00,EXCLU,"hors stock",OK,,
5016,"ARGOS 2 - APARADOR 2P 3G 140X190 NATURAL/BRANCO MATE",299.00,EXCLU,"hors stock",OK,,
5017,"LAMAS - BASE 150X190 ALBO",299.00,EXCLU,"aucune image ; hors stock ; image placeholder",OK,,
5020,"LAMAS - BASE MADEIRA 190X90",129.00,EXCLU,"aucune image ; hors stock ; image placeholder",OK,,
5021,"NANTES Cabeceira",179.00,EXCLU,"hors stock",OK,,
5022,"LUCE Cabeceira",99.00,EXCLU,"hors stock",OK,,
5024,"ARLÉS Cabeceira",99.00,EXCLU,"hors stock",OK,,
5026,"ALICE - ESPELHO DE PAREDE 96,6CM BRANCO MATE",59.00,EXCLU,"prix < 80 € ; hors stock",OK,,
5027,"ESTELLE Roupeiro",299.00,EXCLU,"hors stock",OK,,
5030,"GRAN SAVONA Roupeiro",729.00,EXCLU,"hors stock",OK,,
5035,"BORO - SECRETÁRIA 1G 120X50 BRANCO MATE",139.00,EXCLU,"aucune image ; hors stock ; image placeholder",OK,,
5036,"ESTELLE - SECRATÁRIA 1P 100X42 BRANCO MATE/SAHARA",119.00,EXCLU,"aucune image ; hors stock ; image placeholder",OK,,
5042,"DAMA Aparador Alto",329.00,INCLUS,,MÉDIO,"description nettoyée",652
5043,"AMALFI LC - APARADOR 3P MADEIRA BRANCO LACADO BRILHANTE",299.00,EXCLU,"hors stock",OK,,
5044,"AMALFI LC - APARADOR 4P MADEIRA BRANCO LACADO BRILHANTE",399.00,EXCLU,"hors stock",OK,,
5045,"AMALFI LC - APARADOR MÉDIO 2P 3G BRANCO LACADO BRILHANTE",429.00,EXCLU,"hors stock",OK,,
5047,"AMALFI Base TV",279.00,EXCLU,"hors stock",OK,,
5049,"Amalfi Lc - Espelho de Parede Branco Lacado Brilhante",179.00,EXCLU,"éligible non inclus (au-delà de la cible)",MÉDIO,"titre normalisé (casse), description nettoyée",
5050,"MIRO 08 Aparador",449.00,EXCLU,"hors stock",OK,,
5051,"MIRO 09 Aparador",399.00,EXCLU,"hors stock",OK,,
5052,"MIRO 07 Aparador",339.00,EXCLU,"hors stock",OK,,
5053,"MIRO 05 Aparador",289.00,EXCLU,"hors stock",OK,,
5055,"HAMBURG 08K Aparador",299.00,INCLUS,,MÉDIO,"description nettoyée",408
5056,"HAMBURG 07K Aparador",299.00,EXCLU,"hors stock",OK,,
5057,"HAMBURG 05K Aparador",259.00,EXCLU,"hors stock",OK,,
5058,"HAMBURG Base TV",239.00,EXCLU,"hors stock",OK,,
5059,"HAMBURG Aparador Alto",259.00,EXCLU,"hors stock",OK,,
5060,"HAMBURG 02K Aparador",199.00,EXCLU,"hors stock",OK,,
5061,"JUPITER LC - ESPELHO DE PAREDE CARVALHO MERCÚRIO",179.00,EXCLU,"hors stock",OK,,
5062,"MONACO LC - MÓVEL ALTO 2P CAXEMIRA/MERCÚRIO",259.00,EXCLU,"hors stock",OK,,
5063,"MONACO LC - APARADOR 181CM CAXEMIRA/MERCÚRIO",359.00,EXCLU,"hors stock",OK,,
5064,"MONACO LC -APARADOR 241CM CAXEMIRA/MERCÚRIO",419.00,EXCLU,"hors stock",OK,,
5065,"MONACO LC - MÓVEL ALTO 2P CAXEMIRA/CARVALHO CADIZ",259.00,EXCLU,"hors stock",OK,,
5066,"MONACO LC - APARADOR 181CM CAXEMIRA/CARVALHO CADIZ",359.00,EXCLU,"hors stock",OK,,
5067,"MONACO LC - APARADOR 241CM CAXEMIRA/CARVALHO CADIZ",419.00,EXCLU,"hors stock",OK,,
5068,"MONACO LC - MÓVEL ALTO 2P BRANCO LACADO/MERCÚRIO",259.00,EXCLU,"hors stock",OK,,
5069,"MONACO LC - APARADOR 181CM BRANCO LACADO/MERCÚRIO",359.00,EXCLU,"hors stock",OK,,
5070,"MONACO LC - APARADOR 241CM BRANCO LACADO/MERCÚRIO",419.00,EXCLU,"hors stock",OK,,
5071,"MONACO LC - MÓVEL ALTO 2P BRANCO LACADO/CARVALHO CADIZ",259.00,EXCLU,"hors stock",OK,,
5072,"MONACO LC - APARADOR 181CM BRANCO LACADO/CARVALHO CADIZ",349.00,EXCLU,"hors stock",OK,,
5073,"MONACO LC - APARADOR  241CM BRANCO LACADO/CARVALHO CADIZ",419.00,EXCLU,"hors stock",OK,,
5074,"GENT LC - ESPELHO DE PAREDE PAINEL BRANCO LACADO BRILHANTE",109.00,EXCLU,"aucune image ; hors stock ; image placeholder",OK,,
5075,"Gent Lg - Espelho de Parede Painel Caxemira",109.00,EXCLU,"éligible non inclus (au-delà de la cible)",MÉDIO,"titre normalisé (casse), description nettoyée",
5076,"GENT LG - ESPELHO DE PAREDE CARVALHO CADIZ",109.00,EXCLU,"aucune image ; hors stock ; image placeholder",OK,,
5077,"ISCHIA LC - CÓMODA 4P LED TAMPO CARVALHO CADIZ FRENTES BRANCO LACADO BRILHANTE",389.00,EXCLU,"aucune image ; hors stock ; image placeholder",OK,,
5081,"PALMA LC - MESA DE JANTAR 165CM PINHO E CARVALHO PÉS FERRO BRANCO",399.00,EXCLU,"hors stock",OK,,
5082,"RIO LC - MÓVEL SUSPENSO 180CM PORTA BATENTE CAXEMIRA",209.00,EXCLU,"aucune image ; hors stock ; image placeholder",OK,,
5083,"RIO LC - MÓVEL SUSPENSO 160CM PORTA BATENTE CAXEMIRA",199.00,EXCLU,"aucune image ; hors stock ; image placeholder",OK,,
5084,"STONE LC - APARADOR 4P CAXEMIRA",399.00,EXCLU,"aucune image ; hors stock ; image placeholder",OK,,
5085,"STONE LC - APARADOR 3P CAXEMIRA",319.00,EXCLU,"aucune image ; hors stock ; image placeholder",OK,,
5086,"STONE LC - APARADOR BAIXO 4P CAXEMIRA",309.00,EXCLU,"aucune image ; hors stock ; image placeholder",OK,,
5087,"STONE LC - MÓVEL ALTO 2P CAXEMIRA",309.00,EXCLU,"aucune image ; hors stock ; image placeholder",OK,,
5088,"LIDO Base TV 3 Portas",319.00,INCLUS,,MÉDIO,"description nettoyée",566
5089,"LIDO Vitrine",469.00,INCLUS,,MÉDIO,"description nettoyée",719
5090,"LIDO Base TV 1 Porta",269.00,EXCLU,"hors stock",OK,,
5091,"MURANO 05 Aparador",369.00,EXCLU,"hors stock",OK,,
5092,"MURANO 06 Vitrine",559.00,EXCLU,"hors stock",OK,,
5093,"MURANO 08 Aparador",419.00,EXCLU,"hors stock",OK,,
5094,"MURANO 10 Vitrine",469.00,EXCLU,"hors stock",OK,,
5095,"MURANO 12 Aparador",319.00,EXCLU,"hors stock",OK,,
5096,"ADRIATICO LC - APARADOR 4P CARVALHO CLARO LINDBERGH",419.00,EXCLU,"aucune image ; hors stock ; image placeholder",OK,,
5097,"ADRIATICO LC - APARADOR 3P CARVALHO CLARO LINDBERGH",369.00,EXCLU,"aucune image ; hors stock ; image placeholder",OK,,
5098,"ADRIATICO LC - APARADOR 2P CARVALHO CLARO LINDBERGH",319.00,EXCLU,"aucune image ; hors stock ; image placeholder",OK,,
5099,"SMILE Sapateira",169.00,INCLUS,,MÉDIO,"description nettoyée",422
5100,"HAMBURG Sapateira",199.00,EXCLU,"hors stock",OK,,
5101,"PRATIKO LC - CABIDE",79.00,EXCLU,"prix < 80 € ; aucune image ; hors stock ; image placeholder",OK,,
5102,"PRATIKO LC - MÓVEL APOIO 2P GHISA",89.00,EXCLU,"aucune image ; hors stock ; image placeholder",OK,,
5103,"PRATIKO LC - MÓVEL ALTO 2P 8 PRATELEIRAS GHISA",249.00,EXCLU,"aucune image ; hors stock ; image placeholder",OK,,
5104,"PRATIKO LC - MÓVEL ALTO 2P 6 PRATELEIRAS GHISA",159.00,EXCLU,"aucune image ; hors stock ; image placeholder",OK,,
5106,"KMAX 808 Sofá",399.00,INCLUS,,MÉDIO,"description nettoyée",123
5107,"PILLOW LC - CAMA 160X220 COM BAÚ",589.00,EXCLU,"aucune image ; hors stock ; image placeholder",OK,,
5108,"SWING LC - ROUPEIRO 180X210 BRANCO BRILHO E ESPELHO",559.00,EXCLU,"aucune image ; image placeholder",OK,,
5109,"SWING LC - ROUPEIRO 180X230 BRANCO BRILHO",509.00,EXCLU,"aucune image ; image placeholder",OK,,
5110,"ZEN LC - APARADOR 4P 207X91X40",439.00,EXCLU,"aucune image ; hors stock ; image placeholder",OK,,
5111,"ZEN LC - APARADOR 3P 156X91X40",359.00,EXCLU,"aucune image ; hors stock ; image placeholder",OK,,
5112,"ZEN LC - MÓVEL AUXILIAR 4P 106X156X40",439.00,EXCLU,"aucune image ; hors stock ; image placeholder",OK,,
5123,"K40209M Cadeirão",329.00,INCLUS,,MÉDIO,"description nettoyée",117
5126,"MONA Mesa de Cabeceira",129.00,INCLUS,,MÉDIO,"description nettoyée",707
5128,"MONA Cómoda",319.00,EXCLU,"hors stock",OK,,
5131,"FLORES Mesa de Jantar",79.00,EXCLU,"prix < 80 €",OK,,
5133,"YURI Conjunto de Mesa e Cadeiras",188.00,INCLUS,,MÉDIO,"description nettoyée",727
5134,"EMI Conjunto de Mesa e Cadeiras",189.00,INCLUS,,MÉDIO,"description nettoyée",641
5135,"HANA & SAKURA Conjunto de Mesa e Cadeiras",336.00,INCLUS,,MÉDIO,"description nettoyée",650
5136,"EVORA HT - ROUPEIRO 5 PORTAS C/ 3 ESPELHOS VERDE + DAB LEFKAS",979.00,EXCLU,"aucune image ; hors stock ; image placeholder",OK,,
5137,"ZAVE 222 - 80X150 - 04 MULTI",23.00,EXCLU,"prix < 80 € ; aucune image ; image placeholder",OK,,
5138,"ZAVE 222 - 80X150 - 05 MULTI",23.00,EXCLU,"prix < 80 € ; aucune image ; image placeholder",OK,,
5139,"ZAVE 222 - 120X160 - 04 MULTI",37.00,EXCLU,"prix < 80 € ; aucune image ; hors stock ; image placeholder",OK,,
5140,"ZAVE 222 - 120X160 - 05 MULTI",37.00,EXCLU,"prix < 80 € ; aucune image ; hors stock ; image placeholder",OK,,
5141,"ZAVE 222 - 133X190 - 04 MULTI",49.00,EXCLU,"prix < 80 € ; aucune image ; image placeholder",OK,,
5142,"ZAVE 222 - 133X190 - 05 MULTI",49.00,EXCLU,"prix < 80 € ; aucune image ; image placeholder",OK,,
5143,"ZAVE 222 - 160X235 - 04 MULTI",69.00,EXCLU,"prix < 80 € ; aucune image ; image placeholder",OK,,
5144,"ZAVE 222 - 160X235 - 05 MULTI",69.00,EXCLU,"prix < 80 € ; aucune image ; image placeholder",OK,,
5145,"ZAVE 222 - 200X285 - 04 MULTI",110.00,EXCLU,"aucune image ; image placeholder",OK,,
5146,"ZAVE 222 - 200X285 - 05 MULTI",110.00,EXCLU,"aucune image ; image placeholder",OK,,
5179,"ARCO 96 Vitrine",279.00,INCLUS,,MÉDIO,"description nettoyée",402
5180,"RIO Base TV",299.00,INCLUS,,MÉDIO,"description nettoyée",263
5182,"BAXTER Estante",599.00,INCLUS,,MÉDIO,"description nettoyée",15
5183,"DAMA LC Vitrine",289.00,INCLUS,,MÉDIO,"description nettoyée",127
5185,"BASIC 06 Vitrine",369.00,EXCLU,"hors stock",OK,,
5189,"AYA Aparador",569.00,INCLUS,,MÉDIO,"description nettoyée",389
5190,"AYA Base TV",459.00,INCLUS,,MÉDIO,"description nettoyée",818
5191,"AYA Vitrine",579.00,INCLUS,,MÉDIO,"description nettoyée",624
5192,"BASIC Aparador Alto",329.00,INCLUS,,MÉDIO,"description nettoyée",251
5193,"AROLLA Base TV",319.00,INCLUS,,MÉDIO,"description nettoyée",161
5194,"GH-25001 Cadeira",49.00,EXCLU,"prix < 80 €",OK,,
5195,"GH-25001 Pack 4 Cadeiras",156.00,INCLUS,,MÉDIO,"description nettoyée",290
5198,"MALMO Cadeira",35.00,EXCLU,"prix < 80 €",OK,,
5203,"KENZO - CAMA CARVALHO / BRANCO - 195 X 150",549.00,EXCLU,"aucune image ; image placeholder",OK,,
5204,"KENZO - MESA DE CABECEIRA 2 GAVETAS CARVALHO / BRANCO",169.00,EXCLU,"aucune image ; image placeholder",OK,,
5205,"KENZO - CÓMODA 3 GAVETAS CARVALHO / BRANCO",419.00,EXCLU,"aucune image ; image placeholder",OK,,
5206,"SKY Mesa de Jantar",279.00,INCLUS,,MÉDIO,"description nettoyée",647
5207,"PULP Vitrine",399.00,INCLUS,,MÉDIO,"description nettoyée",186
5212,"ENJOY Base TV",139.00,INCLUS,,MÉDIO,"description nettoyée",276
5217,"TEMPUR Almofada Prima",99.00,EXCLU,"aucune image ; image placeholder",OK,,
5218,"BASIC Base TV",179.00,INCLUS,,MÉDIO,"description nettoyée",409
5219,"21530124 Consola 3 Gavetas",139.00,INCLUS,,MÉDIO,"description nettoyée",932
5220,"Consola Rustica Branca 3 Gavetas 21530123",149.00,INCLUS,,MÉDIO,"titre normalisé (casse), description nettoyée",926
5221,"NOE Consola",55.00,EXCLU,"prix < 80 €",OK,,
5222,"RATTAN Sapateira",119.00,INCLUS,,MÉDIO,"description nettoyée",775
5223,"TOXIS Consola",135.00,EXCLU,"éligible non inclus (au-delà de la cible)",MÉDIO,"description nettoyée",
5224,"MIRO Base TV",199.00,EXCLU,"hors stock",OK,,
5225,"SANTI Base TV",199.00,EXCLU,"hors stock",OK,,
5226,"DAMA Base TV",219.00,INCLUS,,MÉDIO,"description nettoyée",499
5227,"RIO Base TV",239.00,EXCLU,"hors stock",OK,,
5228,"GH-25089 Conjunto de Mesa e Cadeiras",99.00,INCLUS,,MÉDIO,"description nettoyée",878
5230,"MURANO Base TV",269.00,EXCLU,"hors stock",OK,,
5231,"MONACO Base TV",269.00,EXCLU,"hors stock",OK,,
5232,"MELINA Mesa de Jantar",369.00,EXCLU,"hors stock",OK,,
5233,"MELINA Roupeiro",1109.00,INCLUS,,MÉDIO,"description nettoyée",589
5234,"VICI Vitrine",649.00,EXCLU,"hors stock",OK,,
5235,"LIMA Mesa de Jantar",199.00,INCLUS,,MÉDIO,"description nettoyée",642
5236,"LIMA KL - ROUPEIRO FIM LINHA",639.00,EXCLU,"aucune image ; hors stock ; image placeholder",OK,,
5237,"LIMA Roupeiro",349.00,INCLUS,,MÉDIO,"description nettoyée",98
5238,"FIORINO Mesa de Jantar",119.00,EXCLU,"hors stock",OK,,
5239,"TVE 6450 Mesa de Jantar",89.00,INCLUS,,MÉDIO,"description nettoyée",246
5242,"BLADE Cadeirão",219.00,EXCLU,"hors stock",OK,,
5243,"MOLAFLEX Colchão Orion",314.00,INCLUS,,OK,,152
5244,"URBAN Sofá Cama c/ Chaise Reversível",699.00,INCLUS,,MÉDIO,"description nettoyée",114
5245,"KORA Sofá de Canto C/ Cama e Baú",990.00,INCLUS,,MÉDIO,"description nettoyée",80
5246,"MOLAFLEX Colchão Moon",494.00,INCLUS,,MÉDIO,"description nettoyée",124
5248,"MOLAFLEX Colchão Mira",404.00,INCLUS,,OK,,139
5250,"MOLAFLEX Colchão Selection Pocket",439.20,INCLUS,,MÉDIO,"description nettoyée",53
5251,"MOLAFLEX Colchão Intensity",799.00,INCLUS,,MÉDIO,"description nettoyée",76
5253,"SAMA Mesa de Centro",65.00,EXCLU,"prix < 80 €",OK,,
5255,"MOLAFLEX Colchão Absolut",1149.00,INCLUS,,OK,,58
5257,"ENJOY Mesa de Centro",79.00,EXCLU,"prix < 80 €",OK,,
5265,"ECOSLEEP Colchão Fresh Adapt",549.00,INCLUS,,MÉDIO,"description nettoyée",103
5266,"SLEEP PRO Colchão",115.00,INCLUS,,MÉDIO,"description nettoyée",323
5267,"Sofa Md 2 Lugares Azul D-7099-3",229.00,EXCLU,"éligible non inclus (au-delà de la cible)",MÉDIO,"titre normalisé (casse), description nettoyée",
5268,"FL 189 Tapete",6.00,EXCLU,"prix < 80 €",OK,,
5269,"SEASIDE Carpete",25.00,EXCLU,"prix < 80 €",OK,,
5275,"PRONTO 520 Carpete",20.00,EXCLU,"prix < 80 €",OK,,
5276,"NATURA 022 Tapete",32.00,EXCLU,"prix < 80 €",OK,,
5279,"GRAFI 025 Carpete",39.00,EXCLU,"prix < 80 € ; aucune image ; image placeholder",OK,,
5291,"MD BELGRADO CABECEIRA ATÉ 150 ALTURA X 160 COMPRIMENTO",549.00,EXCLU,"aucune image ; hors stock ; image placeholder",OK,,
5292,"MD BELGRADO CABECEIRA ATÉ 150 ALTURA X 200 COMPRIMENTO",649.00,EXCLU,"aucune image ; hors stock ; image placeholder",OK,,
5294,"FL 477 Tapete",8.00,EXCLU,"prix < 80 €",OK,,
5295,"FLUFFY 145 Tapete",39.20,EXCLU,"prix < 80 €",OK,,
5297,"MASEL 079 Carpete",49.00,EXCLU,"prix < 80 € ; aucune image ; image placeholder",OK,,
5298,"SMOOTH 146 Tapete",29.00,EXCLU,"prix < 80 €",OK,,
5300,"SOY/LOYS 240 Tapete",19.00,EXCLU,"prix < 80 € ; aucune image ; image placeholder",OK,,
5308,"PEGO 158 Tapete",25.00,EXCLU,"prix < 80 €",OK,,
5310,"LARU 241 Tapete",29.00,EXCLU,"prix < 80 €",OK,,
5311,"ENDES 261 Tapete",25.00,EXCLU,"prix < 80 € ; aucune image ; image placeholder",OK,,
5316,"Estrado Articulado Metálico",449.00,INCLUS,,MÉDIO,"description nettoyée",174
5318,"KMAX 607S Sofá de Canto",1749.00,INCLUS,,MÉDIO,"description nettoyée",598
5322,"LARA DS Móvel Baixo",42.00,EXCLU,"prix < 80 €",OK,,
5323,"GALA Mesa de Centro",59.00,EXCLU,"prix < 80 €",OK,,
5324,"AURA DS Estante Assimétrica",62.00,EXCLU,"prix < 80 €",OK,,
5325,"AURA DS Estante",85.00,INCLUS,,MÉDIO,"description nettoyée",593
5326,"AURA DS Móvel Alto",78.00,EXCLU,"prix < 80 €",OK,,
5327,"AURA DS Móvel de Entrada",96.00,INCLUS,,MÉDIO,"description nettoyée",713
5328,"ANTIGONA Estante Completa",229.00,INCLUS,,MÉDIO,"description nettoyée",625
5330,"PIKOLIN Almofada Visco Medium",27.50,EXCLU,"prix < 80 €",OK,,
5332,"PIKOLIN Almofada Memory Gel",32.00,EXCLU,"prix < 80 €",OK,,
5336,"Sofa Cama 3 Lugares Mzx 3356",799.00,INCLUS,,MÉDIO,"titre normalisé (casse), description nettoyée",894
5338,"10301 Mesa Quadrada",69.00,EXCLU,"prix < 80 € ; hors stock",OK,,
5339,"AMARO Roupeiro",990.00,INCLUS,,MÉDIO,"description nettoyée",892
5340,"AMARO LK Cómoda",399.00,INCLUS,,MÉDIO,"description nettoyée",613
5342,"AMARO Conjunto 2 Mesas de Cabeceira",359.00,INCLUS,,MÉDIO,"description nettoyée",900
5344,"MILTON LK - ROUPEIRO - CHESTNUT / ANTRACYT",1209.00,EXCLU,"aucune image ; hors stock ; image placeholder",OK,,
5345,"MILTON LK - CÓMODA C/ 6 GAVETAS - CHESTNUT / ANTRACYT",479.00,EXCLU,"aucune image ; hors stock ; image placeholder",OK,,
5346,"MILTON LK - CAMA 200 X 160 COM ARRUMAÇÃO - CHESTNUT / ANTRACYT",619.00,EXCLU,"aucune image ; hors stock ; image placeholder",OK,,
5347,"MILTON LK - CONJ. 2 MESAS DE CABECEIRA  - CHESTNUT / ANTRACYT",359.00,EXCLU,"aucune image ; hors stock ; image placeholder",OK,,
5348,"MILTON LK - ESTRADO ELEVATÓRIO 200 X 160",309.00,EXCLU,"aucune image ; hors stock ; image placeholder",OK,,
5349,"TALLY Roupeiro",979.00,EXCLU,"hors stock",OK,,
5350,"TALLY Cómoda",349.00,EXCLU,"hors stock",OK,,
5352,"TALLY Conjunto 2 Mesas de Cabeceira",279.00,EXCLU,"hors stock",OK,,
5354,"DUERO Sofá 2/3 Lugares",389.00,INCLUS,,MÉDIO,"description nettoyée",193
5355,"KMAX P-16 Sofá Cama",419.00,EXCLU,"éligible non inclus (au-delà de la cible)",MÉDIO,"description nettoyée",
5356,"HIRO Mesa de Cabeceira",159.00,EXCLU,"hors stock",OK,,
5358,"HIRO Mesa de Cabeceira",159.00,EXCLU,"hors stock",OK,,
5359,"AMARO Vitrine",529.00,INCLUS,,MÉDIO,"description nettoyée",373
5360,"AMARO Aparador Alto",329.00,INCLUS,,MÉDIO,"description nettoyée",495
5361,"AMARO Aparador",429.00,INCLUS,,MÉDIO,"description nettoyée",379
5362,"AMARO Base TV",319.00,INCLUS,,MÉDIO,"description nettoyée",620
5363,"NABU Vitrine",549.00,EXCLU,"hors stock",OK,,
5364,"NABU Cómoda 4 Gavetas",289.00,EXCLU,"hors stock",OK,,
5365,"NABU Cómoda 6 Gavetas",379.00,EXCLU,"hors stock",OK,,
5366,"NABU Base TV",299.00,EXCLU,"hors stock",OK,,
5367,"LANTE LK - K MÓVEL ALTO 2P - BEGE",609.00,EXCLU,"aucune image ; hors stock ; image placeholder",OK,,
5368,"LANTE LK - L CÓMODA 88 4G / - BEGE",479.00,EXCLU,"aucune image ; hors stock ; image placeholder",OK,,
5369,"LANTE LK - M MESA DE JANTAR EXTENSÍVEL - BEGE",539.00,EXCLU,"aucune image ; hors stock ; image placeholder",OK,,
5370,"LANTE LK - B CÓMODA 6G 163",619.00,EXCLU,"aucune image ; hors stock ; image placeholder",OK,,
5371,"LANTE LK - C APARADOR 163 2P3G",579.00,EXCLU,"aucune image ; hors stock ; image placeholder",OK,,
5372,"LANTE LK - D APARADOR 138 1P3G",399.00,EXCLU,"aucune image ; hors stock ; image placeholder",OK,,
5373,"LANTE LK - G MESA DE CABECEIRA 2G",239.00,EXCLU,"aucune image ; hors stock ; image placeholder",OK,,
5374,"LANTE LK - J TOUCADOR",319.00,EXCLU,"aucune image ; hors stock ; image placeholder",OK,,
5376,"KMAX 6087 Sofá Relax",449.00,INCLUS,,OK,,35
5377,"NILLS AQ Sofá Cama",939.00,INCLUS,,MÉDIO,"description nettoyée",111
5379,"MOLAFLEX Colchão Vital Pocket",798.00,INCLUS,,MÉDIO,"description nettoyée",77
5380,"FB-021 Cama Dobrável Preta",199.00,INCLUS,,MÉDIO,"description nettoyée",529
5381,"FB-061E Cama Dobrável Elétrica",299.00,INCLUS,,MÉDIO,"description nettoyée",516
5382,"FB-060E Cama Dobrável Elétrica",299.00,INCLUS,,MÉDIO,"description nettoyée",517
5383,"UGO Banco Alto",49.00,EXCLU,"prix < 80 €",OK,,
5386,"TOLEDO Base TV",399.00,INCLUS,,MÉDIO,"description nettoyée",199
5393,"HIRO Aparador Alto",349.00,EXCLU,"hors stock",OK,,
5395,"HS 60781 Sofá Chaise Longue",899.00,INCLUS,,MÉDIO,"description nettoyée",85
5396,"ALMOFADA 45X45 BOHO AZUL",15.00,EXCLU,"prix < 80 € ; aucune image ; image placeholder",OK,,
5397,"ALMOFADA 45X45 COBRE/ NATURAL",14.12,EXCLU,"prix < 80 € ; aucune image ; image placeholder",OK,,
5398,"ALMOFADA 45X45 PEÓNIAS ROSA PASTEL",16.00,EXCLU,"prix < 80 € ; aucune image ; image placeholder",OK,,
5399,"ALMOFADA 45X45 PEÓNIAS VERDE PASTEL",16.00,EXCLU,"prix < 80 € ; aucune image ; image placeholder",OK,,
5400,"ALMOFADA 45X45 ZEBRAS ROSA",14.00,EXCLU,"prix < 80 € ; aucune image ; image placeholder",OK,,
5401,"ALMOFADA AZUL/VERDE 45X45",14.00,EXCLU,"prix < 80 € ; aucune image ; image placeholder",OK,,
5402,"ALMOFADA BLOOM 45X45",14.60,EXCLU,"prix < 80 € ; aucune image ; image placeholder",OK,,
5403,"ALMOFADA FLOR 45X45",15.12,EXCLU,"prix < 80 € ; aucune image ; image placeholder",OK,,
5404,"ALMOFADA LATEX NORMAL",40.00,EXCLU,"prix < 80 € ; aucune image ; image placeholder",OK,,
5405,"ALMOFADA MEMORY MORE",58.00,EXCLU,"prix < 80 € ; aucune image ; image placeholder",OK,,
5406,"ALMOFADA OXYGEL CLASSIC 60X40",58.00,EXCLU,"prix < 80 € ; aucune image ; image placeholder",OK,,
5407,"ALMOFADA PÁSSAROS 45X45",13.24,EXCLU,"prix < 80 € ; aucune image ; image placeholder",OK,,
5408,"ALMOFADA RENDA CINZA 35X50",12.20,EXCLU,"prix < 80 € ; aucune image ; image placeholder",OK,,
5409,"ALMOFADA REVIVE CLASSIC 60X40",50.00,EXCLU,"prix < 80 € ; aucune image ; image placeholder",OK,,
5410,"ALMOFADA SUPREME LATEX",15.08,EXCLU,"prix < 80 € ; aucune image ; image placeholder",OK,,
5411,"ALMOFADA VELUDO COBRE 33X50",12.20,EXCLU,"prix < 80 € ; aucune image ; image placeholder",OK,,
5412,"ALMOFADA VISCOELASTICA CERVICAL",62.56,EXCLU,"prix < 80 € ; aucune image ; image placeholder",OK,,
5413,"APARADOR C PE METAL",1500.00,EXCLU,"aucune image ; image placeholder",OK,,
5414,"APARADOR GENOVA",800.00,EXCLU,"aucune image ; image placeholder",OK,,
5415,BANCO,28.30,EXCLU,"prix < 80 € ; aucune image ; image placeholder",OK,,
5416,"BANCO COZINHA ESTOFADO",34.60,EXCLU,"prix < 80 € ; aucune image ; image placeholder",OK,,
5417,"CABECEIRA 150, TECIDO OPALO 20",600.00,EXCLU,"aucune image ; image placeholder",OK,,
5418,"CABECEIRA LACADA VENUS 160CMX170CM",640.00,EXCLU,"aucune image ; image placeholder",OK,,
5419,"CABIDE BRANCO",162.00,EXCLU,"aucune image ; image placeholder",OK,,
5420,"CABIDE CEREJEIRA NOGUEIRA",140.00,EXCLU,"aucune image ; image placeholder",OK,,
5421,"CADEIRA CINZA NIOBE",56.00,EXCLU,"prix < 80 € ; aucune image ; image placeholder",OK,,
5422,"CADEIRA GRIS MAIKA",38.00,EXCLU,"prix < 80 € ; aucune image ; image placeholder",OK,,
5423,"CADEIRA PA0230",182.00,EXCLU,"aucune image ; image placeholder",OK,,
5424,"CADEIRA PRETA",52.08,EXCLU,"prix < 80 € ; aucune image ; image placeholder",OK,,
5427,CANDEEIROS,10.00,EXCLU,"prix < 80 € ; aucune image ; image placeholder",OK,,
5428,"COLCHAO HIGH LÁTEX 190X80",240.00,EXCLU,"aucune image ; image placeholder",OK,,
5429,"CÓMODA SENSI, CARVALHO CLEAR, LACADO ARENA",240.00,EXCLU,"aucune image ; image placeholder",OK,,
5430,CONSOLA,280.00,EXCLU,"aucune image ; image placeholder",OK,,
5431,ESTATUETA,14.00,EXCLU,"prix < 80 € ; aucune image ; image placeholder",OK,,
5432,"ESTATUETA DEC44",8.00,EXCLU,"prix < 80 € ; aucune image ; image placeholder",OK,,
5433,"ESTRADO 183X98",60.00,EXCLU,"prix < 80 € ; aucune image ; image placeholder",OK,,
5434,"ESTRADO 195X150",60.00,EXCLU,"prix < 80 € ; aucune image ; image placeholder",OK,,
5435,"ESTRADO 2X2",80.00,EXCLU,"aucune image ; image placeholder",OK,,
5436,"ESTRADO ARTICULADO DE FERRO C/MOTOR 190X80",300.00,EXCLU,"aucune image ; image placeholder",OK,,
5437,"FRONHA ALMOFADA 60X40 BRANCO",15.64,EXCLU,"prix < 80 € ; aucune image ; image placeholder",OK,,
5438,"JARRA DECORATIVA",12.20,EXCLU,"prix < 80 € ; aucune image ; image placeholder",OK,,
5439,"JARRA DECORATIVA CINZA",12.20,EXCLU,"prix < 80 € ; aucune image ; image placeholder",OK,,
5440,"JARRÃO DEC3",50.00,EXCLU,"prix < 80 € ; aucune image ; image placeholder",OK,,
5441,"LENÇOL PROTETOR 183X133 BEGE",44.82,EXCLU,"prix < 80 € ; aucune image ; image placeholder",OK,,
5442,"LENÇOL PROTETOR 200X140 BRANCO",46.34,EXCLU,"prix < 80 € ; aucune image ; image placeholder",OK,,
5443,"LENÇOL PROTETOR 200X150 BEGE",49.42,EXCLU,"prix < 80 € ; aucune image ; image placeholder",OK,,
5444,"LENÇOL PROTETOR 200X160 BRANCO",40.00,EXCLU,"prix < 80 € ; aucune image ; image placeholder",OK,,
5445,"LENÇOL PROTETOR 48 200X140",51.58,EXCLU,"prix < 80 € ; aucune image ; image placeholder",OK,,
5446,"LENÇOL PROTETOR 48 200X150",58.50,EXCLU,"prix < 80 € ; aucune image ; image placeholder",OK,,
5447,"MANTA VELUDO COBRE 140X200",42.40,EXCLU,"prix < 80 € ; aucune image ; image placeholder",OK,,
5448,"MESA APOIO MÁRMORE / PÉ DOURADO",132.00,EXCLU,"aucune image ; image placeholder",OK,,
5449,"MESA APOIO PÉS FERRO",170.00,EXCLU,"aucune image ; image placeholder",OK,,
5450,"MESA CABECEIRA  PFMCNICE",60.00,EXCLU,"prix < 80 € ; aucune image ; image placeholder",OK,,
5451,"MESA CABECEIRA ( NOGAL BALADRE, PRINCE OCEAN)",159.36,EXCLU,"aucune image ; image placeholder",OK,,
5452,"MESA CABECEIRA CA12",68.90,EXCLU,"prix < 80 € ; aucune image ; image placeholder",OK,,
5453,"MESA CABECEIRA VENUS",440.00,EXCLU,"aucune image ; image placeholder",OK,,
5454,"MESA CABECEIRA ZN200TMI",300.00,EXCLU,"aucune image ; image placeholder",OK,,
5455,"MESA CENTRO",220.00,EXCLU,"aucune image ; image placeholder",OK,,
5456,"MESA CENTRO M603",128.00,EXCLU,"aucune image ; image placeholder",OK,,
5457,"MESA SALA",154.48,EXCLU,"aucune image ; image placeholder",OK,,
5458,"MESA SOLERO RECTA C/ VIDRO BRANCA REF:96A",210.00,EXCLU,"aucune image ; image placeholder",OK,,
5459,"MOLDURA AMORA",200.00,EXCLU,"aucune image ; image placeholder",OK,,
5460,"MOLDURA DREAMS D6",156.00,EXCLU,"aucune image ; image placeholder",OK,,
5461,"MÓVEL MAQUINA",240.00,EXCLU,"aucune image ; image placeholder",OK,,
5462,"ORQUIDEA ROXA",16.00,EXCLU,"prix < 80 € ; aucune image ; image placeholder",OK,,
5463,"PACK 2 ALMOFADAS ALOÉ VERA",19.00,EXCLU,"prix < 80 € ; aucune image ; image placeholder",OK,,
5464,"QUADRO 120X80 - LI642G",140.00,EXCLU,"aucune image ; image placeholder",OK,,
5465,"QUADRO 120X80 - LI649G",140.00,EXCLU,"aucune image ; image placeholder",OK,,
5466,"QUADRO CRIANÇA DEC65",12.00,EXCLU,"prix < 80 € ; aucune image ; image placeholder",OK,,
5467,"QUADRO CRIANÇA DEC66",14.00,EXCLU,"prix < 80 € ; aucune image ; image placeholder",OK,,
5468,"QUADRO DEER VEST",80.00,EXCLU,"aucune image ; image placeholder",OK,,
5469,"QUADRO TELA",40.00,EXCLU,"prix < 80 € ; aucune image ; image placeholder",OK,,
5470,"QUADRO TELA DEC105",40.00,EXCLU,"prix < 80 € ; aucune image ; image placeholder",OK,,
5471,"QUADRO WOLF VEST",80.00,EXCLU,"aucune image ; image placeholder",OK,,
5474,"SET JARDIM CAPRI",300.00,EXCLU,"aucune image ; image placeholder",OK,,
5476,"VASO METAL ANTRACITE/ DOURADO",15.00,EXCLU,"prix < 80 € ; aucune image ; image placeholder",OK,,
5477,"VASO METAL MULTICOLOR 02546G",17.00,EXCLU,"prix < 80 € ; aucune image ; image placeholder",OK,,
5478,"VASO METAL MULTICOLOR 02546P",15.00,EXCLU,"prix < 80 € ; aucune image ; image placeholder",OK,,
5479,VESTIDOR,300.00,EXCLU,"aucune image ; image placeholder",OK,,
5480,"VITRINE C LED N341",200.00,EXCLU,"aucune image ; image placeholder",OK,,
5481,"VITRINE C LED N34D",200.00,EXCLU,"aucune image ; image placeholder",OK,,
5482,"VITRINE C LED N9D",208.28,EXCLU,"aucune image ; image placeholder",OK,,
5483,"VITRINE COM LEDS",1340.00,EXCLU,"aucune image ; image placeholder",OK,,
5556,"PIKOLIN MELODIA NBK 182X80",578.00,EXCLU,"aucune image ; hors stock ; image placeholder",OK,,
5557,"PIKOLIN MELODIA NBK 190X80",525.00,EXCLU,"aucune image ; hors stock ; image placeholder",OK,,
5558,"PIKOLIN MELODIA NBK 195X80",557.00,EXCLU,"aucune image ; hors stock ; image placeholder",OK,,
5559,"PIKOLIN MELODIA NBK 200X80",578.00,EXCLU,"aucune image ; hors stock ; image placeholder",OK,,
5560,"PIKOLIN MELODIA NBK 182X88",626.00,EXCLU,"aucune image ; hors stock ; image placeholder",OK,,
5561,"PIKOLIN MELODIA NBK 190X88",569.00,EXCLU,"aucune image ; hors stock ; image placeholder",OK,,
5562,"PIKOLIN MELODIA NBK 195X88",603.00,EXCLU,"aucune image ; hors stock ; image placeholder",OK,,
5563,"PIKOLIN MELODIA NBK 200X88",626.00,EXCLU,"aucune image ; hors stock ; image placeholder",OK,,
5564,"PIKOLIN MELODIA NBK 182X90",626.00,EXCLU,"aucune image ; hors stock ; image placeholder",OK,,
5565,"PIKOLIN MELODIA NBK 190X90",569.00,EXCLU,"aucune image ; hors stock ; image placeholder",OK,,
5566,"PIKOLIN MELODIA NBK 195X90",603.00,EXCLU,"aucune image ; hors stock ; image placeholder",OK,,
5567,"PIKOLIN MELODIA NBK 200X90",626.00,EXCLU,"aucune image ; hors stock ; image placeholder",OK,,
5568,"PIKOLIN MELODIA NBK 182X95",701.00,EXCLU,"aucune image ; hors stock ; image placeholder",OK,,
5569,"PIKOLIN MELODIA NBK 190X95",637.00,EXCLU,"aucune image ; hors stock ; image placeholder",OK,,
5570,"PIKOLIN MELODIA NBK 195X95",675.00,EXCLU,"aucune image ; hors stock ; image placeholder",OK,,
5571,"PIKOLIN MELODIA NBK 200X95",701.00,EXCLU,"aucune image ; hors stock ; image placeholder",OK,,
5572,"PIKOLIN MELODIA NBK 182X98",701.00,EXCLU,"aucune image ; hors stock ; image placeholder",OK,,
5573,"PIKOLIN MELODIA NBK 190X98",637.00,EXCLU,"aucune image ; hors stock ; image placeholder",OK,,
5574,"PIKOLIN MELODIA NBK 195X98",675.00,EXCLU,"aucune image ; hors stock ; image placeholder",OK,,
5575,"PIKOLIN MELODIA NBK 200X98",701.00,EXCLU,"aucune image ; hors stock ; image placeholder",OK,,
5576,"PIKOLIN MELODIA NBK 182X105",701.00,EXCLU,"aucune image ; hors stock ; image placeholder",OK,,
5577,"PIKOLIN MELODIA NBK 190X105",637.00,EXCLU,"aucune image ; hors stock ; image placeholder",OK,,
5578,"PIKOLIN MELODIA NBK 195X105",675.00,EXCLU,"aucune image ; hors stock ; image placeholder",OK,,
5579,"PIKOLIN MELODIA NBK 200X105",701.00,EXCLU,"aucune image ; hors stock ; image placeholder",OK,,
5580,"PIKOLIN MELODIA NBK 182X110",701.00,EXCLU,"aucune image ; hors stock ; image placeholder",OK,,
5581,"PIKOLIN MELODIA NBK 190X110",637.00,EXCLU,"aucune image ; hors stock ; image placeholder",OK,,
5582,"PIKOLIN MELODIA NBK 195X110",675.00,EXCLU,"aucune image ; hors stock ; image placeholder",OK,,
5583,"PIKOLIN MELODIA NBK 200X110",701.00,EXCLU,"aucune image ; hors stock ; image placeholder",OK,,
5584,"PIKOLIN MELODIA NBK 182X118",818.00,EXCLU,"aucune image ; hors stock ; image placeholder",OK,,
5585,"PIKOLIN MELODIA NBK 190X118",744.00,EXCLU,"aucune image ; hors stock ; image placeholder",OK,,
5586,"PIKOLIN MELODIA NBK 195X118",789.00,EXCLU,"aucune image ; hors stock ; image placeholder",OK,,
5587,"PIKOLIN MELODIA NBK 200X118",818.00,EXCLU,"aucune image ; hors stock ; image placeholder",OK,,
5588,"PIKOLIN MELODIA NBK 182X120",818.00,EXCLU,"aucune image ; hors stock ; image placeholder",OK,,
5589,"PIKOLIN MELODIA NBK 190X120",744.00,EXCLU,"aucune image ; hors stock ; image placeholder",OK,,
5590,"PIKOLIN MELODIA NBK 195X120",789.00,EXCLU,"aucune image ; hors stock ; image placeholder",OK,,
5591,"PIKOLIN MELODIA NBK 200X120",818.00,EXCLU,"aucune image ; hors stock ; image placeholder",OK,,
5592,"PIKOLIN MELODIA NBK 182X123",818.00,EXCLU,"aucune image ; hors stock ; image placeholder",OK,,
5593,"PIKOLIN MELODIA NBK 190X123",744.00,EXCLU,"aucune image ; hors stock ; image placeholder",OK,,
5594,"PIKOLIN MELODIA NBK 195X123",789.00,EXCLU,"aucune image ; hors stock ; image placeholder",OK,,
5595,"PIKOLIN MELODIA NBK 200X123",818.00,EXCLU,"aucune image ; hors stock ; image placeholder",OK,,
5596,"PIKOLIN MELODIA NBK 182X128",818.00,EXCLU,"aucune image ; hors stock ; image placeholder",OK,,
5597,"PIKOLIN MELODIA NBK 190X128",744.00,EXCLU,"aucune image ; hors stock ; image placeholder",OK,,
5598,"PIKOLIN MELODIA NBK 195X128",789.00,EXCLU,"aucune image ; hors stock ; image placeholder",OK,,
5599,"PIKOLIN MELODIA NBK 200X128",818.00,EXCLU,"aucune image ; hors stock ; image placeholder",OK,,
5600,"PIKOLIN MELODIA NBK 182X133",818.00,EXCLU,"aucune image ; hors stock ; image placeholder",OK,,
5601,"PIKOLIN MELODIA NBK 190X133",744.00,EXCLU,"aucune image ; hors stock ; image placeholder",OK,,
5602,"PIKOLIN MELODIA NBK 195X133",789.00,EXCLU,"aucune image ; hors stock ; image placeholder",OK,,
5603,"PIKOLIN MELODIA NBK 200X133",818.00,EXCLU,"aucune image ; hors stock ; image placeholder",OK,,
5604,"PIKOLIN MELODIA NBK 182X135",818.00,EXCLU,"aucune image ; hors stock ; image placeholder",OK,,
5605,"PIKOLIN MELODIA NBK 190X135",744.00,EXCLU,"aucune image ; hors stock ; image placeholder",OK,,
5606,"PIKOLIN MELODIA NBK 195X135",789.00,EXCLU,"aucune image ; hors stock ; image placeholder",OK,,
5607,"PIKOLIN MELODIA NBK 200X135",818.00,EXCLU,"aucune image ; hors stock ; image placeholder",OK,,
5608,"PIKOLIN MELODIA NBK 182X140",879.00,EXCLU,"aucune image ; hors stock ; image placeholder",OK,,
5609,"PIKOLIN MELODIA NBK 190X140",798.50,EXCLU,"aucune image ; hors stock ; image placeholder",OK,,
5610,"PIKOLIN MELODIA NBK 195X140",847.00,EXCLU,"aucune image ; hors stock ; image placeholder",OK,,
5611,"PIKOLIN MELODIA NBK 200X140",879.00,EXCLU,"aucune image ; hors stock ; image placeholder",OK,,
5612,"PIKOLIN MELODIA NBK 182X150",942.00,EXCLU,"aucune image ; hors stock ; image placeholder",OK,,
5613,"PIKOLIN MELODIA NBK 190X150",856.00,EXCLU,"aucune image ; hors stock ; image placeholder",OK,,
5614,"PIKOLIN MELODIA NBK 195X150",907.00,EXCLU,"aucune image ; hors stock ; image placeholder",OK,,
5615,"PIKOLIN MELODIA NBK 200X150",942.00,EXCLU,"aucune image ; hors stock ; image placeholder",OK,,
5616,"PIKOLIN MELODIA NBK 182X160",1064.00,EXCLU,"aucune image ; hors stock ; image placeholder",OK,,
5617,"PIKOLIN MELODIA NBK 190X160",967.00,EXCLU,"aucune image ; hors stock ; image placeholder",OK,,
5618,"PIKOLIN MELODIA NBK 195X160",1025.00,EXCLU,"aucune image ; hors stock ; image placeholder",OK,,
5619,"PIKOLIN MELODIA NBK 200X160",1064.00,EXCLU,"aucune image ; hors stock ; image placeholder",OK,,
5620,"PIKOLIN MELODIA NBK 182X180",1146.00,EXCLU,"aucune image ; hors stock ; image placeholder",OK,,
5621,"PIKOLIN MELODIA NBK 190X180",1042.00,EXCLU,"aucune image ; hors stock ; image placeholder",OK,,
5622,"PIKOLIN MELODIA NBK 195X180",1105.00,EXCLU,"aucune image ; hors stock ; image placeholder",OK,,
5623,"PIKOLIN MELODIA NBK 200X180",1146.00,EXCLU,"aucune image ; hors stock ; image placeholder",OK,,
5624,"PIKOLIN MELODIA NBK 182X200",1309.00,EXCLU,"aucune image ; hors stock ; image placeholder",OK,,
5625,"PIKOLIN MELODIA NBK 190X200",1190.00,EXCLU,"aucune image ; hors stock ; image placeholder",OK,,
5626,"PIKOLIN MELODIA NBK 195X200",1261.00,EXCLU,"aucune image ; hors stock ; image placeholder",OK,,
5627,"PIKOLIN MELODIA NBK 200X200",1309.00,EXCLU,"aucune image ; hors stock ; image placeholder",OK,,
5844,"PIKOLIN ORQUESTRA 182X80",1202.00,EXCLU,"aucune image ; hors stock ; image placeholder",OK,,
5845,"PIKOLIN ORQUESTRA 190X80",1092.00,EXCLU,"aucune image ; hors stock ; image placeholder",OK,,
5846,"PIKOLIN ORQUESTRA 195X80",1158.00,EXCLU,"aucune image ; hors stock ; image placeholder",OK,,
5847,"PIKOLIN ORQUESTRA 200X80",1202.00,EXCLU,"aucune image ; hors stock ; image placeholder",OK,,
5848,"PIKOLIN ORQUESTRA 182X88",1302.00,EXCLU,"aucune image ; hors stock ; image placeholder",OK,,
5849,"PIKOLIN ORQUESTRA 190X88",1184.00,EXCLU,"aucune image ; hors stock ; image placeholder",OK,,
5850,"PIKOLIN ORQUESTRA 195X88",1256.00,EXCLU,"aucune image ; hors stock ; image placeholder",OK,,
5851,"PIKOLIN ORQUESTRA 200X88",1302.00,EXCLU,"aucune image ; hors stock ; image placeholder",OK,,
5852,"PIKOLIN ORQUESTRA 182X90",1302.00,EXCLU,"aucune image ; hors stock ; image placeholder",OK,,
5853,"PIKOLIN ORQUESTRA 190X90",1184.00,EXCLU,"aucune image ; hors stock ; image placeholder",OK,,
5854,"PIKOLIN ORQUESTRA 195X90",1256.00,EXCLU,"aucune image ; hors stock ; image placeholder",OK,,
5855,"PIKOLIN ORQUESTRA 200X90",1302.00,EXCLU,"aucune image ; hors stock ; image placeholder",OK,,
5856,"PIKOLIN ORQUESTRA 182X95",1458.00,EXCLU,"aucune image ; hors stock ; image placeholder",OK,,
5857,"PIKOLIN ORQUESTRA 190X95",1326.00,EXCLU,"aucune image ; hors stock ; image placeholder",OK,,
5858,"PIKOLIN ORQUESTRA 195X95",1406.00,EXCLU,"aucune image ; hors stock ; image placeholder",OK,,
5859,"PIKOLIN ORQUESTRA 200X95",1458.00,EXCLU,"aucune image ; hors stock ; image placeholder",OK,,
5860,"PIKOLIN ORQUESTRA 182X98",1458.00,EXCLU,"aucune image ; hors stock ; image placeholder",OK,,
5861,"PIKOLIN ORQUESTRA 190X98",1326.00,EXCLU,"aucune image ; hors stock ; image placeholder",OK,,
5862,"PIKOLIN ORQUESTRA 195X98",1406.00,EXCLU,"aucune image ; hors stock ; image placeholder",OK,,
5863,"PIKOLIN ORQUESTRA 200X98",1458.00,EXCLU,"aucune image ; hors stock ; image placeholder",OK,,
5864,"PIKOLIN ORQUESTRA 182X105",1458.00,EXCLU,"aucune image ; hors stock ; image placeholder",OK,,
5865,"PIKOLIN ORQUESTRA 190X105",1326.00,EXCLU,"aucune image ; hors stock ; image placeholder",OK,,
5866,"PIKOLIN ORQUESTRA 195X105",1406.00,EXCLU,"aucune image ; hors stock ; image placeholder",OK,,
5867,"PIKOLIN ORQUESTRA 200X105",1458.00,EXCLU,"aucune image ; hors stock ; image placeholder",OK,,
5868,"PIKOLIN ORQUESTRA 182X110",1458.00,EXCLU,"aucune image ; hors stock ; image placeholder",OK,,
5869,"PIKOLIN ORQUESTRA 190X110",1326.00,EXCLU,"aucune image ; hors stock ; image placeholder",OK,,
5870,"PIKOLIN ORQUESTRA 195X110",1406.00,EXCLU,"aucune image ; hors stock ; image placeholder",OK,,
5871,"PIKOLIN ORQUESTRA 200X110",1458.00,EXCLU,"aucune image ; hors stock ; image placeholder",OK,,
5872,"PIKOLIN ORQUESTRA 182X118",1774.00,EXCLU,"aucune image ; hors stock ; image placeholder",OK,,
5873,"PIKOLIN ORQUESTRA 190X118",1612.00,EXCLU,"aucune image ; hors stock ; image placeholder",OK,,
5874,"PIKOLIN ORQUESTRA 195X118",1708.00,EXCLU,"aucune image ; hors stock ; image placeholder",OK,,
5875,"PIKOLIN ORQUESTRA 200X118",1774.00,EXCLU,"aucune image ; hors stock ; image placeholder",OK,,
5876,"PIKOLIN ORQUESTRA 182X120",1774.00,EXCLU,"aucune image ; hors stock ; image placeholder",OK,,
5877,"PIKOLIN ORQUESTRA 190X120",1612.00,EXCLU,"aucune image ; hors stock ; image placeholder",OK,,
5878,"PIKOLIN ORQUESTRA 195X120",1708.00,EXCLU,"aucune image ; hors stock ; image placeholder",OK,,
5879,"PIKOLIN ORQUESTRA 200X120",1774.00,EXCLU,"aucune image ; hors stock ; image placeholder",OK,,
5880,"PIKOLIN ORQUESTRA 182X123",1774.00,EXCLU,"aucune image ; hors stock ; image placeholder",OK,,
5881,"PIKOLIN ORQUESTRA 190X123",1612.00,EXCLU,"aucune image ; hors stock ; image placeholder",OK,,
5882,"PIKOLIN ORQUESTRA 195X123",1708.00,EXCLU,"aucune image ; hors stock ; image placeholder",OK,,
5883,"PIKOLIN ORQUESTRA 200X123",1774.00,EXCLU,"aucune image ; hors stock ; image placeholder",OK,,
5884,"PIKOLIN ORQUESTRA 182X128",1774.00,EXCLU,"aucune image ; hors stock ; image placeholder",OK,,
5885,"PIKOLIN ORQUESTRA 190X128",1612.00,EXCLU,"aucune image ; hors stock ; image placeholder",OK,,
5886,"PIKOLIN ORQUESTRA 195X128",1708.00,EXCLU,"aucune image ; hors stock ; image placeholder",OK,,
5887,"PIKOLIN ORQUESTRA 200X128",1774.00,EXCLU,"aucune image ; hors stock ; image placeholder",OK,,
5888,"PIKOLIN ORQUESTRA 182X133",1774.00,EXCLU,"aucune image ; hors stock ; image placeholder",OK,,
5889,"PIKOLIN ORQUESTRA 190X133",1612.00,EXCLU,"aucune image ; hors stock ; image placeholder",OK,,
5890,"PIKOLIN ORQUESTRA 195X133",1708.00,EXCLU,"aucune image ; hors stock ; image placeholder",OK,,
5891,"PIKOLIN ORQUESTRA 200X133",1774.00,EXCLU,"aucune image ; hors stock ; image placeholder",OK,,
5892,"PIKOLIN ORQUESTRA 182X135",1774.00,EXCLU,"aucune image ; hors stock ; image placeholder",OK,,
5893,"PIKOLIN ORQUESTRA 190X135",1612.00,EXCLU,"aucune image ; hors stock ; image placeholder",OK,,
5894,"PIKOLIN ORQUESTRA 195X135",1708.00,EXCLU,"aucune image ; hors stock ; image placeholder",OK,,
5895,"PIKOLIN ORQUESTRA 200X135",1774.00,EXCLU,"aucune image ; hors stock ; image placeholder",OK,,
5896,"PIKOLIN ORQUESTRA 182X140",1904.00,EXCLU,"aucune image ; hors stock ; image placeholder",OK,,
5897,"PIKOLIN ORQUESTRA 190X140",1729.00,EXCLU,"aucune image ; hors stock ; image placeholder",OK,,
5898,"PIKOLIN ORQUESTRA 195X140",1834.00,EXCLU,"aucune image ; hors stock ; image placeholder",OK,,
5899,"PIKOLIN ORQUESTRA 200X140",1904.00,EXCLU,"aucune image ; hors stock ; image placeholder",OK,,
5900,"PIKOLIN ORQUESTRA 182X150",2042.00,EXCLU,"aucune image ; hors stock ; image placeholder",OK,,
5901,"PIKOLIN ORQUESTRA 190X150",1856.00,EXCLU,"aucune image ; hors stock ; image placeholder",OK,,
5902,"PIKOLIN ORQUESTRA 195X150",1968.00,EXCLU,"aucune image ; hors stock ; image placeholder",OK,,
5903,"PIKOLIN ORQUESTRA 200X150",2042.00,EXCLU,"aucune image ; hors stock ; image placeholder",OK,,
5904,"PIKOLIN ORQUESTRA 182X160",2306.00,EXCLU,"aucune image ; hors stock ; image placeholder",OK,,
5905,"PIKOLIN ORQUESTRA 190X160",2096.00,EXCLU,"aucune image ; hors stock ; image placeholder",OK,,
5906,"PIKOLIN ORQUESTRA 195X160",2222.00,EXCLU,"aucune image ; hors stock ; image placeholder",OK,,
5907,"PIKOLIN ORQUESTRA 200X160",2306.00,EXCLU,"aucune image ; hors stock ; image placeholder",OK,,
5908,"PIKOLIN ORQUESTRA 182X180",2482.00,EXCLU,"aucune image ; hors stock ; image placeholder",OK,,
5909,"PIKOLIN ORQUESTRA 190X180",2256.00,EXCLU,"aucune image ; hors stock ; image placeholder",OK,,
5910,"PIKOLIN ORQUESTRA 195X180",2392.00,EXCLU,"aucune image ; hors stock ; image placeholder",OK,,
5911,"PIKOLIN ORQUESTRA 200X180",2482.00,EXCLU,"aucune image ; hors stock ; image placeholder",OK,,
5912,"PIKOLIN ORQUESTRA 182X200",2838.00,EXCLU,"aucune image ; hors stock ; image placeholder",OK,,
5913,"PIKOLIN ORQUESTRA 190X200",2580.00,EXCLU,"aucune image ; hors stock ; image placeholder",OK,,
5914,"PIKOLIN ORQUESTRA 195X200",2734.00,EXCLU,"aucune image ; hors stock ; image placeholder",OK,,
5915,"PIKOLIN ORQUESTRA 200X200",2838.00,EXCLU,"aucune image ; hors stock ; image placeholder",OK,,
6001,"PIKOLIN ERGOPOCKET 190X140",399.20,EXCLU,"aucune image ; image placeholder",OK,,
6008,"PIKOLIN ERGOPOCKET 200X160",454.40,EXCLU,"aucune image ; image placeholder",OK,,
6012,"PIKOLIN ERGOSPRING 182X80",357.00,EXCLU,"aucune image ; hors stock ; image placeholder",OK,,
6013,"PIKOLIN ERGOSPRING 190X80",338.00,EXCLU,"aucune image ; hors stock ; image placeholder",OK,,
6014,"PIKOLIN ERGOSPRING 200X80",357.00,EXCLU,"aucune image ; hors stock ; image placeholder",OK,,
6015,"PIKOLIN ERGOSPRING 182X90",357.00,EXCLU,"aucune image ; hors stock ; image placeholder",OK,,
6016,"PIKOLIN ERGOSPRING 190X90",338.00,EXCLU,"aucune image ; hors stock ; image placeholder",OK,,
6017,"PIKOLIN ERGOSPRING 200X90",357.00,EXCLU,"aucune image ; hors stock ; image placeholder",OK,,
6018,"PIKOLIN ERGOSPRING 182X105",416.00,EXCLU,"aucune image ; hors stock ; image placeholder",OK,,
6019,"PIKOLIN ERGOSPRING 190X105",394.00,EXCLU,"aucune image ; hors stock ; image placeholder",OK,,
6020,"PIKOLIN ERGOSPRING 200X105",416.00,EXCLU,"aucune image ; hors stock ; image placeholder",OK,,
6021,"PIKOLIN ERGOSPRING 182X133",487.00,EXCLU,"aucune image ; hors stock ; image placeholder",OK,,
6022,"PIKOLIN ERGOSPRING 190X133",464.00,EXCLU,"aucune image ; hors stock ; image placeholder",OK,,
6023,"PIKOLIN ERGOSPRING 200X133",487.00,EXCLU,"aucune image ; hors stock ; image placeholder",OK,,
6024,"PIKOLIN ERGOSPRING 182X135",487.00,EXCLU,"aucune image ; hors stock ; image placeholder",OK,,
6025,"PIKOLIN ERGOSPRING 190X135",464.00,EXCLU,"aucune image ; hors stock ; image placeholder",OK,,
6026,"PIKOLIN ERGOSPRING 200X135",487.00,EXCLU,"aucune image ; hors stock ; image placeholder",OK,,
6027,"PIKOLIN ERGOSPRING 182X140",499.00,EXCLU,"aucune image ; hors stock ; image placeholder",OK,,
6028,"PIKOLIN ERGOSPRING 190X140",476.00,EXCLU,"aucune image ; hors stock ; image placeholder",OK,,
6029,"PIKOLIN ERGOSPRING 200X140",499.00,EXCLU,"aucune image ; hors stock ; image placeholder",OK,,
6030,"PIKOLIN ERGOSPRING 182X150",542.00,EXCLU,"aucune image ; hors stock ; image placeholder",OK,,
6031,"PIKOLIN ERGOSPRING 190X150",516.00,EXCLU,"aucune image ; hors stock ; image placeholder",OK,,
6032,"PIKOLIN ERGOSPRING 200X150",542.00,EXCLU,"aucune image ; hors stock ; image placeholder",OK,,
6033,"PIKOLIN ERGOSPRING 182X160",568.00,EXCLU,"aucune image ; hors stock ; image placeholder",OK,,
6034,"PIKOLIN ERGOSPRING 190X160",542.00,EXCLU,"aucune image ; hors stock ; image placeholder",OK,,
6035,"PIKOLIN ERGOSPRING 200X160",568.00,EXCLU,"aucune image ; hors stock ; image placeholder",OK,,
6036,"PIKOLIN ERGOSPRING 182X180",650.00,EXCLU,"aucune image ; hors stock ; image placeholder",OK,,
6037,"PIKOLIN ERGOSPRING 190X180",620.00,EXCLU,"aucune image ; hors stock ; image placeholder",OK,,
6038,"PIKOLIN ERGOSPRING 200X180",650.00,EXCLU,"aucune image ; hors stock ; image placeholder",OK,,
6039,"MENFIS Sofá Chaise Longue",1229.00,INCLUS,,MÉDIO,"description nettoyée",101
6040,"PIKOLIN Estrado Articulado Metálico",445.00,EXCLU,"hors stock",OK,,
6041,"BAIONA II Sofá Chaise Longue",899.00,INCLUS,,MÉDIO,"description nettoyée",99
6042,"BAR63 Banco Alto",49.00,EXCLU,"prix < 80 €",OK,,
6043,"BAR60 Banco Alto",49.00,EXCLU,"prix < 80 €",OK,,
6045,"LUMI Vitrine",729.00,INCLUS,,MÉDIO,"description nettoyée",118
6047,"Bilbao Ds - Sofá-Cama",459.00,INCLUS,,MÉDIO,"titre normalisé (casse), description nettoyée",447
6053,"MENUA DS - SOFÁ CHAISE LONG DIR. V/F C/ CAMA - BEGE",919.00,EXCLU,"aucune image ; image placeholder",OK,,
6054,"MENUA DS - SOFÁ CHAISE LONG DIR. V/F C/ CAMA - GRIS",919.00,EXCLU,"aucune image ; image placeholder",OK,,
6055,"MENUA DS - SOFÁ CHAISE LONG ESQ. V/F C/ CAMA - BEGE",919.00,EXCLU,"aucune image ; image placeholder",OK,,
6065,"ASOLA Aparador",299.00,INCLUS,,MÉDIO,"description nettoyée",904
6066,"ASOLA Mesa de Centro",199.00,INCLUS,,OK,,909
6069,"FUNDO MD / EMD PRODUÇÃO ATÉ 190X140",79.00,EXCLU,"prix < 80 € ; aucune image ; hors stock ; image placeholder",OK,,
6078,"STILO Super Pack Cama",349.00,EXCLU,"hors stock",OK,,
6079,"HE 272 Sofá Cama c/ Chaise",649.00,INCLUS,,MÉDIO,"description nettoyée",119
6080,"ZIVA Sofá Chaise Longue",219.00,INCLUS,,MÉDIO,"description nettoyée",278
6081,"TOKIO Base TV",149.00,INCLUS,,MÉDIO,"description nettoyée",448
6082,"BIOMEDICAL Super Pack Cama",1145.00,INCLUS,,MÉDIO,"description nettoyée",66
6085,"TRAVIS Cama",159.00,INCLUS,,MÉDIO,"description nettoyée",264
6086,"CHEERS Sofá Relax 3 Lugares",1659.00,INCLUS,,MÉDIO,"description nettoyée",48
6090,"3D LK Cama c/ Mesas de Cabeceira",599.00,INCLUS,,MÉDIO,"description nettoyée",128
6091,"MONA Mesa de Jantar Extensível",439.00,EXCLU,"hors stock",OK,,
6092,"MONA Base TV",299.00,EXCLU,"hors stock",OK,,
6093,"MONA Aparador",349.00,EXCLU,"hors stock",OK,,
6096,"KM 162529 Sofá Cama",259.00,INCLUS,,MÉDIO,"description nettoyée",339
6097,"KMAX 8822 Cadeirão Relax",549.00,INCLUS,,MÉDIO,"description nettoyée",337
6098,"MOVEL ENTC/ DUAS GAVETAS MILU",129.00,EXCLU,"aucune image ; image placeholder",OK,,
6100,"MOVEL ALTO C/ CINCO GAVETAS KAMAIRA",149.00,EXCLU,"aucune image ; image placeholder",OK,,
6102,"SHEA Estante de Parede",179.00,INCLUS,,MÉDIO,"description nettoyée",758
6104,"RELOGIO ALUMINIO TEMP/HIDR B 30CM 20550187",24.00,EXCLU,"prix < 80 €",OK,,
6105,"RELOGIO ALUMINIO LARANJA 20550185",24.00,EXCLU,"prix < 80 €",OK,,
6106,"RELOGIO AZUL 30 CM 22360009",14.00,EXCLU,"prix < 80 €",OK,,
6107,"RELOGIO CASTANHO 30 CM 22360010",14.00,EXCLU,"prix < 80 € ; aucune image ; image placeholder",OK,,
6108,"RELOGIO COZINHA ROSA 30 CM 20550180",14.00,EXCLU,"prix < 80 €",OK,,
6109,"RELOGIO QUADRADO BRANCO 31 CM 19520001",14.00,EXCLU,"prix < 80 €",OK,,
6110,"RELOGIO AZUL ESCURO 30 CM 22360003",15.99,EXCLU,"prix < 80 €",OK,,
6111,"RELOGIO COBRE 30 CM 18560231",21.00,EXCLU,"prix < 80 €",OK,,
6112,"RELOGIO PAREDE MADEIRA 30 CM 20930205",25.00,EXCLU,"prix < 80 €",OK,,
6113,"RELOGIO QUADRADO 28 CM 18560222",19.00,EXCLU,"prix < 80 €",OK,,
6114,"Relogio Parede Madeira 60 Cm",99.00,EXCLU,"éligible non inclus (au-delà de la cible)",MÉDIO,"titre normalisé (casse), description nettoyée",
6115,"RELOGIO PAREDE 60 CM 1819051",55.00,EXCLU,"prix < 80 €",OK,,
6116,"RELOGIO PAREDE MADEIRA 60 CM 20460054",59.00,EXCLU,"prix < 80 €",OK,,
6117,"RELOGIO DE PAREDE MADEIRA 29CM 18191442",9.90,EXCLU,"prix < 80 €",OK,,
6118,"ARETI Aparador",229.00,INCLUS,,MÉDIO,"description nettoyée",752
6119,"4 Prateleiras Estante",129.00,INCLUS,,MÉDIO,"description nettoyée",934
6120,"3 Prateleiras Estante",145.00,INCLUS,,MÉDIO,"description nettoyée",931
6122,"SET DUAS MESAS AUXILIARES 21920236",34.00,EXCLU,"prix < 80 €",OK,,
6123,"SET DUAS MESAS AUXILIARES 21920235",39.00,EXCLU,"prix < 80 €",OK,,
6124,"DUAS MESAS AUXILIARES MEGAN NEGR",49.00,EXCLU,"prix < 80 €",OK,,
6125,"DUAS MESAS AUXILIARES MEGAN BRANCO",69.00,EXCLU,"prix < 80 €",OK,,
6126,"SET 2 PUFFS GRIS COM BAU 22050177",99.00,EXCLU,"aucune image ; image placeholder",OK,,
6127,"Set 2 Puffs Marron com Bau",99.00,EXCLU,"éligible non inclus (au-delà de la cible)",MÉDIO,"titre normalisé (casse), description nettoyée",
6128,"SET 2 PUFFS BEIGE COM BAU 22050175",99.00,EXCLU,"aucune image ; image placeholder",OK,,
6129,"PUFF CINZA PE METAL 22050028",69.00,EXCLU,"prix < 80 € ; aucune image ; image placeholder",OK,,
6130,"PUFF VERDE PE METAL 22050027",99.00,EXCLU,"aucune image ; image placeholder",OK,,
6131,"Banqueta Cama Bege 22050024",139.00,INCLUS,,MÉDIO,"titre normalisé (casse), description nettoyée",933
6132,"Banqueta Cama Mostaza 22050001",99.00,EXCLU,"éligible non inclus (au-delà de la cible)",MÉDIO,"titre normalisé (casse), description nettoyée",
6133,"Banqueta Cama Cinza 22050002",99.00,EXCLU,"éligible non inclus (au-delà de la cible)",MÉDIO,"titre normalisé (casse), description nettoyée",
6134,"Banqueta Cama Rosa 22050003",99.00,EXCLU,"éligible non inclus (au-delà de la cible)",MÉDIO,"titre normalisé (casse), description nettoyée",
6135,"BANQUETA CAMA BEGE 22050004",99.00,EXCLU,"aucune image ; image placeholder",OK,,
6136,"MESILLA 3 CAJONES WILLOW - 21080142",219.00,EXCLU,"aucune image ; image placeholder",OK,,
6137,"COMODA 5 CAJONES WILLOW - 21080139",359.00,EXCLU,"aucune image ; image placeholder",OK,,
6139,"MESILLA 3 CAJONES LYSSA - 21080155",195.00,EXCLU,"aucune image ; image placeholder",OK,,
6140,"ARMARIO LINNET 4 PUERTAS - 21260068",399.00,EXCLU,"aucune image ; image placeholder",OK,,
6141,"MESA ENTRADA 2 CAJONES KANNA - 21600058",185.00,EXCLU,"aucune image ; image placeholder",OK,,
6142,"MESA ENTRADA 3 CAJONES KANNA - 21600059",139.00,EXCLU,"aucune image ; image placeholder",OK,,
6143,"MESILLA DE NOCHE KANNA - 21600060",139.00,EXCLU,"aucune image ; image placeholder",OK,,
6144,"MESILLA NOCHE 2 CAJONES EMIL - 22100001",149.00,EXCLU,"aucune image ; image placeholder",OK,,
6145,"MESILLA NOCHE 3 CAJONES EMIL - 22100002",195.00,EXCLU,"aucune image ; image placeholder",OK,,
6146,"MESA ENTRADA EMIL LARGA - 22100006",199.00,EXCLU,"aucune image ; image placeholder",OK,,
6147,"RELÓGIO BRANCO - 22050165",19.00,EXCLU,"prix < 80 €",OK,,
6148,"ODIN Mesa de Entrada",149.00,INCLUS,,MÉDIO,"description nettoyée",769
6149,"SIRA Sapateira",399.00,INCLUS,,MÉDIO,"description nettoyée",577
6151,"MESILLA NOCHE 3 CAJONES SIRA 21530107",179.00,EXCLU,"aucune image ; image placeholder",OK,,
6152,"MESILLA NOCHE 1 CAJON SIRA - 21530106",109.00,EXCLU,"aucune image ; image placeholder",OK,,
6153,"CONSOLA 3 CAJONES LYRA - 21530103",179.00,EXCLU,"aucune image ; image placeholder",OK,,
6155,"MESILLA NOCHE 1 CAJON LYRA - 21530100",169.00,EXCLU,"aucune image ; image placeholder",OK,,
6156,"TOUCADOR CON ESPEJO DUNE - 21530094",289.00,EXCLU,"aucune image ; image placeholder",OK,,
6158,"COMODA 4 CAJONES 1 PUERTA DUNE - 21530091",219.00,EXCLU,"aucune image ; image placeholder",OK,,
6159,"MESILLA 4 CAJONES DUNE - 21530089",149.00,EXCLU,"aucune image ; image placeholder",OK,,
6160,"MESILLA 3 CAJONES DUNE - 21530088",119.00,EXCLU,"aucune image ; image placeholder",OK,,
6172,"Conjunto 3 Mesas Industrial Branco - 20880095",89.00,EXCLU,"éligible non inclus (au-delà de la cible)",MÉDIO,"titre normalisé (casse), description nettoyée",
6173,"SET 2 MESAS AUXILIARES NEGRA - 10330162",69.00,EXCLU,"prix < 80 €",OK,,
6174,"SET 2 MESAS AUXILIARES BRANCA - 10330161",49.00,EXCLU,"prix < 80 €",OK,,
6175,"MESA AUXILIAR MADEIRA CLARA - 21810103",35.00,EXCLU,"prix < 80 €",OK,,
6176,"21810102 Mesa Auxiliar",65.00,EXCLU,"prix < 80 €",OK,,
6177,"MESA AUXILIAR QUADRADA BRANCA - 21810101",75.00,EXCLU,"prix < 80 €",OK,,
6178,"MESA AUXILIAR BRANCA - 21810038",65.00,EXCLU,"prix < 80 € ; aucune image ; image placeholder",OK,,
6179,"MESA AUXILIAR TRENTO - 18790431",75.00,EXCLU,"prix < 80 € ; aucune image ; image placeholder",OK,,
6180,"KATE Toucador",169.00,INCLUS,,MÉDIO,"description nettoyée",918
6181,"TOUCADOR VENUS BRANCO - 22010008",209.00,EXCLU,"aucune image ; image placeholder",OK,,
6183,"MESA DE CENTRO ELEVATÓRIA ESCURA - 21300066",129.00,EXCLU,"aucune image ; image placeholder",OK,,
6184,"MESA DE CENTRO ELEVATÓRIO CLARA - 21300065",129.00,EXCLU,"aucune image ; image placeholder",OK,,
6186,"10330133 Mesa de Centro",149.00,INCLUS,,MÉDIO,"description nettoyée",770
6187,"VEGA Consola",179.00,INCLUS,,MÉDIO,"description nettoyée",759
6189,"BASE TV C/ 4 GAVETAS VEGA - 22100023",355.00,EXCLU,"aucune image ; image placeholder",OK,,
6190,"CÓMODA C/ 3 GAVETAS VEGA - 22100021",189.00,EXCLU,"aucune image ; image placeholder",OK,,
6191,"CÓMODA C/ 1 GAVETA VEGA - 22100019",125.00,EXCLU,"aucune image ; image placeholder",OK,,
6192,"MESA DE CABECEIRA C/ 2 GAVETAS SISIKA - 21600090",179.00,EXCLU,"aucune image ; image placeholder",OK,,
6194,"CÓMODA C/ 3 GAVETAS - 21600080",169.00,EXCLU,"aucune image ; image placeholder",OK,,
6195,"CONJUNTO DE 3 MESAS AUXILIARES TILO ESCURA - 21300072",79.00,EXCLU,"prix < 80 €",OK,,
6196,"CONJUNTO DE 3 MESAS AUXILIARES TILO CLARAS - 21300071",79.00,EXCLU,"prix < 80 € ; aucune image ; image placeholder",OK,,
6197,"MESA AUXILIAR NEGRA COM RODAS - 21300047",49.00,EXCLU,"prix < 80 €",OK,,
6198,"MESA AUXILIAR BRANCA COM RODAS - 21300046",49.00,EXCLU,"prix < 80 €",OK,,
6199,"CONJUNTO DE 3 MESAS INDUSTRIAIS - 2080086",59.00,EXCLU,"prix < 80 €",OK,,
6200,"Mesa Auxiliar Branca Seatle - 20360006",99.00,INCLUS,,MÉDIO,"titre normalisé (casse), description nettoyée",779
6201,"Mesa Auxiliar Branca Fontana - 20360002",89.00,INCLUS,,MÉDIO,"titre normalisé (casse), description nettoyée",949
6202,"CONJUNTO DE 2 MESAS NEGRAS EM CRISTAL - 18790785",135.00,EXCLU,"aucune image ; image placeholder",OK,,
6203,"CONJUNTO DE 2 MESAS NIDO NEGRAS - 18790771",105.00,EXCLU,"aucune image ; image placeholder",OK,,
6204,"AGY Toucador",119.00,INCLUS,,MÉDIO,"description nettoyée",776
6206,"BANQUETA DE CAMA VERDE - 22050046",89.00,EXCLU,"aucune image ; image placeholder",OK,,
6213,"CARRINHO DE APOIO C/ 3 SUPORTES - 15810045",39.00,EXCLU,"prix < 80 €",OK,,
6216,"Conjunto de 2 Meses de Apoio - 20880115",125.00,INCLUS,,MÉDIO,"titre normalisé (casse), description nettoyée",774
6217,"MESA DE CABECEIRA ESCURA - 21300077",125.00,EXCLU,"aucune image ; image placeholder",OK,,
6218,"MESA DE CABECEIRA CLARA - 21300076",125.00,EXCLU,"aucune image ; image placeholder",OK,,
6219,"AMB ROUPEIRO LAVANDA CX96",0.80,EXCLU,"prix < 80 € ; aucune image ; image placeholder",OK,,
6220,"AMB ROUPEIRO ROSAS CX96",0.80,EXCLU,"prix < 80 € ; aucune image ; image placeholder",OK,,
6221,"AMB ROUPEIRO FLORES TROPICAIS CX96 (Q24)",0.80,EXCLU,"prix < 80 € ; aucune image ; image placeholder",OK,,
6222,"ESPELHO AUMENTO 3X8,8CM 2355-503",0.80,EXCLU,"prix < 80 € ; aucune image ; image placeholder",OK,,
6226,"CADEIRÃO BORREGUITO LASAI BEGE",139.00,EXCLU,"aucune image ; image placeholder",OK,,
6227,"CADEIRÃO BORREGUITO LASAI BRANCO",139.00,EXCLU,"aucune image ; image placeholder",OK,,
6260,"MESA AUXILIAR REDONDA EFEITO MARMORE 51X40 10330177",29.00,EXCLU,"prix < 80 € ; aucune image ; image placeholder",OK,,
6261,"MESA AUXILIAR REDONDA MADEIRA 51X40 10330176",29.00,EXCLU,"prix < 80 € ; aucune image ; image placeholder",OK,,
6264,"CONSOLA DUAS GAVETAS RAIBY 108CM 21530120",139.00,EXCLU,"aucune image ; image placeholder",OK,,
6269,"PUFF QUADRADO CORDUROY CINZA 22670003",49.00,EXCLU,"prix < 80 € ; aucune image ; image placeholder",OK,,
6275,"BANCO DE CAMA TIRSA CINZA 22050073",55.00,EXCLU,"prix < 80 €",OK,,
6276,"BANCO DE CAMA TIRSA BEGE 22050072",79.00,EXCLU,"prix < 80 €",OK,,
6277,"BANCO DE CAMA TIRSA VERDE 22050071",79.00,EXCLU,"prix < 80 €",OK,,
6278,"CONJ. 2 FACAS 18CM 1825-001A-01 CX288",0.80,EXCLU,"prix < 80 € ; aucune image ; image placeholder",OK,,
6279,"CONJ. 2 FACAS 18.8CM 1825-000A-01",0.80,EXCLU,"prix < 80 € ; aucune image ; image placeholder",OK,,
6280,"CANECA SK AMOR C/CAFE 830-728",0.80,EXCLU,"prix < 80 € ; aucune image ; image placeholder",OK,,
6281,"SACO MULTIUSOS SKPA-837-310 CX72",0.80,EXCLU,"prix < 80 € ; aucune image ; image placeholder",OK,,
6282,"ESPREMEDOR 425CC QLUX C-00136 CX12",1.00,EXCLU,"prix < 80 € ; aucune image ; image placeholder",OK,,
6283,"AMBIENTADOR SPRAY FANT. 250ML",0.80,EXCLU,"prix < 80 € ; aucune image ; image placeholder",OK,,
6284,"SACO MULTIUSOS SKPA-837-311 CX72",1.60,EXCLU,"prix < 80 € ; aucune image ; image placeholder",OK,,
6285,"PINÇA COZINHA 2497-511 CX72",1.60,EXCLU,"prix < 80 € ; aucune image ; image placeholder",OK,,
6286,"TENAZ SKPA-837-301 CX48",1.60,EXCLU,"prix < 80 € ; aucune image ; image placeholder",OK,,
6287,"TENAZ SKPA-837-302 CX48",1.60,EXCLU,"prix < 80 € ; aucune image ; image placeholder",OK,,
6288,"BASE 30CM SKPA-837-320 CX24",1.60,EXCLU,"prix < 80 € ; aucune image ; image placeholder",OK,,
6289,"ROLO MASSA ROTAT. 638-650-B CX120",1.60,EXCLU,"prix < 80 € ; aucune image ; image placeholder",OK,,
6290,"VASO CORAL NO.3 KRS-363 CX27",1.60,EXCLU,"prix < 80 € ; aucune image ; image placeholder",OK,,
6291,"GARRAFA DE PLÁSTICO C/TAMPA 1.5L CX48",1.60,EXCLU,"prix < 80 € ; aucune image ; image placeholder",OK,,
6292,"VASO OVAL 29X15,4X14,8CM 510-16 CX12",1.60,EXCLU,"prix < 80 € ; aucune image ; image placeholder",OK,,
6293,"FRASCO C-00543 CX9",1.60,EXCLU,"prix < 80 € ; aucune image ; image placeholder",OK,,
6294,"ELASTICO C/GANCHO 1M SKPA-837-372",0.80,EXCLU,"prix < 80 € ; aucune image ; image placeholder",OK,,
6295,"BANQUETA DE CAMA PETTO VERDE 22050070",89.00,EXCLU,"aucune image ; image placeholder",OK,,
6298,"CESTO P/ROUPA PLASTICO",1.60,EXCLU,"prix < 80 € ; aucune image ; image placeholder",OK,,
6299,"PORTA FOTOS 10X15  1819-124 CX36 (Q12)",2.00,EXCLU,"prix < 80 € ; aucune image ; hors stock ; image placeholder",OK,,
6300,"PORTA FOTOS BEBE 27X21,5 1819-501 CX48 (Q12)",1.60,EXCLU,"prix < 80 € ; aucune image ; image placeholder",OK,,
6301,"PORTA FOTOS BEBE 21X38,5 1819-502 CX34 (Q12)",1.60,EXCLU,"prix < 80 € ; aucune image ; image placeholder",OK,,
6302,"VELA COPO VIDRO COR CX40 0217-01 CX40(Q12)",0.80,EXCLU,"prix < 80 € ; aucune image ; image placeholder",OK,,
6303,"LANTERNA MADEIRA 15X15X17CM 0598-01 CX16 (Q16)",3.20,EXCLU,"prix < 80 € ; aucune image ; image placeholder",OK,,
6304,"LANTERNA MADEIRA 13X13X11CM 0598-02 CX12 (Q12)",1.60,EXCLU,"prix < 80 € ; aucune image ; hors stock ; image placeholder",OK,,
6305,"LANTERNA MADEIRA 14X14X20CM 0598-03 (CX8)",4.00,EXCLU,"prix < 80 € ; aucune image ; image placeholder",OK,,
6306,"LANTERNA MADEIRA 12X12X31CM 0598-04 CX6 (Q12)",6.40,EXCLU,"prix < 80 € ; aucune image ; image placeholder",OK,,
6307,"LANTERNA MADEIRA 7X7X15CM 0598-05 (CX8)",1.60,EXCLU,"prix < 80 € ; aucune image ; image placeholder",OK,,
6308,"SET 3 CAIXAS QUAD C/TAMPA 645-07 SK CX12",2.00,EXCLU,"prix < 80 € ; aucune image ; hors stock ; image placeholder",OK,,
6309,"CAIXA MULTIFUNÇOES 10L 645-18 SK CX24",2.00,EXCLU,"prix < 80 € ; aucune image ; hors stock ; image placeholder",OK,,
6310,"FRASCO VDR 600ML C/TP 952-09-600 SK",1.60,EXCLU,"prix < 80 € ; aucune image ; image placeholder",OK,,
6311,"FRASCO VDR 1000ML C/TP 952-10-1000 SK",1.60,EXCLU,"prix < 80 € ; aucune image ; image placeholder",OK,,
6312,"FRASCO VIDRO 1900ML C/TP MT 952-12-1900 SK (CX12)2*****2€",1.60,EXCLU,"prix < 80 € ; aucune image ; image placeholder",OK,,
6313,"GARRAFA HERMETICA 1000ML 952-13-1000 SK",1.00,EXCLU,"prix < 80 € ; aucune image ; hors stock ; image placeholder",OK,,
6314,"GARRAFA HERMETICA 1000ML 952-14-1000 SK",0.80,EXCLU,"prix < 80 € ; aucune image ; image placeholder",OK,,
6315,"GARRAFA HERMETICA 1000ML 952-15-1000 SK",0.80,EXCLU,"prix < 80 € ; aucune image ; image placeholder",OK,,
6316,"CONJ3 FRASCOS 200ML 952-16 SK CX24(Q12)",1.60,EXCLU,"prix < 80 € ; aucune image ; image placeholder",OK,,
6317,"JARRO VIDRO 250ML C/PEGA 952-17 SK",1.60,EXCLU,"prix < 80 € ; aucune image ; image placeholder",OK,,
6318,"JARRO VIDRO 250ML C/PEGA 952-18 SK",1.60,EXCLU,"prix < 80 € ; aucune image ; image placeholder",OK,,
6319,"FRASC. HERM 2UN 110ML 952-19 SK",1.60,EXCLU,"prix < 80 € ; aucune image ; image placeholder",OK,,
6320,"FRASCO P/ESPECIARIAS SET 4U 952-20 SK",1.60,EXCLU,"prix < 80 € ; aucune image ; image placeholder",OK,,
6321,"FRASC. P/ESPEC160ML 952-21 SK",0.80,EXCLU,"prix < 80 € ; aucune image ; image placeholder",OK,,
6322,"MASSAJADOR CABEÇA 2060-026 CX100 (Q12)",1.60,EXCLU,"prix < 80 € ; aucune image ; image placeholder",OK,,
6323,"CANECA MUG 10,8X10,3CM 450-294 CX41",1.00,EXCLU,"prix < 80 € ; aucune image ; hors stock ; image placeholder",OK,,
6324,"ELASTICO 20UN 4 PRETO 207-139-A CX288 (Q12)",0.80,EXCLU,"prix < 80 € ; aucune image ; image placeholder",OK,,
6325,"ELASTICO 20UN 4 CORES 207-139-B CX288 (Q12)",0.80,EXCLU,"prix < 80 € ; aucune image ; image placeholder",OK,,
6326,"ELASTICO 20UN 4 207-139-D CX288 (Q12)",0.80,EXCLU,"prix < 80 € ; aucune image ; image placeholder",OK,,
6327,"CORTADOR VEGETAIS 2L 2843-001",5.00,EXCLU,"prix < 80 € ; aucune image ; hors stock ; image placeholder",OK,,
6328,"BALDE LIXO C/PEDAL 33L BRANCO 0105-42 CX4 (Q12) 20*****10€",8.00,EXCLU,"prix < 80 € ; aucune image ; image placeholder",OK,,
6329,"FIO DENTAL 837-333",0.80,EXCLU,"prix < 80 € ; aucune image ; image placeholder",OK,,
6330,"PORTA DENTADURA 837-334 CX12",0.80,EXCLU,"prix < 80 € ; aucune image ; image placeholder",OK,,
6331,"AMBIENTADOR GOTA PINHO 125ML CX12",1.60,EXCLU,"prix < 80 € ; aucune image ; image placeholder",OK,,
6332,"QUADRO TELA DEC 80X120 2718-000O-01",25.00,EXCLU,"prix < 80 € ; aucune image ; image placeholder",OK,,
6333,"QUADRO TELA DEC 120X80   2718000Q-01",30.00,EXCLU,"prix < 80 € ; aucune image ; hors stock ; image placeholder",OK,,
6334,"QUADRO TELA DEC 120X80   2718000R-01",24.00,EXCLU,"prix < 80 € ; aucune image ; image placeholder",OK,,
6335,"QUADRO TELA DEC120X80",30.00,EXCLU,"prix < 80 € ; aucune image ; hors stock ; image placeholder",OK,,
6336,"QUADRO TELA DEC120X80",30.00,EXCLU,"prix < 80 € ; aucune image ; hors stock ; image placeholder",OK,,
6337,"QUADRO TELA DEC120X80",24.00,EXCLU,"prix < 80 € ; aucune image ; image placeholder",OK,,
6338,"QUADRO TELA DEC120X80",30.00,EXCLU,"prix < 80 € ; aucune image ; hors stock ; image placeholder",OK,,
6339,"QUADRO TELA DEC120X80",30.00,EXCLU,"prix < 80 € ; aucune image ; hors stock ; image placeholder",OK,,
6340,"QUADRO TELA DEC 120X80",30.00,EXCLU,"prix < 80 € ; aucune image ; hors stock ; image placeholder",OK,,
6341,"QUADRO TELA DEC 120X80 22718-020R-01",35.00,EXCLU,"prix < 80 € ; aucune image ; hors stock ; image placeholder",OK,,
6342,"QUADRO TELA DEC 120X80",35.00,EXCLU,"prix < 80 € ; aucune image ; hors stock ; image placeholder",OK,,
6343,"QUADRO TELA DEC 120X80",35.00,EXCLU,"prix < 80 € ; aucune image ; hors stock ; image placeholder",OK,,
6344,"VASO  9,5X9CM 2707-000A CX216 (Q12)",0.80,EXCLU,"prix < 80 € ; aucune image ; image placeholder",OK,,
6345,"VASO  9,5X8,5CM 2707-001A CX240 (Q12)",0.80,EXCLU,"prix < 80 € ; aucune image ; image placeholder",OK,,
6346,"TAMPA MICROONDAS 26CM 645-15 SK CX48",0.80,EXCLU,"prix < 80 € ; aucune image ; image placeholder",OK,,
6347,"VASO  11,5X11CM 2707-000A-01 CX192 (Q12)",0.80,EXCLU,"prix < 80 € ; aucune image ; image placeholder",OK,,
6348,"VASO  11,5X10,5CM 2707-001A-01 CX180 (Q12)",0.80,EXCLU,"prix < 80 € ; aucune image ; image placeholder",OK,,
6349,"PRATO BOLO C/ PE 95117 (CX2)(Q6)",15.00,EXCLU,"prix < 80 € ; aucune image ; hors stock ; image placeholder",OK,,
6350,"BRINQ. P/ANIMAIS 1937-370B CX288 (Q12)",0.80,EXCLU,"prix < 80 € ; aucune image ; image placeholder",OK,,
6351,"VASO PLASTICO C/ PLANTA 207-120 CX72 (Q12)",1.60,EXCLU,"prix < 80 € ; aucune image ; image placeholder",OK,,
6352,"SACO NONWOVEN 37X15X32CM 1436-007 CX240",0.80,EXCLU,"prix < 80 € ; aucune image ; image placeholder",OK,,
6353,"QUADRO DECORATIVO 1820-050 CX48 (Q12)",1.60,EXCLU,"prix < 80 € ; aucune image ; image placeholder",OK,,
6354,"PANO COZINHA 45X45 1842-400 CX120",1.60,EXCLU,"prix < 80 € ; aucune image ; image placeholder",OK,,
6355,"PORTA FOTOS 10X15 2336-006 CX72",1.60,EXCLU,"prix < 80 € ; aucune image ; image placeholder",OK,,
6356,"PORTA FOTOS 10X15 2336-007 CX72",1.60,EXCLU,"prix < 80 € ; aucune image ; image placeholder",OK,,
6357,"AVENTAL 60X70 CM 2448-552",1.60,EXCLU,"prix < 80 € ; aucune image ; image placeholder",OK,,
6358,"LANCHEIRA+GARFO 8,5X12,5X19CM 2630-068 CX72(Q12)20***2€",1.60,EXCLU,"prix < 80 € ; aucune image ; image placeholder",OK,,
6359,"LANCHEIRA C/ GARFO/COPO 2630-069 CX72",1.60,EXCLU,"prix < 80 € ; aucune image ; image placeholder",OK,,
6360,"COMEDOURO ANIMAL 5X21X35 2630-603 CX72",1.60,EXCLU,"prix < 80 € ; aucune image ; image placeholder",OK,,
6361,"SACO COMPRA NONWOVEN 2829-000 CX360",0.80,EXCLU,"prix < 80 € ; aucune image ; image placeholder",OK,,
6362,"SACA ROLHAS METAL 18,5X7 2971-300 CX144",1.60,EXCLU,"prix < 80 € ; aucune image ; image placeholder",OK,,
6363,"SET TOALHAS 3036-000-A/B",8.00,EXCLU,"prix < 80 € ; aucune image ; image placeholder",OK,,
6364,"SET TOALHAS 3036-001-A/B",8.00,EXCLU,"prix < 80 € ; aucune image ; image placeholder",OK,,
6365,"PORTA FOTOS 15X20 2336-006-01 CX48",1.60,EXCLU,"prix < 80 € ; aucune image ; image placeholder",OK,,
6366,"PORTA FOTOS 20X252336-006-02 CX24",1.60,EXCLU,"prix < 80 € ; aucune image ; image placeholder",OK,,
6367,"PORTA FOTOS 15X20 2336007-01 CX48",1.60,EXCLU,"prix < 80 € ; aucune image ; image placeholder",OK,,
6368,"PORTA FOTOS 20X25 2336007-02 CX24",1.60,EXCLU,"prix < 80 € ; aucune image ; image placeholder",OK,,
6369,"ROLO TIRA PELOS 2790-002-60 CX192 (Q12)",0.80,EXCLU,"prix < 80 € ; aucune image ; image placeholder",OK,,
6370,"CARRINHO 3 PISOS 38X26X62CM",8.00,EXCLU,"prix < 80 € ; aucune image ; image placeholder",OK,,
6371,"SUPORTE PAPEL 15 X15 X33CM 3044-17",1.60,EXCLU,"prix < 80 € ; aucune image ; image placeholder",OK,,
6372,"PORTA TALHERES 16X9X13CM 3044-19",1.60,EXCLU,"prix < 80 € ; aucune image ; image placeholder",OK,,
6373,"ESCORREDOR LOIÇA",8.00,EXCLU,"prix < 80 € ; aucune image ; image placeholder",OK,,
6374,"BASE METAL P/QUENTES 3044-035",1.60,EXCLU,"prix < 80 € ; aucune image ; image placeholder",OK,,
6375,"SUPORTE C/ESCOVA WC 3044-051",6.40,EXCLU,"prix < 80 € ; aucune image ; image placeholder",OK,,
6376,"SUPORTE P/PAPEL QUAD 3044-054",1.60,EXCLU,"prix < 80 € ; aucune image ; image placeholder",OK,,
6377,"CESTO METAL 13.5X13.5X16CM 3044-055",1.60,EXCLU,"prix < 80 € ; aucune image ; image placeholder",OK,,
6378,"BASE METAL QUAD 18,5X18,5CM 3044-056",0.80,EXCLU,"prix < 80 € ; aucune image ; image placeholder",OK,,
6379,"PORTA ROLOS PAPEL 3044-057",0.80,EXCLU,"prix < 80 € ; aucune image ; image placeholder",OK,,
6380,"MESA DE APOIO RED SK 804-464",8.00,EXCLU,"prix < 80 € ; aucune image ; image placeholder",OK,,
6381,"DOSEADOR  SABAO LIQ 18,7CM SK 804-466",1.60,EXCLU,"prix < 80 € ; aucune image ; image placeholder",OK,,
6382,"DOSEADOR SABAO LIQ 19,3CM SK 804-467",1.60,EXCLU,"prix < 80 € ; aucune image ; image placeholder",OK,,
6383,"SALADEIRA C/TALHERES 804-468 SK",8.00,EXCLU,"prix < 80 € ; aucune image ; image placeholder",OK,,
6384,"SAPATEIRA 4 CAMADAS 40X18.5X58.5CM CX24",1.60,EXCLU,"prix < 80 € ; aucune image ; image placeholder",OK,,
6385,"LAMPADA C35 220V 28W E-14 0253-01",0.80,EXCLU,"prix < 80 € ; aucune image ; image placeholder",OK,,
6386,"LAMPADA C35 220V 28W E-27 0253-02",0.80,EXCLU,"prix < 80 € ; aucune image ; image placeholder",OK,,
6387,"LAMPADA A60 220V 72W E-27 0253-03",0.80,EXCLU,"prix < 80 € ; aucune image ; image placeholder",OK,,
6388,"LAMPADA C35 220V 4W E-14 0253-04",0.80,EXCLU,"prix < 80 € ; aucune image ; image placeholder",OK,,
6389,"LAMPADA A60 220V 6W E-27 0253-05",0.80,EXCLU,"prix < 80 € ; aucune image ; image placeholder",OK,,
6390,"LAMPADA A60 220V 6W E-27 0253-06",0.80,EXCLU,"prix < 80 € ; aucune image ; image placeholder",OK,,
6391,"LAMPADA C35 220V 4W E-14 0253-07",0.80,EXCLU,"prix < 80 € ; aucune image ; image placeholder",OK,,
6392,"COPO MATT C/TAMPA SILICONE 0257-01",4.00,EXCLU,"prix < 80 € ; aucune image ; image placeholder",OK,,
6393,"COPO C/TAMPA SILICONE 0257-02 CX36",4.00,EXCLU,"prix < 80 € ; aucune image ; image placeholder",OK,,
6394,"COPO C/TAMPA SILICONE 0257-03 CX36",4.00,EXCLU,"prix < 80 € ; aucune image ; image placeholder",OK,,
6395,"COPO C/CAPA SILICONE M3 0257-04 CX36",4.00,EXCLU,"prix < 80 € ; aucune image ; image placeholder",OK,,
6396,"COPO C/CAPA SILICONE M2 0257-05 CX36",4.00,EXCLU,"prix < 80 € ; aucune image ; image placeholder",OK,,
6397,"COPO C/CAPA SILICONE M1 0257-06 CX36",4.00,EXCLU,"prix < 80 € ; aucune image ; image placeholder",OK,,
6398,"COPO C/TAMPA PLASTICO 470ML",1.60,EXCLU,"prix < 80 € ; aucune image ; image placeholder",OK,,
6399,"COPO C/TAMPA 470ML 0257-078 CX36",1.60,EXCLU,"prix < 80 € ; aucune image ; image placeholder",OK,,
6400,"CANECA C/TAMPA 400ML 0257-09 CX36",1.60,EXCLU,"prix < 80 € ; aucune image ; image placeholder",OK,,
6401,"CANECA COFFE C/TAMPA 400ML 0257-10",1.60,EXCLU,"prix < 80 € ; aucune image ; image placeholder",OK,,
6402,"COPO C/TAMPA SILICONE 0257-11",1.60,EXCLU,"prix < 80 € ; aucune image ; image placeholder",OK,,
6403,"COPO CAFE C/TAMPA SILICONE 0257-12",1.60,EXCLU,"prix < 80 € ; aucune image ; image placeholder",OK,,
6404,"BALDE C/ESFREGONA GIRATORIO 14L",8.00,EXCLU,"prix < 80 € ; aucune image ; image placeholder",OK,,
6405,"VELA CITRONELA COPO 230G SK 0960-01",1.60,EXCLU,"prix < 80 € ; aucune image ; image placeholder",OK,,
6406,"GARRAFA 600ML 1838-102-600 CX48",0.80,EXCLU,"prix < 80 € ; aucune image ; image placeholder",OK,,
6407,"VASO C/ CACTO 207-116 CX144 (Q12)",0.80,EXCLU,"prix < 80 € ; aucune image ; image placeholder",OK,,
6408,"VASO CIMENTO C/ PLANTA 207-119 CX72 (Q12)",1.60,EXCLU,"prix < 80 € ; aucune image ; image placeholder",OK,,
6409,"UNICORNIO C/LUZ 203-044-02 CX60",1.60,EXCLU,"prix < 80 € ; aucune image ; image placeholder",OK,,
6410,"BORBOLETA C/LUZ 203-044-03 CX60",1.60,EXCLU,"prix < 80 € ; aucune image ; image placeholder",OK,,
6411,"CANDEEIRO COB LED BRC 1557-227 CX144",1.60,EXCLU,"prix < 80 € ; aucune image ; image placeholder",OK,,
6412,"LUZ PRESENÇA 2595-500 CX120 (Q12)",1.60,EXCLU,"prix < 80 € ; aucune image ; image placeholder",OK,,
6413,"LUZ PRESENÇA 2595-501 CX120 (Q12)",1.60,EXCLU,"prix < 80 € ; aucune image ; image placeholder",OK,,
6414,"CABIDE ADESIVO FERRO 6UN 2972-101 CX144",0.80,EXCLU,"prix < 80 € ; aucune image ; image placeholder",OK,,
6415,"CABIDE ADESIVO FERRO 6UN 2972-102 CX144",0.80,EXCLU,"prix < 80 € ; aucune image ; image placeholder",OK,,
6416,"CHAVE FENDA 21 3028-000 CX120",0.80,EXCLU,"prix < 80 € ; aucune image ; image placeholder",OK,,
6417,"CHAVE FENDA 23 3028-000-01CX120",0.80,EXCLU,"prix < 80 € ; aucune image ; image placeholder",OK,,
6418,"CHAVE FENDA 25,5 3028-000-02 CX120",0.80,EXCLU,"prix < 80 € ; aucune image ; image placeholder",OK,,
6419,"LUVA NYLON BRC TAM 9 0303-12",0.80,EXCLU,"prix < 80 € ; aucune image ; image placeholder",OK,,
6420,"BRINQ. P/ANIMAIS 1937-439-02B CX240 (Q12)",0.80,EXCLU,"prix < 80 € ; aucune image ; image placeholder",OK,,
6421,"SACO ECON.ESPAÇO 80X110 1984-030-03 CX72",1.60,EXCLU,"prix < 80 € ; aucune image ; image placeholder",OK,,
6422,"SET TOALHAS 3036-001-01A/B/C/D/E/F",8.00,EXCLU,"prix < 80 € ; aucune image ; image placeholder",OK,,
6423,"CAIXA ARRUMAÇAO TECIDO 30X30X30CM CX24",1.60,EXCLU,"prix < 80 € ; aucune image ; image placeholder",OK,,
6424,"CAIXA ARRUMAÇAO TECIDO 15X31X15CM CX24",1.60,EXCLU,"prix < 80 € ; aucune image ; image placeholder",OK,,
6425,"CAIXA ARRUMAÇAO TECIDO 31X31X15CM CX48",1.60,EXCLU,"prix < 80 € ; aucune image ; image placeholder",OK,,
6426,"FITA COLA CAST 4,8CMX125M 2796001-125 CX48",1.60,EXCLU,"prix < 80 € ; aucune image ; image placeholder",OK,,
6427,"CAIXA REDONDA L-00881 CX18",0.80,EXCLU,"prix < 80 € ; aucune image ; image placeholder",OK,,
6428,"ROLO TIRA PELOS 60FOLHAS  2790-021 CX60",1.60,EXCLU,"prix < 80 € ; aucune image ; image placeholder",OK,,
6429,"INDIVIDUAL MESA 30X45CM  2561-101-E CX192",0.80,EXCLU,"prix < 80 € ; aucune image ; image placeholder",OK,,
6430,"INDIVIDUAL MESA 30X45CM 2378-102F CX192 (Q12)",0.80,EXCLU,"prix < 80 € ; aucune image ; image placeholder",OK,,
6431,"INDIVIDUAL MESA 30X45CM 2378-106D CX192 (Q12)",0.80,EXCLU,"prix < 80 € ; aucune image ; image placeholder",OK,,
6432,"ESFREGAO AÇO INOX 4X15GR 1803-002-04",1.00,EXCLU,"prix < 80 € ; aucune image ; hors stock ; image placeholder",OK,,
6433,"ESFREGAO AÇO INOX 4X28GR1803-050-04 (Q24)",1.00,EXCLU,"prix < 80 € ; aucune image ; hors stock ; image placeholder",OK,,
6434,"TAPETE ANTIDESLIZ 40X60 2379-050-08 CX50 (Q12)",1.60,EXCLU,"prix < 80 € ; aucune image ; image placeholder",OK,,
6435,"FITA COLA FRAG 48MMX40M 2796090-40 CX72",0.80,EXCLU,"prix < 80 € ; aucune image ; image placeholder",OK,,
6436,"GAVETA P/CAPSULAS 21X31X7.5",8.00,EXCLU,"prix < 80 € ; aucune image ; image placeholder",OK,,
6437,"GAVETA P/CAPSULAS 28.7X32X8 SK-C-804-402",8.00,EXCLU,"prix < 80 € ; aucune image ; image placeholder",OK,,
6438,"ESMAGADOR BATATA SK-C-804-414",0.80,EXCLU,"prix < 80 € ; aucune image ; image placeholder",OK,,
6439,"TERMOS ALIMENTOS 1L SK-C-804-475",8.00,EXCLU,"prix < 80 € ; aucune image ; image placeholder",OK,,
6440,"ESTENDAL 3 NIVEIS 165CM",10.00,EXCLU,"prix < 80 € ; aucune image ; hors stock ; image placeholder",OK,,
6441,"CABIDE MOVEL 80X43X160CM",8.00,EXCLU,"prix < 80 € ; aucune image ; image placeholder",OK,,
6442,"CABIDE DUPLO MOVEL 80X43X160",8.00,EXCLU,"prix < 80 € ; aucune image ; image placeholder",OK,,
6443,"TERMOS ALIMENTOS 1L SK-C-804-480",8.00,EXCLU,"prix < 80 € ; aucune image ; image placeholder",OK,,
6444,"CESTO ARRUM 40X25X19,5 SK-C-804-482",1.60,EXCLU,"prix < 80 € ; aucune image ; image placeholder",OK,,
6445,"MOPA MICROFIBRA 119CM",2.40,EXCLU,"prix < 80 € ; aucune image ; image placeholder",OK,,
6446,"ESCOVA LIMPA-SANITAS SK-C-804-491",0.80,EXCLU,"prix < 80 € ; aucune image ; image placeholder",OK,,
6447,"MOLAS FECHO FACIL 10UN SK-C-804-494",1.00,EXCLU,"prix < 80 € ; aucune image ; hors stock ; image placeholder",OK,,
6448,"MOLAS FECHO FACIL 12UN SK-C-804-495",0.80,EXCLU,"prix < 80 € ; aucune image ; hors stock ; image placeholder",OK,,
6449,"SECRETARIA PC 49X29X20 SK-C-804-500",4.00,EXCLU,"prix < 80 € ; aucune image ; image placeholder",OK,,
6450,"CESTO METAL LAVAND 40X50 SK-C 804-501",8.00,EXCLU,"prix < 80 € ; aucune image ; image placeholder",OK,,
6451,"MOLDE AIFRYER 16X4,5 25UN SK-C-804-511",0.80,EXCLU,"prix < 80 € ; aucune image ; hors stock ; image placeholder",OK,,
6452,"MOLDE AIFRYER 16X4,5 25UN",0.80,EXCLU,"prix < 80 € ; aucune image ; image placeholder",OK,,
6453,"VARINHA MAGICA 3000W",8.00,EXCLU,"prix < 80 € ; aucune image ; image placeholder",OK,,
6454,"CHALEIRA ELETR 1850-2200W",8.00,EXCLU,"prix < 80 € ; aucune image ; image placeholder",OK,,
6455,"TORRADEIRA 650W",8.00,EXCLU,"prix < 80 € ; aucune image ; image placeholder",OK,,
6456,"ROUPEIRO TECIDO 75X46X160",8.00,EXCLU,"prix < 80 € ; aucune image ; image placeholder",OK,,
6457,"TUNEL P/ANIMAIS 28X40 SKPA-837-366",1.60,EXCLU,"prix < 80 € ; aucune image ; image placeholder",OK,,
6458,"ESTANTE CANTO WC",8.00,EXCLU,"prix < 80 € ; aucune image ; image placeholder",OK,,
6459,"BRINQ. VINIL P/ANIMAIL SKPA-837-477",1.60,EXCLU,"prix < 80 € ; aucune image ; image placeholder",OK,,
6460,"BRINQ. VINIL P/ANIMAIL SKPA-837-478",1.60,EXCLU,"prix < 80 € ; aucune image ; image placeholder",OK,,
6461,"VASO C/PLANTA ART SKPA-837-503 CX24 (Q12)",2.00,EXCLU,"prix < 80 € ; aucune image ; image placeholder",OK,,
6462,"BANDEJA BAMBU C/CHAVENAS",8.00,EXCLU,"prix < 80 € ; aucune image ; image placeholder",OK,,
6463,"TOALHA MESA 132X178 SKPA-837-552",1.60,EXCLU,"prix < 80 € ; aucune image ; image placeholder",OK,,
6464,"FRUTEIRA 27X12CM SKPA-837-559 CX24 (Q12)",1.60,EXCLU,"prix < 80 € ; aucune image ; image placeholder",OK,,
6465,"SET 5 COLHERES MEDIDORAS",2.00,EXCLU,"prix < 80 € ; aucune image ; hors stock ; image placeholder",OK,,
6466,"DESCASCADOR ANANAS SKPA-837-561",1.60,EXCLU,"prix < 80 € ; aucune image ; image placeholder",OK,,
6467,"SUPORTE P/TALHERES 11,2X17",2.00,EXCLU,"prix < 80 € ; aucune image ; image placeholder",OK,,
6468,"BASE P/TACHOS 32CM SKPA-837-569",1.60,EXCLU,"prix < 80 € ; aucune image ; image placeholder",OK,,
6469,"FRASCO VIDRO RED 220ML 422-04",1.00,EXCLU,"prix < 80 € ; aucune image ; hors stock ; image placeholder",OK,,
6470,"FRASCO VIDRO 100ML 422-05",0.80,EXCLU,"prix < 80 € ; aucune image ; image placeholder",OK,,
6471,"FRASCO VIDRO 140ML 422-06",0.80,EXCLU,"prix < 80 € ; aucune image ; image placeholder",OK,,
6472,"FRASCO VIDRO 250ML 422-07",1.00,EXCLU,"prix < 80 € ; aucune image ; hors stock ; image placeholder",OK,,
6473,"FRASCO VIDRO 180ML C/TP HERM 422-09",1.00,EXCLU,"prix < 80 € ; aucune image ; hors stock ; image placeholder",OK,,
6474,"FRASCO VIDRO 150ML C/TP HERM 422-10",0.80,EXCLU,"prix < 80 € ; aucune image ; image placeholder",OK,,
6475,"TAÇA RED CER. BRANCA SET 3UN 0425-09",1.60,EXCLU,"prix < 80 € ; aucune image ; image placeholder",OK,,
6476,"TAÇA OVAL CER 2UN  10,5X18CM 425-10",1.60,EXCLU,"prix < 80 € ; aucune image ; image placeholder",OK,,
6477,"TAÇA RED CER 4UN 10CM 425-11",1.60,EXCLU,"prix < 80 € ; aucune image ; image placeholder",OK,,
6478,"TAÇA QUAD CER 3UN 12X12CM 425-12",1.60,EXCLU,"prix < 80 € ; aucune image ; image placeholder",OK,,
6479,"TAÇA PEIXE CER 31X13,5CM  425-13",1.60,EXCLU,"prix < 80 € ; aucune image ; image placeholder",OK,,
6480,"SALADEIRA CER OVAL 20X18,5CM 425-14",1.60,EXCLU,"prix < 80 € ; aucune image ; image placeholder",OK,,
6481,"SALADEIRA CER OVAL 24X12CM 425-15",1.60,EXCLU,"prix < 80 € ; aucune image ; image placeholder",OK,,
6482,"CORTADOR VEGETAIS 203-160-01L CX36 (Q12)",8.00,EXCLU,"prix < 80 € ; aucune image ; image placeholder",OK,,
6483,"GARRAFA PLASTICO 1,8L AP-9134",1.60,EXCLU,"prix < 80 € ; aucune image ; image placeholder",OK,,
6484,"SALADEIRA PLASTICO 3,5L AP-9192",2.00,EXCLU,"prix < 80 € ; aucune image ; hors stock ; image placeholder",OK,,
6485,"LANCHEIRA C/DIVISOES AP-9479",1.60,EXCLU,"prix < 80 € ; aucune image ; image placeholder",OK,,
6486,"PORTA TALHERES AP-9512",1.60,EXCLU,"prix < 80 € ; aucune image ; image placeholder",OK,,
6487,"FRASCO VIDRO C/COLHER 370ML KC-264",0.80,EXCLU,"prix < 80 € ; aucune image ; image placeholder",OK,,
6488,"DOSEADOR C/TAMPA 660ML KC-345",1.60,EXCLU,"prix < 80 € ; aucune image ; image placeholder",OK,,
6489,"DOSEADOR OLEO/AZEITE 500ML KC-355",1.60,EXCLU,"prix < 80 € ; aucune image ; image placeholder",OK,,
6490,"GARRAFA P/AZEITE 750ML KC-358",2.00,EXCLU,"prix < 80 € ; aucune image ; image placeholder",OK,,
6491,"GARRAFA DOSEADORA 370ML KC-363",1.60,EXCLU,"prix < 80 € ; aucune image ; image placeholder",OK,,
6492,"AÇUCAREIRO C/TAMPA 300ML KC-385",1.00,EXCLU,"prix < 80 € ; aucune image ; hors stock ; image placeholder",OK,,
6493,"GARRAFA VIDRO C/PALHINHA 500ML KC-393",0.80,EXCLU,"prix < 80 € ; aucune image ; image placeholder",OK,,
6494,"GARRAFA VIDRO 500ML KC-394",0.80,EXCLU,"prix < 80 € ; aucune image ; image placeholder",OK,,
6495,"FRASCO VIDRO 300ML KC-420",0.80,EXCLU,"prix < 80 € ; aucune image ; image placeholder",OK,,
6496,"FRASCO VIDRO 660ML KC-422",1.60,EXCLU,"prix < 80 € ; aucune image ; image placeholder",OK,,
6497,"FRASCO VIDRO 1L KC-424",1.60,EXCLU,"prix < 80 € ; aucune image ; image placeholder",OK,,
6498,"DISPENSADOR SABAO 350ML TP-209",1.60,EXCLU,"prix < 80 € ; aucune image ; image placeholder",OK,,
6499,"ESCOVA LIMPA SANITAS TP-328",1.60,EXCLU,"prix < 80 € ; aucune image ; image placeholder",OK,,
6500,"ESCOVA LIMPA GARRAFAS TP-333 CX24",1.60,EXCLU,"prix < 80 € ; aucune image ; image placeholder",OK,,
6501,"ESCOVA LIMPA SANITAS TP-366",2.00,EXCLU,"prix < 80 € ; aucune image ; hors stock ; image placeholder",OK,,
6502,"RODO LIMPA VIDROS TP-340",2.00,EXCLU,"prix < 80 € ; aucune image ; hors stock ; image placeholder",OK,,
6503,"GARRAFA DE AGUA 2L TP-487",1.60,EXCLU,"prix < 80 € ; aucune image ; image placeholder",OK,,
6504,"ESCOVA P/LOUÇA TP-578 CX24",0.80,EXCLU,"prix < 80 € ; aucune image ; image placeholder",OK,,
6505,"MINI BANHEIRA DECORATIVA TP-582",1.60,EXCLU,"prix < 80 € ; aucune image ; image placeholder",OK,,
6506,"ESTANTE WC TP-583 CX24",1.60,EXCLU,"prix < 80 € ; aucune image ; image placeholder",OK,,
6507,"JARRO MEDIDOR 1000ML AP-9060 CX36",0.80,EXCLU,"prix < 80 € ; aucune image ; image placeholder",OK,,
6508,"COPO C/PALHINHA 650ML AP-9128",1.60,EXCLU,"prix < 80 € ; aucune image ; image placeholder",OK,,
6509,"ESCORREDOR LEGUMES AP-9147 CX12",1.60,EXCLU,"prix < 80 € ; aucune image ; image placeholder",OK,,
6510,"COPO CAFÉ PLASTICO 650ML AP-9220",0.80,EXCLU,"prix < 80 € ; aucune image ; image placeholder",OK,,
6511,"CONJ. 3 CAIXAS 500+850+1200ML AP-9259",1.60,EXCLU,"prix < 80 € ; aucune image ; image placeholder",OK,,
6512,"COPO PLASTICO 300ML AP-9388",0.80,EXCLU,"prix < 80 € ; aucune image ; image placeholder",OK,,
6513,"GARRAFEIRA 12 GARRAFAS MADEIRA 21300095",119.00,EXCLU,"aucune image ; image placeholder",OK,,
6515,"TOUCADOR BRANCO C/ BANCO E LED CHARM 22740003",139.00,EXCLU,"aucune image ; image placeholder",OK,,
6519,"PUFF COM ARMAZENAMENTO E BANDEJA VELVET VERDE 20970092",59.00,EXCLU,"prix < 80 € ; aucune image ; image placeholder",OK,,
6520,"PUFF COM ARMAZENAMENTO E BANDEJA VELVET BEGE 20970091",59.00,EXCLU,"prix < 80 € ; aucune image ; image placeholder",OK,,
6521,"PUFF COM ARMAZENAMENTO E BANDEJA VELVET CINZA 20970090",39.00,EXCLU,"prix < 80 € ; aucune image ; image placeholder",OK,,
6522,"21300097 Secretária",69.00,EXCLU,"prix < 80 €",OK,,
6523,"MESA NATURAL LIA 120CM BASE PRETA",229.00,EXCLU,"aucune image ; image placeholder",OK,,
6524,"CORTINA 140X260 2620-000B CX40",8.00,EXCLU,"prix < 80 € ; aucune image ; image placeholder",OK,,
6525,"SERTÃ ANTIADERENTE 20CM 2369-033-20",8.00,EXCLU,"prix < 80 € ; aucune image ; image placeholder",OK,,
6526,"SERTÃ ANTIADERENTE 22CM 2369-033-22",9.60,EXCLU,"prix < 80 € ; aucune image ; image placeholder",OK,,
6527,"SERTÃ ANTIADERENTE 24CM 2369-033-24",8.00,EXCLU,"prix < 80 € ; aucune image ; image placeholder",OK,,
6528,"SERTÃ ANTIADERENTE 26CM 2369-033-26",8.00,EXCLU,"prix < 80 € ; aucune image ; image placeholder",OK,,
6529,"SERTÃ ANTIADERENTE 28CM 2369-033-28",8.00,EXCLU,"prix < 80 € ; aucune image ; image placeholder",OK,,
6530,"BATEDOR DE OVO  SK-C-804-403 CX72 (Q12)",0.80,EXCLU,"prix < 80 € ; aucune image ; hors stock ; image placeholder",OK,,
6531,"COLHER SOLIDA SK-C-804-404",0.80,EXCLU,"prix < 80 € ; aucune image ; image placeholder",OK,,
6532,"SUPORTE PAPEL BRC/PRT SK-C-804-415",1.60,EXCLU,"prix < 80 € ; aucune image ; image placeholder",OK,,
6533,"SET 5 FACAS+AFIADOR SK-C-804-423",8.00,EXCLU,"prix < 80 € ; aucune image ; image placeholder",OK,,
6534,"SET 3 FACAS COZINHA SK-C-804-425",1.60,EXCLU,"prix < 80 € ; aucune image ; image placeholder",OK,,
6535,"SET 2 FACAS+DESCASCADOR SK-C-804-428",1.60,EXCLU,"prix < 80 € ; aucune image ; image placeholder",OK,,
6536,"FACA CABO MADEIRA 12,7CM SK-C-804-444",1.60,EXCLU,"prix < 80 € ; aucune image ; image placeholder",OK,,
6537,"FACA CABO MADEIRA 20M SK-C-804-445",1.60,EXCLU,"prix < 80 € ; aucune image ; image placeholder",OK,,
6538,"FACA PAO CABO MAD 20CM SK-C-804-446",1.60,EXCLU,"prix < 80 € ; aucune image ; image placeholder",OK,,
6539,"FACA CABO MADEIRA 20CM SK-C-804--447",1.60,EXCLU,"prix < 80 € ; aucune image ; image placeholder",OK,,
6540,"SET 2 FACAS 8,8+12,7CM",1.60,EXCLU,"prix < 80 € ; aucune image ; image placeholder",OK,,
6541,"ORG P/ARRUMAÇAO C/3GAVETAS",8.00,EXCLU,"prix < 80 € ; aucune image ; image placeholder",OK,,
6542,"ORG P/ARRUMAÇAO C/1GAVETA",8.00,EXCLU,"prix < 80 € ; aucune image ; image placeholder",OK,,
6543,"ORG C/4 COMP+2GAVETAS 68X35X70 SK-C-804-471(CX6)20***10€",8.00,EXCLU,"prix < 80 € ; aucune image ; image placeholder",OK,,
6544,"RACK P/ARRUMAÇAO C/2PRAT",8.00,EXCLU,"prix < 80 € ; aucune image ; image placeholder",OK,,
6545,"RACK P/ARRUMAÇAO C/3PRAT",8.00,EXCLU,"prix < 80 € ; aucune image ; image placeholder",OK,,
6546,"SAPATEIRA 5 NIVEIS 60X30X88",8.00,EXCLU,"prix < 80 € ; aucune image ; image placeholder",OK,,
6547,"CESTO ROUPA 40X55CM SK-C 804-496",8.00,EXCLU,"prix < 80 € ; aucune image ; image placeholder",OK,,
6548,"ESCORREDOR LOUÇA 36,5X33,2 SK-C-804-534",5.00,EXCLU,"prix < 80 € ; aucune image ; hors stock ; image placeholder",OK,,
6549,"KIT LIMPA VIDROS 5P SK-C-804-556",8.00,EXCLU,"prix < 80 € ; aucune image ; image placeholder",OK,,
6550,"TOALHITAS ANTI-TRF COR P/ROUPA",0.80,EXCLU,"prix < 80 € ; aucune image ; image placeholder",OK,,
6551,"BRINQ ANIMAL 45CM SKPA 837-354",0.80,EXCLU,"prix < 80 € ; aucune image ; image placeholder",OK,,
6552,"BRINQ ANIMAL 35CM SKPA 837-356",0.80,EXCLU,"prix < 80 € ; aucune image ; image placeholder",OK,,
6553,"BRINQ ANIMAL 7X5CM SKPA 837-359 CX48 (Q12)",1.60,EXCLU,"prix < 80 € ; aucune image ; image placeholder",OK,,
6554,"BRINQ ANIMAL 6CM SKPA 837-361 CX48 (Q12)",1.60,EXCLU,"prix < 80 € ; aucune image ; image placeholder",OK,,
6555,"BOLA P/SECAGEM ROUPA SKPA-837-373",0.80,EXCLU,"prix < 80 € ; aucune image ; image placeholder",OK,,
6556,"SET 3 COLHERES PAU SKPA 837-428 CX48 (Q12)",0.80,EXCLU,"prix < 80 € ; aucune image ; image placeholder",OK,,
6557,"BANDEJA BAMBU 55X16CM",8.00,EXCLU,"prix < 80 € ; aucune image ; image placeholder",OK,,
6558,"ABRE LATAS SKPA-837-583",1.60,EXCLU,"prix < 80 € ; aucune image ; image placeholder",OK,,
6559,"COPO AGUA C/PE 320ML CX.6UN 0424-01",8.00,EXCLU,"prix < 80 € ; aucune image ; image placeholder",OK,,
6560,"VASEIRA TUBO 20X20 C/ 75CM - PRETO PENICHE E C/ VIDRO",139.00,EXCLU,"aucune image ; image placeholder",OK,,
6561,"PÉS MESA INOX ""ESTRELA""",189.00,EXCLU,"aucune image ; hors stock ; image placeholder",OK,,
6562,"CABIDE 20X20 ""GOLA"" FERRO BEGE",79.00,EXCLU,"prix < 80 € ; aucune image ; image placeholder",OK,,
6563,"CABIDE FERRO PINTADO DOURADO",89.00,EXCLU,"aucune image ; image placeholder",OK,,
6564,"CABIDE FERRO PINTADOR COR TEXTURADA-PRETO REF 20095",89.00,EXCLU,"aucune image ; image placeholder",OK,,
6565,"PORTA TOALHAS FERRO BASE QUADRADA C/ 2 BRAÇOS",69.00,EXCLU,"prix < 80 € ; aucune image ; hors stock ; image placeholder",OK,,
6566,"EXPORT - LAVATÓRIO 81",89.00,EXCLU,"aucune image ; image placeholder",OK,,
6567,"EXPORT - ESPELHO 80X80",89.00,EXCLU,"aucune image ; image placeholder",OK,,
6568,"EXPORT - LAVATÓRIO 61",79.00,EXCLU,"prix < 80 € ; aucune image ; image placeholder",OK,,
6569,"EXPORT - ESPELHO 80X60",89.00,EXCLU,"aucune image ; image placeholder",OK,,
6570,"EXPORT - MÓVEL WC 3 GAVETAS 80CM - ROBLET",219.00,EXCLU,"aucune image ; image placeholder",OK,,
6574,"CABIDE BRANCO BERLIN",39.00,EXCLU,"prix < 80 €",OK,,
6575,"BENGALEIRO PRETO COM TABULEIRO 18790787",35.00,EXCLU,"prix < 80 €",OK,,
6578,"TROPICAL Mesa de Entrada",149.00,INCLUS,,MÉDIO,"description nettoyée",696
6580,"LASSE - CONJUNTO 2 MESAS DE CENTRO",99.00,EXCLU,"aucune image ; image placeholder",OK,,
6587,"CADEIRA RIGLOS COR CINZA",99.00,EXCLU,"aucune image ; image placeholder",OK,,
6588,"CADEIRA RIGLOS COR CINZA CLARO",99.00,EXCLU,"aucune image ; image placeholder",OK,,
6589,"GALAN BLANCO HOLSTEBRO",79.00,EXCLU,"prix < 80 € ; aucune image ; image placeholder",OK,,
6592,"MADIS LK Base TV",229.00,INCLUS,,MÉDIO,"description nettoyée",387
6593,"BALDE METAL WC 5L SK-C-804-724",8.00,EXCLU,"prix < 80 € ; aucune image ; image placeholder",OK,,
6594,"BALDE METAL WC 9L SK-C-804-725",12.00,EXCLU,"prix < 80 € ; aucune image ; image placeholder",OK,,
6595,"BALDE METAL WC 12L SK-C-804-726",10.00,EXCLU,"prix < 80 € ; aucune image ; image placeholder",OK,,
6596,"BALDE METAL WC 3L SK 804-727",8.00,EXCLU,"prix < 80 € ; aucune image ; image placeholder",OK,,
6597,"BALDE METAL WC 5L SK 804-728",8.00,EXCLU,"prix < 80 € ; aucune image ; image placeholder",OK,,
6598,"BALDE METAL WC 12L SK 804-729",12.00,EXCLU,"prix < 80 € ; aucune image ; image placeholder",OK,,
6599,"CONJ. WC 2PÇ SK-C-804-763",8.00,EXCLU,"prix < 80 € ; aucune image ; image placeholder",OK,,
6600,"BALDE C/PEDAL 3LT 17X17X25CM SK-C-804-789 CX6(Q6)2",4.00,EXCLU,"prix < 80 € ; aucune image ; image placeholder",OK,,
6601,"Mesa de Café Tatra 22710031",99.00,EXCLU,"éligible non inclus (au-delà de la cible)",MÉDIO,"titre normalisé (casse), description nettoyée",
6605,"CONJUNTO 2 MESAS AUXILIARES AUREA EFEITO MÁRMORE 21300082",119.00,EXCLU,"hors stock",OK,,
6615,"VH170 Sapateira",139.00,EXCLU,"hors stock",OK,,
6618,"MILTON LK - LED PARA ROUPEIRO",39.00,EXCLU,"prix < 80 € ; aucune image ; hors stock ; image placeholder",OK,,
6619,"TALLY LK - LED PARA ROUPEIRO",49.00,EXCLU,"prix < 80 € ; hors stock",OK,,
6620,"TALLY LK - LED PARA MESA DE CABECEIRA",59.00,EXCLU,"prix < 80 € ; hors stock",OK,,
6621,"VH057 Sapateira",99.00,INCLUS,,MÉDIO,"description nettoyée",943
6622,"VH072 Sapateira",55.00,EXCLU,"prix < 80 €",OK,,
6623,"VH071 Sapateira",59.00,EXCLU,"prix < 80 €",OK,,
6625,"NESS Sapateira",79.00,EXCLU,"prix < 80 €",OK,,
6627,"NALA Sofá Modular",999.00,INCLUS,,MÉDIO,"description nettoyée",112
6628,"HE 270 Sofá Cama",399.00,INCLUS,,MÉDIO,"description nettoyée",212
6631,"ATLAS Sofá Cama",679.00,INCLUS,,MÉDIO,"description nettoyée",603
6632,"HE 408 Cadeirão Relax c/ suporte copos",179.00,INCLUS,,MÉDIO,"description nettoyée",344
6633,"HE 4105 Cadeirão Relax",149.00,INCLUS,,MÉDIO,"description nettoyée",345
6634,"COLOMBIA Sofá Cama 3 Lugares",369.00,INCLUS,,MÉDIO,"description nettoyée",343
6635,"MOZART Sofá Chaise Longue",769.00,INCLUS,,MÉDIO,"description nettoyée",120
6636,"MIO DIVANI Sofá Chaise Longue c/ Baú",1699.00,INCLUS,,MÉDIO,"description nettoyée",46
6642,"RITA Sofá Chaise Longue c/ Cama e Baú de Arrumação",1599.00,INCLUS,,MÉDIO,"description nettoyée",43
6648,"RELA 052 Cama Casal",149.00,INCLUS,,MÉDIO,"description nettoyée",239
6649,"CUCA Sofá c/ Dupla Chaise Longue",449.00,INCLUS,,MÉDIO,"description nettoyée",142
6651,"KMAX 059 Cadeirão Relax",279.00,INCLUS,,MÉDIO,"description nettoyée",898
6659,"VERTINA Super Pack Cama",449.00,EXCLU,"hors stock",OK,,
6660,"RELA 052 Super Pack Cama",299.00,EXCLU,"hors stock",OK,,
6661,"IMPRESSIO Super Pack Cama",525.00,EXCLU,"hors stock",OK,,
6663,"KING Super Pack Cama",299.00,EXCLU,"hors stock",OK,,
6666,"MICHIGAN Super Pack Cama",299.00,EXCLU,"hors stock",OK,,
6667,"UNAI Sofá Cama",239.00,INCLUS,,MÉDIO,"description nettoyée",504
6668,"SUNSET Super Pack Cama",429.00,EXCLU,"hors stock",OK,,
6669,"WATSON Super Pack Cama",259.00,INCLUS,,MÉDIO,"description nettoyée",213
6670,"KATHY Super Pack Cama",399.00,INCLUS,,MÉDIO,"description nettoyée",168
6671,"KMAX P002 Sofá Chaise Longue",499.00,INCLUS,,MÉDIO,"description nettoyée",466
6672,"SWEDEN Base Casal",199.00,INCLUS,,MÉDIO,"description nettoyée",432
6673,"SIMPLE Base Casal",169.00,INCLUS,,MÉDIO,"description nettoyée",270
6674,"HIRO Base TV",269.00,INCLUS,,MÉDIO,"description nettoyée",326
6675,"MOD10 Pack 4 Bancos de Cozinha",129.00,EXCLU,"éligible non inclus (au-delà de la cible)",MÉDIO,"description nettoyée",
6676,"MOD20 Pack 4 Cadeiras",139.00,EXCLU,"éligible non inclus (au-delà de la cible)",MÉDIO,"description nettoyée",
6677,"FRIENDS Set 2 Bancos Redondos",25.00,EXCLU,"prix < 80 €",OK,,
6678,"FRIENDS Banco de Bar Dobrável",15.00,EXCLU,"prix < 80 €",OK,,
6679,"BROOKLYN 11 Cadeira",79.00,EXCLU,"prix < 80 €",OK,,
6680,"A308 Cadeira",69.00,EXCLU,"prix < 80 €",OK,,
6681,"BROOKLYN 14 Cadeira",55.00,EXCLU,"prix < 80 €",OK,,
6682,"BROOKLYN Banco Alto",99.00,INCLUS,,MÉDIO,"description nettoyée",333
6683,"180A Mesa de Campismo",39.00,EXCLU,"prix < 80 €",OK,,
6684,"ZDD180 Banco de Campismo",35.00,EXCLU,"prix < 80 €",OK,,
6685,"Y52 Cadeira de Campismo",19.00,EXCLU,"prix < 80 €",OK,,
6686,"D96 Banco de Campismo",9.90,EXCLU,"prix < 80 €",OK,,
6687,"SOTO Aparador Alto",289.00,INCLUS,,MÉDIO,"description nettoyée",658
6688,"SOTO Aparador",159.00,INCLUS,,MÉDIO,"description nettoyée",853
6690,"IBIZA Cadeira Baloiço c/ Guarda Sol",99.00,EXCLU,"éligible non inclus (au-delà de la cible)",MÉDIO,"description nettoyée",
6691,"HE097 Cadeira de Baloiço",169.00,EXCLU,"éligible non inclus (au-delà de la cible)",MÉDIO,"description nettoyée",
6692,"HE098 Cadeira de Baloiço",139.00,EXCLU,"éligible non inclus (au-delà de la cible)",MÉDIO,"description nettoyée",
6693,"KMAX 059 (05917812) - SOFÁ 1 LUGAR CASTANHO (PELE) (90CM X 98CM X 95CM) fim linhaKMAX 059 (05917812) - SOFÁ 1 LUGAR CASTANHO (PE",199.00,EXCLU,"aucune image ; image placeholder",OK,,
6694,"KMAX 059 Sofá Relax",399.00,INCLUS,,MÉDIO,"description nettoyée",735
6697,"TETRIS Sofá Puff Chaise Longue",249.00,INCLUS,,MÉDIO,"description nettoyée",214
6702,"MIRO Vitrine",469.00,EXCLU,"hors stock",OK,,
6704,"MADRID Sofá Relax",559.00,INCLUS,,MÉDIO,"description nettoyée",334
6706,"EUROPA Base TV",268.00,INCLUS,,MÉDIO,"description nettoyée",737
6707,"MR PRINCE Cama",299.00,INCLUS,,MÉDIO,"description nettoyée",312
6708,"TIBER Cabide de Pé",25.00,EXCLU,"prix < 80 €",OK,,
6723,"MASON Sofá de Canto c/ Cama e Baú",1190.00,INCLUS,,MÉDIO,"description nettoyée",733
6725,"CHAMPION 02 Quarto Juvenil",162.00,INCLUS,,MÉDIO,"description nettoyée",252
6727,"AITANA Sofá Canto C/ Chaise Longue",1189.00,INCLUS,,MÉDIO,"description nettoyée",105
6729,"BOSS Cama",299.00,INCLUS,,MÉDIO,"description nettoyée",187
6735,"LUCAS Sofá Chaise Longue",889.00,INCLUS,,MÉDIO,"description nettoyée",133
6736,"DONALD 02 Quarto Casal",172.00,INCLUS,,MÉDIO,"description nettoyée",392
6737,"DONALD 08 Quarto Juvenil",324.00,INCLUS,,MÉDIO,"description nettoyée",645
6738,"DONALD 13 Quarto Juvenil",238.00,INCLUS,,MÉDIO,"description nettoyée",410
6739,"CARLA Sofá-Cama c/ Chaise",889.00,INCLUS,,MÉDIO,"description nettoyée",16
6740,"KMAX 8623 Sofá 3 Lugares",399.00,INCLUS,,MÉDIO,"description nettoyée",319
6742,"MD LUXURY Cama",359.00,INCLUS,,MÉDIO,"description nettoyée",310
6743,"SIL Base Elevatória",199.00,INCLUS,,MÉDIO,"description nettoyée",247
6747,"ELIS Base TV",119.00,EXCLU,"hors stock",OK,,
6756,"CHEERS Sofá Chaise Longue Elétrico 55032M",1349.00,INCLUS,,MÉDIO,"description nettoyée",69
6760,"BASS Mesa de Jantar Extensível",159.00,INCLUS,,MÉDIO,"description nettoyée",240
6766,"PRESTIGO Cama",599.00,INCLUS,,MÉDIO,"description nettoyée",376
6767,"153175 Set de Exterior",179.00,INCLUS,,MÉDIO,"description nettoyée",859
6769,"SCALAR JR Estante",169.00,INCLUS,,MÉDIO,"description nettoyée",761
6770,"CIRO sofá cama",379.00,INCLUS,,MÉDIO,"description nettoyée",403
6771,"SUNSET Mesa de Cabeceira",159.00,INCLUS,,MÉDIO,"description nettoyée",681
6772,"VIDEL Conjunto de Mesa e Cadeiras",220.00,INCLUS,,MÉDIO,"description nettoyée",518
6773,"EGEO Sofá 2/3 Lugares",369.00,INCLUS,,MÉDIO,"description nettoyée",631
6776,"RUBEN Sofá 2/3 Lugares",249.00,INCLUS,,MÉDIO,"description nettoyée",188
6780,"KENZO Sofá Cama",429.00,EXCLU,"hors stock",OK,,
6782,"CAMILA Beliche",199.00,INCLUS,,MÉDIO,"description nettoyée",792
6783,"KMAX 1042 Sofá",339.00,INCLUS,,MÉDIO,"description nettoyée",479
6784,"REVERSO Super Pack Cama",249.00,EXCLU,"hors stock",OK,,
6788,"Sofa Md 2 Lugares Amarelo D-7099-1",229.00,EXCLU,"éligible non inclus (au-delà de la cible)",MÉDIO,"titre normalisé (casse), description nettoyée",
7198,"MOLAFLEX Colchão Mystic Multi",519.20,INCLUS,,MÉDIO,"description nettoyée",44
7232,"MOLAFLEX Colchão Gravity Pocket",519.20,INCLUS,,MÉDIO,"description nettoyée",45
7233,"Sofa Cama Silves Sp453 Bege",939.00,INCLUS,,MÉDIO,"titre normalisé (casse), description nettoyée",445
7235,"MD DESIGN Cama",359.00,INCLUS,,MÉDIO,"description nettoyée",182
7242,"MR PASSION Cama C/ Estrado",349.00,INCLUS,,MÉDIO,"description nettoyée",809
7244,"KMAX D2507 Cadeirão Relax Elevatório",439.00,INCLUS,,OK,,501
7245,"RIADE Sofá de Canto",1190.00,INCLUS,,MÉDIO,"description nettoyée",798
7254,"KMAX DR 020 Base TV",199.00,INCLUS,,MÉDIO,"description nettoyée",643
7255,"KMAX 06 Camiseiro",229.00,INCLUS,,MÉDIO,"description nettoyée",753
7256,"KMAX DR 028 Base TV",149.00,INCLUS,,MÉDIO,"description nettoyée",666
7355,"KMAX 1127 Sofá de Canto",1199.00,INCLUS,,MÉDIO,"description nettoyée",950
7356,"KMAX - DR Cómoda",129.00,INCLUS,,MÉDIO,"description nettoyée",241
7357,"Banco de Plástico Almofadado",10.00,EXCLU,"prix < 80 €",OK,,
7358,"JC-9403 Cadeira",79.00,EXCLU,"prix < 80 €",OK,,
7359,"AR1423 Banco Alto Acolchoado",49.00,EXCLU,"prix < 80 €",OK,,
7360,"F022 Sofá Chaise Longue",599.00,INCLUS,,MÉDIO,"description nettoyée",601
7361,"LARA Módulo Suspenso",72.00,EXCLU,"prix < 80 €",OK,,
7369,"AR8533 Banco Alto",10.00,EXCLU,"prix < 80 €",OK,,
7370,"BS101 Banco Alto",19.00,EXCLU,"prix < 80 €",OK,,
7375,"BS129 Cadeira",19.00,EXCLU,"prix < 80 €",OK,,
7376,"WATSON Cama Casal",129.00,INCLUS,,MÉDIO,"description nettoyée",204
7381,"SWEDEN Pack Base",349.00,INCLUS,,MÉDIO,"description nettoyée",250
7388,"SIMPLE Pack Base",365.00,EXCLU,"hors stock",OK,,
7392,"JC-8846 Cadeira",79.00,EXCLU,"prix < 80 €",OK,,
7394,"JC-9489 Cadeira",79.00,EXCLU,"prix < 80 €",OK,,
7395,"TLC1773 Cadeira de Exterior",69.00,EXCLU,"prix < 80 €",OK,,
7402,"COLMED - CERVITEX 53 X 33 11/6/9CM",56.00,EXCLU,"prix < 80 € ; aucune image ; image placeholder",OK,,
7403,"COLMED - CONFORFIBER 60 X 45 CM",15.00,EXCLU,"prix < 80 € ; aucune image ; hors stock ; image placeholder",OK,,
7404,"PIKOLIN - LATEX 135 CM",112.40,EXCLU,"aucune image ; hors stock ; image placeholder",OK,,
7405,"PIKOLIN - LATEX 150 CM",128.10,EXCLU,"aucune image ; hors stock ; image placeholder",OK,,
7406,"PIKOLIN - LATEX 70 CM",60.40,EXCLU,"prix < 80 € ; aucune image ; hors stock ; image placeholder",OK,,
7407,"PIKOLIN - LATEX 80 CM",68.30,EXCLU,"prix < 80 € ; aucune image ; hors stock ; image placeholder",OK,,
7408,"PIKOLIN - LATEX 90 CM",76.70,EXCLU,"prix < 80 € ; aucune image ; hors stock ; image placeholder",OK,,
7410,"COLMED - LÁTEX CERVICAL",47.20,EXCLU,"prix < 80 € ; aucune image ; hors stock ; image placeholder",OK,,
7411,"COLMED - LÁTEX DUALZONE",57.60,EXCLU,"prix < 80 € ; aucune image ; image placeholder",OK,,
7412,"ALMOFADA PIKOLIN LÁTEX AL16057 - 70",46.90,EXCLU,"prix < 80 € ; aucune image ; image placeholder",OK,,
7413,"ALMOFADA ALLERBAN KIDS - MOLAFLEX 60X30",8.00,EXCLU,"prix < 80 € ; aucune image ; hors stock ; image placeholder",OK,,
7414,"ALMOFADA SOFT / SAUDE - MOLAFLEX 60X45",19.00,EXCLU,"prix < 80 €",OK,,
7415,"ALMOFADA SANTI CONFORTO 45X60 (EXC. ONLINE)",8.90,EXCLU,"prix < 80 €",OK,,
7416,"ALMOFADA MÁXIMO CONFORTO 45X60 (EXC. ONLINE)",4.90,EXCLU,"prix < 80 € ; aucune image ; image placeholder",OK,,
7420,"JUEGO DE 2 MESAS AUXILIAR RATÁN (1 - 2)",123.90,EXCLU,"hors stock",OK,,
7421,"JUEGO DE 2 MESAS AUX. ESPEJO ORO/NEGRO (1 - 2)",107.80,EXCLU,"hors stock",OK,,
7422,"Conj. 2 Mesas Apoio",110.00,EXCLU,"hors stock",OK,,
7423,"JUEGO 3 MESAS EFECTO MARMOL BLANCO 300119",129.00,EXCLU,"hors stock",OK,,
7424,"MESA AUXILIAR SET 2 METAL 36X36X47 3,4 KG. DOURADO",119.90,EXCLU,"hors stock",OK,,
7425,"Conjunto 3 mesas apoio",95.90,EXCLU,"hors stock",OK,,
7427,"JUDY WILD - MESA C/ ESTRUTRA EM METAL (BRANCO) - 151409",39.00,EXCLU,"prix < 80 €",OK,,
7428,"FACTORY Mesa de Centro",69.00,EXCLU,"prix < 80 €",OK,,
7429,"Joya - Mesa Apoio",45.00,EXCLU,"prix < 80 €",OK,,
7431,"""LOFT & METAL"" BIDON EN METAL (GRANDE)",34.00,EXCLU,"prix < 80 €",OK,,
7668,"STILO Cama",199.00,INCLUS,,MÉDIO,"description nettoyée",519
7687,"BENNET Sofá 3 Lugares",999.00,INCLUS,,MÉDIO,"description nettoyée",480
7691,"TLS Espreguiçadeira Dupla",179.00,INCLUS,,MÉDIO,"description nettoyée",113
7710,"COLORADO Cama",195.00,INCLUS,,MÉDIO,"description nettoyée",272
7712,"RODI Estante",399.00,EXCLU,"hors stock",OK,,
7716,"MD FINE  CAMA 190x90 PERSA YELLOW - FIM DE LINHA",345.00,EXCLU,"aucune image ; hors stock ; image placeholder",OK,,
7717,"1086 Mesa de Exterior",119.00,INCLUS,,MÉDIO,"description nettoyée",400
7742,"ARDEN Cama Casal",449.00,INCLUS,,MÉDIO,"description nettoyée",138
7743,"BANCO DE JARDIM METAL PRETO 32641",69.00,EXCLU,"prix < 80 €",OK,,
7749,"VIKI LK Cama C/ Cabeceira",389.00,INCLUS,,MÉDIO,"description nettoyée",488
7763,"TIFFANY Cama Casal",299.00,EXCLU,"hors stock",OK,,
7765,"DORIAN Cama Casal",349.00,INCLUS,,MÉDIO,"description nettoyée",156
7807,"AB2212WS - BASE DE MESA",49.00,EXCLU,"prix < 80 € ; aucune image ; image placeholder",OK,,
7809,"AB2257-2 - BASE DE MESA",79.00,EXCLU,"prix < 80 € ; aucune image ; image placeholder",OK,,
7811,"AB2213S - BASE DE MESA",49.00,EXCLU,"prix < 80 € ; aucune image ; image placeholder",OK,,
7813,"AB2256-3 - BASE DE MESA",79.00,EXCLU,"prix < 80 € ; aucune image ; image placeholder",OK,,
7815,"AB2320S - BASE DE MESA",79.00,EXCLU,"prix < 80 € ; aucune image ; image placeholder",OK,,
7817,"ANDROS Sofá de Canto c/ Cama e Baú",989.00,INCLUS,,MÉDIO,"description nettoyée",6
8157,"REVERSO Mesa de Cabeceira",49.00,EXCLU,"prix < 80 € ; hors stock",OK,,
8159,"VICI Base TV",349.00,EXCLU,"hors stock",OK,,
8162,"ESTANTE ACCESS SHELF 347765 (EXC. ONLINE)",105.00,EXCLU,"hors stock",OK,,
8163,"ACCESS JR Estante",129.00,EXCLU,"hors stock",OK,,
8166,"JADE Cama",159.00,INCLUS,,MÉDIO,"description nettoyée",268
8168,"ESTELLE Cama",299.00,EXCLU,"hors stock",OK,,
8169,"ESTELLA Cama Dupla C/ Gaveta",419.00,EXCLU,"hors stock",OK,,
8174,"BASIC 07 Aparador",369.00,INCLUS,,MÉDIO,"description nettoyée",322
8969,"SPIRIT Aparador",649.00,INCLUS,,MÉDIO,"description nettoyée",803
8986,"AS1103 Cadeira",59.00,EXCLU,"prix < 80 €",OK,,
8987,"AS1355 Cadeira",69.00,EXCLU,"prix < 80 €",OK,,
8990,"ALDO Base TV",159.00,INCLUS,,MÉDIO,"description nettoyée",688
8991,"ALDO Aparador",219.00,INCLUS,,MÉDIO,"description nettoyée",524
8992,"BOLLO BO11 AI Mesa de Centro",129.00,INCLUS,,MÉDIO,"description nettoyée",546
8993,"VILELA Sofá Chaise Longue c/ Cama, Puffs e Baú de Arrumação",899.00,INCLUS,,MÉDIO,"description nettoyée",90
8994,"PUZZLE Sofá Chaise Longue c/ Cama e Baú",799.00,EXCLU,"hors stock",OK,,
8996,"BOLLO BO2 AI Base TV",159.00,INCLUS,,MÉDIO,"description nettoyée",689
8998,"MOD Sofá Chaise Longue de Penas de Pato",1579.00,INCLUS,,MÉDIO,"description nettoyée",42
8999,"KMAX 109 Cadeirão Relax",229.00,INCLUS,,MÉDIO,"description nettoyée",215
9000,"MODENA Sofá Chaise Longue",890.00,INCLUS,,MÉDIO,"description nettoyée",59
9004,"BELMONTE Sofá Chaise Longue Reclinável e Extensível",1669.00,INCLUS,,MÉDIO,"description nettoyée",49
9134,"XELO Cama de Casal",609.00,INCLUS,,MÉDIO,"description nettoyée",612
9136,"MAJA 02 Mesa de Centro",59.00,EXCLU,"prix < 80 €",OK,,
9137,"MAJA 04 Cómoda",199.00,INCLUS,,MÉDIO,"description nettoyée",757
9138,"VH229 Banco de Cama Estofado",69.00,EXCLU,"prix < 80 €",OK,,
9139,"LF-1146C/348 Conjunto de Mesa e Cadeiras",199.00,INCLUS,,MÉDIO,"description nettoyée",854
9143,"MD KENIA Cama",299.00,INCLUS,,MÉDIO,"description nettoyée",198
9149,"MD 23 Cama",325.00,INCLUS,,MÉDIO,"description nettoyée",164
9150,"151563 Toucador c/ Leds",99.00,EXCLU,"éligible non inclus (au-delà de la cible)",MÉDIO,"description nettoyée",
9153,"CAMA CASAL 190X140 ARMANI XL PRETA",349.00,EXCLU,"aucune image ; hors stock ; image placeholder",OK,,
9156,"MAJA 03 Base TV",199.00,INCLUS,,MÉDIO,"description nettoyée",855
9157,"MAJA Aparador",229.00,INCLUS,,MÉDIO,"description nettoyée",451
9165,"MD LINES Cama",345.00,INCLUS,,MÉDIO,"description nettoyée",157
9166,"METROPOL Roupeiro",469.00,INCLUS,,MÉDIO,"description nettoyée",740
9167,"PIKOLIN Colchão Brio",374.00,INCLUS,,MÉDIO,"description nettoyée",67
9168,"PIKOLIN Colchão Ritmo",385.00,INCLUS,,MÉDIO,"description nettoyée",62
9169,"MD BELGRADO Cama",385.00,INCLUS,,MÉDIO,"description nettoyée",165
9171,"PIKOLIN Colchão Pausa",436.00,INCLUS,,MÉDIO,"description nettoyée",51
9172,"MD CIRCLE Cama",345.00,INCLUS,,MÉDIO,"description nettoyée",180
9173,"PIKOLIN Colchão Sinfonía",1126.00,INCLUS,,MÉDIO,"description nettoyée",37
9174,"MD DENVER Cama",345.00,INCLUS,,MÉDIO,"description nettoyée",181
9259,"PIKOLIN Colchão Melodía Pocket",525.00,INCLUS,,MÉDIO,"description nettoyée",39
10091,"FRAME Cabeceira",180.00,INCLUS,,MÉDIO,"description nettoyée",346
10092,"KMAX 508 Sofá 3 Lugares",649.00,EXCLU,"éligible non inclus (au-delà de la cible)",MÉDIO,"description nettoyée",
10093,"KMAX 717 Sofá 2 Lugares",599.00,INCLUS,,MÉDIO,"description nettoyée",965
10095,"KI 8 Cabeceira de Cama",219.00,INCLUS,,MÉDIO,"description nettoyée",341
10096,"KI 3 Cabeceira",180.00,INCLUS,,MÉDIO,"description nettoyée",347
10105,"HS 60515 Sofá de Canto Relax",2790.00,EXCLU,"éligible non inclus (au-delà de la cible)",MÉDIO,"description nettoyée",
10108,"PIKOLIN Colchão Yin 3.0",322.05,INCLUS,,MÉDIO,"description nettoyée",74
10109,"LIMA Cama",438.00,EXCLU,"hors stock",OK,,
10110,"PIKOLIN Colchão Bultex Platino",672.75,INCLUS,,MÉDIO,"description nettoyée",52
10112,"MANIKO Banco de Cama",99.00,INCLUS,,MÉDIO,"description nettoyée",289
10114,"VH220 Banqueta de Cama",59.00,EXCLU,"prix < 80 €",OK,,
10115,"PETTO Banqueta de Cama",59.00,EXCLU,"prix < 80 €",OK,,
10116,"AB800 Banqueta c/ Arrumação",149.00,INCLUS,,MÉDIO,"description nettoyée",680
10119,"KI 8 Cama",594.00,INCLUS,,MÉDIO,"description nettoyée",162
10120,"KI 15 Cama",610.00,INCLUS,,MÉDIO,"description nettoyée",148
10121,"AB792 Banqueta c/ Arrumação",99.00,INCLUS,,MÉDIO,"description nettoyée",683
10138,"KI FRAME Cama",555.00,INCLUS,,MÉDIO,"description nettoyée",170
10348,"AMARO Cama",589.00,INCLUS,,MÉDIO,"description nettoyée",100
10349,"TALLY Cama",589.00,EXCLU,"hors stock",OK,,
10350,"CHAMPIONS Cabeceira Juvenil",29.00,EXCLU,"prix < 80 €",OK,,
10357,"24175A Sofá Cama",779.00,INCLUS,,MÉDIO,"description nettoyée",485
10361,"MB R523 Sofá de Canto Relax",1199.00,INCLUS,,MÉDIO,"description nettoyée",444
10379,"SAN Conjunto de Mesa de Tampo Duplo e 4 Cadeiras",322.00,EXCLU,"hors stock",OK,,
10380,"INDRA Mesa de Entrada",89.00,INCLUS,,MÉDIO,"description nettoyée",716
10381,"EAMES Consola",69.00,EXCLU,"prix < 80 €",OK,,
10382,"OAKLAND Conjunto de 2 Mesas",139.00,INCLUS,,MÉDIO,"description nettoyée",425
10383,"JOYERO Espelho",119.00,INCLUS,,MÉDIO,"description nettoyée",709
10386,"HE 4117 Cadeirão",229.00,INCLUS,,MÉDIO,"description nettoyée",391
10388,"Sofa Chaise Longue Modular Reversivel Jds2187 (292Cm),Cor Bege",939.00,INCLUS,,MÉDIO,"titre normalisé (casse), description nettoyée",734
10389,"UNID.INT SAMSUNG CONSOLA  -AJ026TNJDKG",658.90,EXCLU,"aucune image ; hors stock ; image placeholder",OK,,
10390,"UNID.INT SAMSUNG CONSOLA  -AJ035TNJDKG",758.90,EXCLU,"aucune image ; hors stock ; image placeholder",OK,,
10391,"UNID.INT SAMSUNG CONSOLA  -AJ052TNJDKG",821.90,EXCLU,"aucune image ; hors stock ; image placeholder",OK,,
10392,"ESPELHO ORBEGOZ.COSMETICO-LUZ -ESP1010",12.90,EXCLU,"prix < 80 € ; aucune image ; hors stock ; image placeholder",OK,,
10393,"ESPELHO ORBEGOZ.COSMETICO-LUZ -ESP1020",12.90,EXCLU,"prix < 80 € ; aucune image ; hors stock ; image placeholder",OK,,
10394,"ESPELHO ORBEGOZ.COSMETICO-RED.-ESP1000",8.90,EXCLU,"prix < 80 € ; aucune image ; hors stock ; image placeholder",OK,,
10395,"ESPELHO ORBEGOZ.COSMETICO-RED.-ESP2000",8.90,EXCLU,"prix < 80 € ; aucune image ; hors stock ; image placeholder",OK,,
10396,"ESPELHO ORBEGOZ.COSMETICO-REDON-ES5100",11.90,EXCLU,"prix < 80 € ; aucune image ; hors stock ; image placeholder",OK,,
10397,"ESPELHO ORBEGOZ.COSMETICO-RED.-ESP4000",21.90,EXCLU,"prix < 80 € ; aucune image ; hors stock ; image placeholder",OK,,
10398,"ESPELHO ORBEGOZ.COSMETICO-REDO-ESP6000",13.90,EXCLU,"prix < 80 € ; aucune image ; hors stock ; image placeholder",OK,,
10399,"UNID.INT LG CONSOLA    -UQ12F.NA0",582.90,EXCLU,"aucune image ; hors stock ; image placeholder",OK,,
10400,"UNID.INT LG CONSOLA    -UQ09F.NA0",503.90,EXCLU,"aucune image ; hors stock ; image placeholder",OK,,
10401,"UNID.EXT LG CONSOLA     -UUB1.U20",1123.90,EXCLU,"aucune image ; hors stock ; image placeholder",OK,,
10402,"UNID.INT LG CONSOLA    -UQ18F.NA0",635.90,EXCLU,"aucune image ; hors stock ; image placeholder",OK,,
10403,"GELADEIRA 5L AZUL CAMPOS",19.00,EXCLU,"prix < 80 € ; aucune image ; hors stock ; image placeholder",OK,,
10404,"GELADEIRA LIFE STORY 5L HELLO SUMMER",19.00,EXCLU,"prix < 80 € ; aucune image ; hors stock ; image placeholder",OK,,
10405,"GELADEIRA LIFE STORY 5L WATERMELON",19.00,EXCLU,"prix < 80 € ; aucune image ; hors stock ; image placeholder",OK,,
10406,"GELADEIRA LIFE STORY 5L FRESH FRUIT",19.00,EXCLU,"prix < 80 € ; aucune image ; hors stock ; image placeholder",OK,,
10407,"GELADEIRA LIFE STORY 5L EXOTIC SUMMER",19.00,EXCLU,"prix < 80 € ; aucune image ; hors stock ; image placeholder",OK,,
10408,"GELADEIRA LIFE STORY 5L PINK NAVY",19.00,EXCLU,"prix < 80 € ; aucune image ; hors stock ; image placeholder",OK,,
10409,"GELADEIRA TRENDY MEDITERRANEAN 5L",19.00,EXCLU,"prix < 80 € ; aucune image ; hors stock ; image placeholder",OK,,
10410,"GELADEIRA TRENDY GEOMETRY 5L",19.00,EXCLU,"prix < 80 € ; aucune image ; hors stock ; image placeholder",OK,,
10411,"GELADEIRA TRENDY LINEART 5L",19.00,EXCLU,"prix < 80 € ; aucune image ; hors stock ; image placeholder",OK,,
10412,"GELADEIRA 24L AZUL CAMPOS",25.00,EXCLU,"prix < 80 € ; aucune image ; hors stock ; image placeholder",OK,,
10413,"GELADEIRA 24L AZUL CIELO CAMPOS",25.00,EXCLU,"prix < 80 € ; aucune image ; hors stock ; image placeholder",OK,,
10414,"GELADEIRA 24L VERDE CAMPOS",25.00,EXCLU,"prix < 80 € ; aucune image ; hors stock ; image placeholder",OK,,
10415,"GELADEIRA 24L ROSA CAMPOS",25.00,EXCLU,"prix < 80 € ; aucune image ; hors stock ; image placeholder",OK,,
10416,"GELADEIRA 10L AZUL CAMPOS",25.00,EXCLU,"prix < 80 € ; aucune image ; hors stock ; image placeholder",OK,,
10417,"GELADEIRA 16L AZUL CAMPOS",25.00,EXCLU,"prix < 80 € ; aucune image ; hors stock ; image placeholder",OK,,
10418,"GELADEIRA 29L AZUL CAMPOS",25.00,EXCLU,"prix < 80 € ; aucune image ; hors stock ; image placeholder",OK,,
10419,"GELADEIRA LIFE STORY 29L HELLO SUMMER",45.00,EXCLU,"prix < 80 € ; aucune image ; hors stock ; image placeholder",OK,,
10420,"GELADEIRA LIFE STORY 29L WATERMELON",45.00,EXCLU,"prix < 80 € ; aucune image ; hors stock ; image placeholder",OK,,
10421,"GELADEIRA LIFE STORY 29L FRESH FRUIT",45.00,EXCLU,"prix < 80 € ; aucune image ; hors stock ; image placeholder",OK,,
10422,"GELADEIRA LIFE STORY 29L EXOTIC SUMMER",45.00,EXCLU,"prix < 80 € ; aucune image ; hors stock ; image placeholder",OK,,
10423,"GELADEIRA LIFE STORY 29L PINK NAVY",45.00,EXCLU,"prix < 80 € ; aucune image ; hors stock ; image placeholder",OK,,
10424,"GELADEIRA TRENDY MEDITERRANEAN 29L",45.00,EXCLU,"prix < 80 € ; aucune image ; hors stock ; image placeholder",OK,,
10425,"GELADEIRA TRENDY GEOMETRY 29L",45.00,EXCLU,"prix < 80 € ; aucune image ; hors stock ; image placeholder",OK,,
10426,"GELADEIRA TRENDY LINEART 29L",45.00,EXCLU,"prix < 80 € ; aucune image ; hors stock ; image placeholder",OK,,
10427,"GELADEIRA 42L AZUL CAMPOS",55.00,EXCLU,"prix < 80 € ; aucune image ; hors stock ; image placeholder",OK,,
10429,"VH180 Sapateira c/ Espelho",119.00,INCLUS,,MÉDIO,"description nettoyée",710
10430,"VH181 Sapateira c/ Espelho",119.00,INCLUS,,MÉDIO,"description nettoyée",711
10431,"OASIS Set de Jardim",199.00,INCLUS,,MÉDIO,"description nettoyée",419
10440,"VH028 Banco Alto",59.00,EXCLU,"prix < 80 €",OK,,
10444,"VH031 Banco Alto",99.00,INCLUS,,MÉDIO,"description nettoyée",293
10446,"HE 407C Cadeirão",449.00,INCLUS,,MÉDIO,"description nettoyée",500
10447,"BELOTI GPM - SOFA CANTO C/ 3 EXTENSÍVEIS E MODULO PUFF (290CM X 260CM)",2629.00,EXCLU,"aucune image ; hors stock ; image placeholder",OK,,
10448,"BELOTI GPM - SOFA CANTO C/ 3 EXTENSÍVEIS E MODULO PUFF (270CM X 240CM)",2429.00,EXCLU,"aucune image ; hors stock ; image placeholder",OK,,
10449,"BELOTI GPM - SOFA CANTO C/ 3 EXTENSÍVEIS E MODULO PUFF (250CM X 220CM)",2429.00,EXCLU,"aucune image ; hors stock ; image placeholder",OK,,
10450,"BELOTI GPM - SOFA CANTO C/ 3 EXTENSIVEIS E MODULO PUFF (290CM X 260CM) (),MODULO PUFF DIREITO V/F,COR KIARA 852",2209.00,EXCLU,"aucune image ; image placeholder",OK,,
10451,"BELOTI GPM - SOFA CANTO C/ 3 EXTENSIVEIS E MODULO PUFF (290CM X 260CM) (),MODULO PUFF DIREITO V/F,COR KIARA 866",2209.00,EXCLU,"aucune image ; image placeholder",OK,,
10452,"BELOTI GPM - SOFA CANTO C/ 3 EXTENSIVEIS E MODULO PUFF (290CM X 260CM) (),MODULO PUFF ESQUERDO V/F,COR KIARA 852",2209.00,EXCLU,"aucune image ; image placeholder",OK,,
10454,"VIENA GPM - SOFA CHAISE LONGUE C/ 2 RELAX (315CM)",2569.00,EXCLU,"aucune image ; hors stock ; image placeholder",OK,,
10455,"VIENA GPM - SOFA CHAISE LONGUE C/ 2 RELAX (285CM)",2369.00,EXCLU,"aucune image ; hors stock ; image placeholder",OK,,
10456,"VIENA GPM - SOFA CHAISE LONGUE C/ 2 RELAX (255CM)",2369.00,EXCLU,"aucune image ; hors stock ; image placeholder",OK,,
10457,"VIENA GPM - SOFA CHAISE LONGUE C/ 2 RELAX (315CM) (),CHAISE LONGUE DIREITA V/F,COR MASSIMO 415 / BARCE ASH",2159.00,EXCLU,"aucune image ; image placeholder",OK,,
10458,"VIENA GPM - SOFA CHAISE LONGUE C/ 2 RELAX (315CM) (),CHAISE LONGUE ESQUERDA V/F,COR MASSIMO 415 / BARCE ASH",2159.00,EXCLU,"aucune image ; image placeholder",OK,,
10459,"VIENA GPM - SOFA CHAISE LONGUE C/ 2 RELAX (315CM) (),CHAISE LONGUE DIREITA V/F,COR MASSIMO 400 TAUPE / BARCE TAUPE",2159.00,EXCLU,"aucune image ; image placeholder",OK,,
10460,"VIENA GPM - SOFA CHAISE LONGUE C/ 2 RELAX (315CM) (),CHAISE LONGUE ESQUERDA V/F,COR MASSIMO 400 TAUPE / BARCE TAUPE",2159.00,EXCLU,"aucune image ; image placeholder",OK,,
10461,"CALISTA Conjunto de Mesa e Cadeiras",499.00,INCLUS,,MÉDIO,"description nettoyée",607
10462,"FURY 026 FL - 40 X 60 - ANTRACITE",4.00,EXCLU,"prix < 80 € ; hors stock",OK,,
10463,"FURY 026 FL - 40 X 60 - BEGE",4.00,EXCLU,"prix < 80 € ; hors stock",OK,,
10464,"FURY 026 FL - 40 X 60 - CAMEL",4.00,EXCLU,"prix < 80 € ; hors stock",OK,,
10465,"FURY 026 FL - 40 X 60 - CINZA",4.00,EXCLU,"prix < 80 € ; hors stock",OK,,
10466,"FURY 026 FL - 40 X 60 - NATURAL",4.00,EXCLU,"prix < 80 € ; hors stock",OK,,
10467,"FURY 026 FL - 50 X 80 - ANTRACITE",6.00,EXCLU,"prix < 80 € ; hors stock",OK,,
10468,"FURY 026 FL - 50 X 80 - BEGE",6.00,EXCLU,"prix < 80 € ; hors stock",OK,,
10469,"FURY 026 FL - 50 X 80 - CAMEL",6.00,EXCLU,"prix < 80 € ; hors stock",OK,,
10470,"FURY 026 FL - 50 X 80 - CINZA",6.00,EXCLU,"prix < 80 € ; hors stock",OK,,
10471,"FURY 026 FL - 50 X 80 - NATURAL",6.00,EXCLU,"prix < 80 € ; hors stock",OK,,
10472,"FURY 026 FL - 57 X 110 - ANTRACITE",10.00,EXCLU,"prix < 80 € ; hors stock",OK,,
10473,"FURY 026 FL - 57 X 110 - BEGE",10.00,EXCLU,"prix < 80 € ; hors stock",OK,,
10474,"FURY 026 FL - 57 X 110 - CAMEL",10.00,EXCLU,"prix < 80 € ; hors stock",OK,,
10475,"FURY 026 FL - 57 X 110 - CINZA",10.00,EXCLU,"prix < 80 € ; hors stock",OK,,
10476,"FURY 026 FL - 57 X 110 - NATURAL",10.00,EXCLU,"prix < 80 € ; hors stock",OK,,
10477,"FURY 026 FL - 67 X 130 - ANTRACITE",13.00,EXCLU,"prix < 80 € ; hors stock",OK,,
10478,"FURY 026 FL - 67 X 130 - BEGE",13.00,EXCLU,"prix < 80 € ; hors stock",OK,,
10479,"FURY 026 FL - 67 X 130 - CAMEL",13.00,EXCLU,"prix < 80 € ; hors stock",OK,,
10480,"FURY 026 FL - 67 X 130 - CINZA",13.00,EXCLU,"prix < 80 € ; hors stock",OK,,
10481,"FURY 026 FL - 67 X 130 - NATURAL",13.00,EXCLU,"prix < 80 € ; hors stock",OK,,
10482,"FURY 026 FL - 80 X 80 - ANTRACITE",10.00,EXCLU,"prix < 80 € ; hors stock",OK,,
10483,"FURY 026 FL - 80 X 80 - BEGE",10.00,EXCLU,"prix < 80 € ; hors stock",OK,,
10484,"FURY 026 FL - 80 X 80 - CAMEL",10.00,EXCLU,"prix < 80 € ; hors stock",OK,,
10485,"FURY 026 FL - 80 X 80 - CINZA",10.00,EXCLU,"prix < 80 € ; hors stock",OK,,
10486,"FURY 026 FL - 80 X 80 - NATURAL",10.00,EXCLU,"prix < 80 € ; hors stock",OK,,
10489,"11053 JR - MANTA MULTIUSOS POMPOM NATURAL 180X220CM",24.00,EXCLU,"prix < 80 € ; aucune image ; hors stock ; image placeholder",OK,,
10490,"11054 JR - MANTA MULTIUSOS POMPOM CINZENTO 180X220CM",24.00,EXCLU,"prix < 80 € ; aucune image ; hors stock ; image placeholder",OK,,
10491,"11090 APARENZA JR - VASO CILINDRICO ACRILICO APARENZA PRETO 15X30CM",11.00,EXCLU,"prix < 80 € ; aucune image ; hors stock ; image placeholder",OK,,
10492,"11103 APARENZA JR - VASO CILINDRICO APARENZA ACRILICO PRETO 12X40CM",13.00,EXCLU,"prix < 80 € ; aucune image ; hors stock ; image placeholder",OK,,
10493,"11419 JR - PLANTA ARTIFICIAL 120CM",44.00,EXCLU,"prix < 80 € ; aucune image ; hors stock ; image placeholder",OK,,
10494,"12280 JR - QUADRO MATISSE SORT 4 30X40CM",14.00,EXCLU,"prix < 80 € ; aucune image ; hors stock ; image placeholder",OK,,
10495,"12287 JR - QUADRO ABSTRATO SORT 2 50X70CM",27.00,EXCLU,"prix < 80 € ; aucune image ; hors stock ; image placeholder",OK,,
10496,"12288 JR - QUADRO ABSTRATO COR SORT 2 50X70CM",27.00,EXCLU,"prix < 80 € ; aucune image ; hors stock ; image placeholder",OK,,
10497,"12705 JR - ESPELHO ABSTRACTA DOURADO 106X50CM",46.00,EXCLU,"prix < 80 € ; aucune image ; hors stock ; image placeholder",OK,,
10498,"13205 JR - CONJUNTO 3 VASOS TERRA QUADRADOS SORTS 3 COR",21.00,EXCLU,"prix < 80 € ; aucune image ; hors stock ; image placeholder",OK,,
10499,"13864 JR - VASO PLANTA FOLHAS PONTA LARGA 150CM",77.00,EXCLU,"prix < 80 € ; aucune image ; hors stock ; image placeholder",OK,,
10500,"422 LEO JR - MUDA FRALDAS 70X47 CM PERFILADO, EM ESPUMA",46.00,EXCLU,"prix < 80 € ; aucune image ; hors stock ; image placeholder",OK,,
10501,"81460 JR - ESPELHO FORMA JANELA PRETO 90X90CM",87.00,EXCLU,"aucune image ; hors stock ; image placeholder",OK,,
10502,"81720 JR - VASO ORO VIDRO LISO DOURADO GRANDE CHAMPAGNE",32.00,EXCLU,"prix < 80 € ; aucune image ; hors stock ; image placeholder",OK,,
10503,"93875 JR - QUADRO MOLDURA DOURADA FOLHAS SORT 2 72 X 102",77.00,EXCLU,"prix < 80 € ; aucune image ; hors stock ; image placeholder",OK,,
10504,"93879 JR - QUADRO ONDAS MOLDURA NA COR NATURAL 62X62CM",46.00,EXCLU,"prix < 80 € ; aucune image ; hors stock ; image placeholder",OK,,
10505,"AGATHA JR - APARADOR DE 3 PORTAS",618.00,EXCLU,"aucune image ; hors stock ; image placeholder",OK,,
10506,"AGATHA JR - MESA DE CENTRO",279.00,EXCLU,"aucune image ; hors stock ; image placeholder",OK,,
10507,"AGATHA JR - MESA DE JANTAR EXTENSÍVEL",515.00,EXCLU,"aucune image ; hors stock ; image placeholder",OK,,
10508,"AGATHA JR - MÓVEL TV",492.00,EXCLU,"aucune image ; hors stock ; image placeholder",OK,,
10509,"ALBANE JR - ESTANTE MODULAR",346.00,EXCLU,"aucune image ; hors stock ; image placeholder",OK,,
10510,"ALBIN JR - APARADOR 2 PORTAS",661.00,EXCLU,"aucune image ; hors stock ; image placeholder",OK,,
10511,"ALBIN JR - APARADOR 4 PORTAS",870.00,EXCLU,"aucune image ; hors stock ; image placeholder",OK,,
10512,"ALBIN JR - CAMA 140X190/200, COM ESTRADO ELEVATÓRIO",1325.00,EXCLU,"aucune image ; hors stock ; image placeholder",OK,,
10513,"ALBIN JR - CAMA 160X200, COM ESTRADO ELEVATÓRIO",1369.00,EXCLU,"aucune image ; hors stock ; image placeholder",OK,,
10514,"ALBIN JR - CÓMODA DE 6 GAVETAS",1086.00,EXCLU,"aucune image ; hors stock ; image placeholder",OK,,
10515,"ALBIN JR - ESTANTE",761.00,EXCLU,"aucune image ; hors stock ; image placeholder",OK,,
10516,"ALBIN JR - MESA DE CABECEIRA",267.00,EXCLU,"aucune image ; hors stock ; image placeholder",OK,,
10517,"ALBIN JR - MESA DE JANTAR EXTENSÍVEL (EXTENSÃO BORBOLETA)",1166.00,EXCLU,"aucune image ; hors stock ; image placeholder",OK,,
10518,"ALBIN JR - MÓVEL TV 4 PORTAS",692.00,EXCLU,"aucune image ; hors stock ; image placeholder",OK,,
10519,"ALBIN JR - SECRETÁRIA",818.00,EXCLU,"aucune image ; hors stock ; image placeholder",OK,,
10520,"ALEX JR - APARADOR 4 PORTAS",891.00,EXCLU,"aucune image ; hors stock ; image placeholder",OK,,
10521,"ALEX JR - BIBLIOTECA/ ESTANTE",724.00,EXCLU,"aucune image ; hors stock ; image placeholder",OK,,
10522,"ALEX JR - MESA DE CENTRO",532.00,EXCLU,"aucune image ; hors stock ; image placeholder",OK,,
10523,"ALEX JR - MESA DE JANTAR EXTENSÍVEL RETANGULAR",997.00,EXCLU,"aucune image ; hors stock ; image placeholder",OK,,
10524,"ALEX JR - MÓVEL TV 3 PORTAS",665.00,EXCLU,"aucune image ; hors stock ; image placeholder",OK,,
10525,"ALICE JR - CONSOLA",435.00,EXCLU,"aucune image ; hors stock ; image placeholder",OK,,
10526,"ALICE JR - ESTANTE",695.00,EXCLU,"aucune image ; hors stock ; image placeholder",OK,,
10527,"ALICE JR - MESA DE APOIO",326.00,EXCLU,"aucune image ; hors stock ; image placeholder",OK,,
10528,"ALICE JR - MESA DE CENTRO",528.00,EXCLU,"aucune image ; hors stock ; image placeholder",OK,,
10529,"ALINE JR - CAMA 140X190/200, SEM ESTRADO",901.00,EXCLU,"aucune image ; hors stock ; image placeholder",OK,,
10530,"ALINE JR - CAMA 160X200, SEM ESTRADO",938.00,EXCLU,"aucune image ; hors stock ; image placeholder",OK,,
10531,"ALINE JR - MESA DE CABECEIRA",260.00,EXCLU,"aucune image ; hors stock ; image placeholder",OK,,
10532,"ALLORA JR - PUFE",392.00,EXCLU,"aucune image ; hors stock ; image placeholder",OK,,
10533,"ALLORA JR - SOFÁ",1651.00,EXCLU,"aucune image ; hors stock ; image placeholder",OK,,
10534,"ALMA JR - CAMA 140 X 190, SEM ESTRADO",1069.00,EXCLU,"aucune image ; hors stock ; image placeholder",OK,,
10535,"ALMA JR - CAMA 160 X 200, SEM ESTRADO",1083.00,EXCLU,"aucune image ; hors stock ; image placeholder",OK,,
10536,"ALMA JR - MESA DE CABECEIRA COM VIDRO",282.00,EXCLU,"aucune image ; hors stock ; image placeholder",OK,,
10537,"ALMOFADA SUN JR - ALMOFADA RISCAS (VERDE, VERMELHO, AMARELO, AZUL)",11.00,EXCLU,"prix < 80 € ; aucune image ; hors stock ; image placeholder",OK,,
10538,"ALVARO JR - CANDEEIRO PÉ ALVARO 05730/01/30",175.00,EXCLU,"aucune image ; hors stock ; image placeholder",OK,,
10539,"APOLLINE JR - APARADOR 3 PORTAS 3 GAVETAS",1186.00,EXCLU,"aucune image ; hors stock ; image placeholder",OK,,
10540,"APOLLINE JR - CAMA 140 X 190",585.00,EXCLU,"aucune image ; hors stock ; image placeholder",OK,,
10541,"APOLLINE JR - CAMA 160 X 200",665.00,EXCLU,"aucune image ; hors stock ; image placeholder",OK,,
10542,"APOLLINE JR - CAMA 90X200",505.00,EXCLU,"aucune image ; hors stock ; image placeholder",OK,,
10543,"APOLLINE JR - CÓMODA DE 3 GAVETAS",634.00,EXCLU,"aucune image ; hors stock ; image placeholder",OK,,
10544,"APOLLINE JR - MESA DE CABECEIRA",189.00,EXCLU,"aucune image ; hors stock ; image placeholder",OK,,
10545,"APOLLINE JR - MESA DE CENTRO",499.00,EXCLU,"aucune image ; hors stock ; image placeholder",OK,,
10546,"APOLLINE JR - MESA DE JANTAR COM EXTENSÃO",927.00,EXCLU,"aucune image ; hors stock ; image placeholder",OK,,
10547,"APOLLINE JR - MESA DE JANTAR REDONDA COM 2 EXTENSÕES",1176.00,EXCLU,"aucune image ; hors stock ; image placeholder",OK,,
10548,"APOLLINE JR - MÓVEL TV",446.00,EXCLU,"aucune image ; hors stock ; image placeholder",OK,,
10549,"APOLLINE JR - ROUPEIRO DE 2 PORTAS",1010.00,EXCLU,"aucune image ; hors stock ; image placeholder",OK,,
10550,"APOLLINE JR - ROUPEIRO DE 3 PORTAS, 2 GAVETAS",1744.00,EXCLU,"aucune image ; hors stock ; image placeholder",OK,,
10551,"APOLLINE JR - VITRINE",1405.00,EXCLU,"aucune image ; hors stock ; image placeholder",OK,,
10552,"AURENA 140 JR - CAMA ESTOFADA COM ESTRADO DE MADEIRA",894.00,EXCLU,"aucune image ; hors stock ; image placeholder",OK,,
10553,"AURENA 160 JR - CAMA ESTOFADA COM ESTRADO DE MADEIRA",959.00,EXCLU,"aucune image ; hors stock ; image placeholder",OK,,
10554,"AYANO JR - ARMÁRIO 1 PORTA E PRATELEIRAS",223.00,EXCLU,"aucune image ; hors stock ; image placeholder",OK,,
10555,"AYANO JR - ARMÁRIO 2 PORTAS",376.00,EXCLU,"aucune image ; hors stock ; image placeholder",OK,,
10556,"AYANO JR - CANTO MODULAR ABERTO",130.00,EXCLU,"aucune image ; hors stock ; image placeholder",OK,,
10557,"AYANO JR - UNIDADE MODULAR ABERTA",240.00,EXCLU,"aucune image ; hors stock ; image placeholder",OK,,
10558,"BIANCO JR - BIANCO SOFÁ COM FUNÇÃO CAMA",1612.00,EXCLU,"aucune image ; hors stock ; image placeholder",OK,,
10559,"CADEIRA BARI JR - CADEIRA DE EXTERIOR EM RATTAN",115.00,EXCLU,"aucune image ; hors stock ; image placeholder",OK,,
10560,"CADEIRA JR - F68/N",239.00,EXCLU,"aucune image ; hors stock ; image placeholder",OK,,
10561,"CADEIRA JR - FT68/N",238.00,EXCLU,"aucune image ; hors stock ; image placeholder",OK,,
10562,"CADEIRA JR - K545 ROTAÇÃO",197.00,EXCLU,"aucune image ; hors stock ; image placeholder",OK,,
10563,"CADEIRA JR - KT63",163.00,EXCLU,"aucune image ; hors stock ; image placeholder",OK,,
10564,"CADEIRA JR - KT66/N",202.00,EXCLU,"aucune image ; hors stock ; image placeholder",OK,,
10565,"CADEIRA JR - KT660/M1",214.00,EXCLU,"aucune image ; hors stock ; image placeholder",OK,,
10566,"CADEIRA JR - KT68/N",210.00,EXCLU,"aucune image ; hors stock ; image placeholder",OK,,
10567,"CADEIRA JR - MILANO 1S",433.00,EXCLU,"aucune image ; hors stock ; image placeholder",OK,,
10568,"CAMA PET JR - 12129 - CAMA PARA ANIMAL DE ESTIMAÇÃO",13.00,EXCLU,"prix < 80 € ; aucune image ; hors stock ; image placeholder",OK,,
10569,"CANCUN JR - PUFE BAÚ CANCUN 5905248110946",142.00,EXCLU,"aucune image ; hors stock ; image placeholder",OK,,
10570,"CASSIDY JR - CAMA 120X200 COM ESTRADO",774.00,EXCLU,"aucune image ; hors stock ; image placeholder",OK,,
10571,"CASSIDY JR - CAMA 140X200 COM ESTRADO",798.00,EXCLU,"aucune image ; hors stock ; image placeholder",OK,,
10572,"CASSIDY JR - CAMA 160X200 COM ESTRADO",835.00,EXCLU,"aucune image ; hors stock ; image placeholder",OK,,
10573,"CASSINA JR - MESA DE CABECEIRA",213.00,EXCLU,"aucune image ; hors stock ; image placeholder",OK,,
10574,"CIRILLA JR - MESA DE APOIO VERDE CIRILLA",43.00,EXCLU,"prix < 80 € ; aucune image ; hors stock ; image placeholder",OK,,
10575,"CLÁSSICO JR - JOGO DE LENÇÓIS 240X290; PARA CAMA 150/160X200",62.00,EXCLU,"prix < 80 € ; aucune image ; hors stock ; image placeholder",OK,,
10576,"COSBY JR - CANDEEIRO MESA COSBY 47503/81/31",37.00,EXCLU,"prix < 80 € ; aucune image ; hors stock ; image placeholder",OK,,
10577,"COTI JR - COTI 100 SOFÁ COM CHAISE E ASSENTO DESLIZANTE ELÉTRICO",2237.00,EXCLU,"aucune image ; hors stock ; image placeholder",OK,,
10578,"COTI JR - COTI 150 SOFÁ COM CHAISE E ASSENTO DESLIZANTE ELÉTRICO",2431.00,EXCLU,"aucune image ; hors stock ; image placeholder",OK,,
10579,"DIVISÓRIAS JR - FERRO",536.00,EXCLU,"aucune image ; hors stock ; image placeholder",OK,,
10580,"DIVISÓRIAS JR - LAMUS",512.00,EXCLU,"aucune image ; hors stock ; image placeholder",OK,,
10581,"DIVISÓRIAS JR - PENTA",369.00,EXCLU,"aucune image ; hors stock ; image placeholder",OK,,
10582,"DIVISÓRIAS JR - TRAZO",569.00,EXCLU,"aucune image ; hors stock ; image placeholder",OK,,
10583,"DODO BEAR JR - CANDEEIRO MESA DODO BEAR 71590/03/31",69.00,EXCLU,"prix < 80 € ; aucune image ; hors stock ; image placeholder",OK,,
10584,"EDREDÃO JR - 240X220 EDREDÃO MICROFIBRAS 200GR",55.00,EXCLU,"prix < 80 € ; aucune image ; hors stock ; image placeholder",OK,,
10585,"EDREDÃO JR - 240X220 EDREDÃO NÓRDICO 200GR",72.00,EXCLU,"prix < 80 € ; aucune image ; hors stock ; image placeholder",OK,,
10586,"ELIS JR - POLTRONA ELIS",1016.00,EXCLU,"aucune image ; hors stock ; image placeholder",OK,,
10587,"EMANDA JR - CANDEEIRO MESA EMANDA 19109-68 LED 10,5W",136.00,EXCLU,"aucune image ; hors stock ; image placeholder",OK,,
10588,"ESPREGUIÇADEIRA SUN JR - ESPREGUIÇADEIRA RISCAS (VERDE, VERMELHO, AMARELO, AZUL)",40.00,EXCLU,"prix < 80 € ; aucune image ; hors stock ; image placeholder",OK,,
10589,"ESSENCIAL JR - ALMOFADA 50X70 - ESSENCIAL",20.00,EXCLU,"prix < 80 € ; aucune image ; hors stock ; image placeholder",OK,,
10597,"EVORA 24ZRJU18 JR - ROUPEIRO COM 1 VARÃO E PRATELEIRA SUPERIOR",670.00,EXCLU,"aucune image ; hors stock ; image placeholder",OK,,
10598,"EVORA 24ZRJU22 JR - MESA DE CABECEIRA",290.00,EXCLU,"aucune image ; hors stock ; image placeholder",OK,,
10599,"EVORA 24ZRJU27 JR - CÓMODA 4G",482.00,EXCLU,"aucune image ; hors stock ; image placeholder",OK,,
10600,"EVORA 24ZRJU31 JR - CAMA 160X200",487.00,EXCLU,"aucune image ; hors stock ; image placeholder",OK,,
10601,"EVORA 24ZRJU32 JR - CAMA 180X200",498.00,EXCLU,"aucune image ; hors stock ; image placeholder",OK,,
10602,"EVORA JR - CAMA 140X200",462.00,EXCLU,"aucune image ; hors stock ; image placeholder",OK,,
10603,"EZO JR - CADEIRÃO EZO",682.00,EXCLU,"aucune image ; hors stock ; image placeholder",OK,,
10604,"FATIMA JR - FATIMA MESAS DE APOIO 5905248129504",112.00,EXCLU,"aucune image ; hors stock ; image placeholder",OK,,
10605,"FLORES JR - FLORES 5905248115910",240.00,EXCLU,"aucune image ; hors stock ; image placeholder",OK,,
10606,"FRIDA JR - MESA APOIO TRAVERTINO E NOGUEIRA",141.00,EXCLU,"aucune image ; hors stock ; image placeholder",OK,,
10607,"FRIDA JR - MESA DE JANTAR EXTENSÍVEL",702.00,EXCLU,"aucune image ; hors stock ; image placeholder",OK,,
10608,"GENESIS JR - MESA APOIO MÁRMORE, DOURADO E NOGUEIRA",245.00,EXCLU,"aucune image ; hors stock ; image placeholder",OK,,
10609,"GINA JR - CANDEEIRO MESA GINA 110100051 1XE27",92.00,EXCLU,"aucune image ; hors stock ; image placeholder",OK,,
10610,"GIRAFA LULU JR - MUDA FRALDAS 70X47 CM PERFILADO, EM ESPUMA",46.00,EXCLU,"prix < 80 € ; aucune image ; hors stock ; image placeholder",OK,,
10611,"GITTA JR - CANDEEIRO MESA GITTA 47500/81/17",32.00,EXCLU,"prix < 80 € ; aucune image ; hors stock ; image placeholder",OK,,
10612,"GUIDO JR - GUIDO CADEIRÃO",364.00,EXCLU,"aucune image ; hors stock ; image placeholder",OK,,
10613,"INDUSTRIAL JR - 5905248114555 BANCO BAR H/64 INDUSTRIAL",65.00,EXCLU,"prix < 80 € ; aucune image ; hors stock ; image placeholder",OK,,
10614,"JASPER JR - CANDEEIRO DE PÉ JASPER 65706/01/33 1XGU10",77.00,EXCLU,"prix < 80 € ; aucune image ; hors stock ; image placeholder",OK,,
10615,"K454 CADEIRA JR - K545 5905248132566 CADEIRA",197.00,EXCLU,"aucune image ; hors stock ; image placeholder",OK,,
10616,"KAROLINA JR - BERÇO 120X60",221.00,EXCLU,"aucune image ; hors stock ; image placeholder",OK,,
10617,"KAROLINA JR - CÓMODA 80CM 3G",365.00,EXCLU,"aucune image ; hors stock ; image placeholder",OK,,
10618,"KAROLINA JR - ROUPEIRO 2P2G",568.00,EXCLU,"aucune image ; hors stock ; image placeholder",OK,,
10619,"KOMPAKT JR - CONJUNTO EVOLUTIVO BERÇO+CÓMODA+GAVETÃO",838.00,EXCLU,"aucune image ; hors stock ; image placeholder",OK,,
10620,"LEAF, FLORES JR - CONJUNTO CAPA DE EDREDÃO E 2 FRONHAS 50X70",79.00,EXCLU,"prix < 80 € ; aucune image ; hors stock ; image placeholder",OK,,
10621,"LISO ROYAL JR - JOGO DE LENÇÓIS 240X290; PARA CAMA 150/160X200",50.00,EXCLU,"prix < 80 € ; aucune image ; hors stock ; image placeholder",OK,,
10622,"LIVORNO JR - LIVORNO 5905248140394 CONJUNTO DOBRÁVEL",149.00,EXCLU,"aucune image ; hors stock ; image placeholder",OK,,
10623,"LOOP JR - SOFÁ COM FUNÇÃO CAMA LOOP",1868.00,EXCLU,"aucune image ; hors stock ; image placeholder",OK,,
10624,"LUMI JR - LUMI PUFE COM TAMPA",105.00,EXCLU,"aucune image ; hors stock ; image placeholder",OK,,
10625,"LUMINESCENCE JR - APARADOR 4 PORTAS 4 GAVETAS",1379.00,EXCLU,"aucune image ; hors stock ; image placeholder",OK,,
10626,"LUMINESCENCE JR - CAMA 140X200",651.00,EXCLU,"aucune image ; hors stock ; image placeholder",OK,,
10627,"LUMINESCENCE JR - CAMA 160X200",741.00,EXCLU,"aucune image ; hors stock ; image placeholder",OK,,
10628,"LUMINESCENCE JR - CÓMODA DE 3 GAVETAS",784.00,EXCLU,"aucune image ; hors stock ; image placeholder",OK,,
10629,"LUMINESCENCE JR - EXTENSÃO DE TABELA (DOIS PCS)",236.00,EXCLU,"aucune image ; hors stock ; image placeholder",OK,,
10630,"LUMINESCENCE JR - MESA DE CABECEIRA, 1 GAVETA",196.00,EXCLU,"aucune image ; hors stock ; image placeholder",OK,,
10631,"LUMINESCENCE JR - MESA DE CENTRO",624.00,EXCLU,"aucune image ; hors stock ; image placeholder",OK,,
10632,"LUMINESCENCE JR - MESA DE JANTAR",1037.00,EXCLU,"aucune image ; hors stock ; image placeholder",OK,,
10633,"LUMINESCENCE JR - MÓVEL TV",631.00,EXCLU,"aucune image ; hors stock ; image placeholder",OK,,
10634,"LUMINESCENCE JR - ROUPEIRO 2 PORTAS",1339.00,EXCLU,"aucune image ; hors stock ; image placeholder",OK,,
10635,"LUMINESCENCE JR - SECRETÁRIA COM 1 GAVETA",447.00,EXCLU,"aucune image ; hors stock ; image placeholder",OK,,
10636,"MALOTO JR - CANDEEIRO MESA MALOTO 45586/20/62",104.00,EXCLU,"aucune image ; hors stock ; image placeholder",OK,,
10637,"MARMO BRANCO JR - CANDEEIRO MESA MARMO 47508/81/31 1XE14",30.00,EXCLU,"prix < 80 € ; aucune image ; hors stock ; image placeholder",OK,,
10638,"MARMO PRETO JR - CANDEEIRO MESA MARMO 47508/81/30 1XE14",30.00,EXCLU,"prix < 80 € ; aucune image ; hors stock ; image placeholder",OK,,
10639,"MATEO JR - CONSOLA EXTENSÍVEL - BRANCA DE ALTO BRILHO",558.00,EXCLU,"aucune image ; hors stock ; image placeholder",OK,,
10640,"MATEO JR - CONSOLA EXTENSÍVEL - SONOMA",558.00,EXCLU,"aucune image ; hors stock ; image placeholder",OK,,
10641,"MIKADO - RECARGA JR - LILIFLORA (7583) - RECARGA DO 7831",21.00,EXCLU,"prix < 80 € ; aucune image ; hors stock ; image placeholder",OK,,
10642,"MIKADO - RECARGA JR - MUSC COCOON (7772) - RECARGA DO 7877",21.00,EXCLU,"prix < 80 € ; aucune image ; hors stock ; image placeholder",OK,,
10643,"MIKADO - RECARGA JR - PETILLANCE EXQUISE (6281) - RECARGA DO 7878",21.00,EXCLU,"prix < 80 € ; aucune image ; hors stock ; image placeholder",OK,,
10644,"MIKADO - RECARGA JR - SPLENDEUR VANILLEE (7667) - RECARGA DO 7856",21.00,EXCLU,"prix < 80 € ; aucune image ; hors stock ; image placeholder",OK,,
10645,"MIKADO - RECARGA JR - ZESTE VERVEINE (6061) - RECARGA DO 7879",21.00,EXCLU,"prix < 80 € ; aucune image ; hors stock ; image placeholder",OK,,
10646,"MIKADO JR - MINERAL NOIR NUDE.NOIR (7856) - OCEANO",40.00,EXCLU,"prix < 80 € ; aucune image ; hors stock ; image placeholder",OK,,
10647,"MIKADO JR - MINERAL ROSE.NOIR (7831) - NOUVELLE VAGUE",40.00,EXCLU,"prix < 80 € ; aucune image ; hors stock ; image placeholder",OK,,
10648,"MIKADO JR - WOOD GRIS ROUGE.BOIS CLAIR (7878) - CAMPO",40.00,EXCLU,"prix < 80 € ; aucune image ; hors stock ; image placeholder",OK,,
10649,"MIKADO JR - WOOD NOIR GIVRE.NOIR (7877) - URBANO",40.00,EXCLU,"prix < 80 € ; aucune image ; hors stock ; image placeholder",OK,,
10650,"MIKADO JR - WOOD VERT PRUNE.BOIS (7879)",40.00,EXCLU,"prix < 80 € ; aucune image ; hors stock ; image placeholder",OK,,
10651,"NATURAL K502 JR - CADEIRA RATTAN",219.00,EXCLU,"aucune image ; hors stock ; image placeholder",OK,,
10652,"NESO JR - CANDEEIRO MESA 9624094 NESO LED E14 1X5W",121.00,EXCLU,"aucune image ; hors stock ; image placeholder",OK,,
10653,"NIGHTLIFE JR - TAPETE 115X170",86.00,EXCLU,"aucune image ; hors stock ; image placeholder",OK,,
10654,"NIGHTLIFE JR - TAPETE 160X230",142.00,EXCLU,"aucune image ; hors stock ; image placeholder",OK,,
10655,"ODEN JR - CADEIRA FODEN/ODEN 5905248125063",354.00,EXCLU,"aucune image ; hors stock ; image placeholder",OK,,
10656,"POLTRONA PUFE SUN JR - PUFE RISCAS (VERDE, VERMELHO, AMARELO, AZUL)",122.00,EXCLU,"aucune image ; hors stock ; image placeholder",OK,,
10657,"PRIMAVERA JR - JOGO DE LENÇÓIS 240X290; PARA CAMA 150/160X200",62.00,EXCLU,"prix < 80 € ; aucune image ; hors stock ; image placeholder",OK,,
10658,"RAMZI JR - CANDEEIRO MESA RAMZI 47506/81/36",40.00,EXCLU,"prix < 80 € ; aucune image ; hors stock ; image placeholder",OK,,
10659,"RETRO JR - CANDEEIRO PÉ RETRO 9050160 METAL/ABAJOUR PRETO",168.00,EXCLU,"aucune image ; hors stock ; image placeholder",OK,,
10660,"ROCCA JR - ROCCA 5905248126893 CONJUNTO JARDIM",1310.00,EXCLU,"aucune image ; hors stock ; image placeholder",OK,,
10661,"ROUNDY PUFE JR - PUFE REDONDO IMPERMEÁVEL D63",30.00,EXCLU,"prix < 80 € ; aucune image ; hors stock ; image placeholder",OK,,
10662,"ROY JR - CAND. PÉ LE ROY 9050165 BASE MADEIRA ABAJOUR BRANCO",219.00,EXCLU,"aucune image ; hors stock ; image placeholder",OK,,
10663,"SIEMON JR - CANDEEIRO MESA 45596/01/30 SIEMON",104.00,EXCLU,"aucune image ; hors stock ; image placeholder",OK,,
10664,"SIEMON JR - CANDEEIRO MESA SIEMON 45596/01/35",104.00,EXCLU,"aucune image ; hors stock ; image placeholder",OK,,
10665,"SIEMON JR - CANDEEIRO MESA SIEMON 45596/01/44 1XE14",104.00,EXCLU,"aucune image ; hors stock ; image placeholder",OK,,
10666,"SIEMON JR - CANDEEIRO PÉ SIEMON 45796/01/30 1XE27",274.00,EXCLU,"aucune image ; hors stock ; image placeholder",OK,,
10667,"SOFT MICRO JR - ALMOFADA 50X70 - SOFT MICRO",17.00,EXCLU,"prix < 80 € ; aucune image ; hors stock ; image placeholder",OK,,
10668,"SOLOMO JR - CAMA 160X200 COM ESTRADO",737.00,EXCLU,"aucune image ; hors stock ; image placeholder",OK,,
10669,"SWAY JR - CANDEEIRO MESA SWAY 9501235 LED E27 1X12W",106.00,EXCLU,"aucune image ; hors stock ; image placeholder",OK,,
10670,"TYRION JR - TYRION POLTRONA",330.00,EXCLU,"aucune image ; hors stock ; image placeholder",OK,,
10671,"VERA JR - CONSOLA EXTENSÍVEL - BRANCA DE ALTO BRILHO",668.00,EXCLU,"aucune image ; hors stock ; image placeholder",OK,,
10672,"VERA JR - CONSOLA EXTENSÍVEL - MELAMINA",668.00,EXCLU,"aucune image ; hors stock ; image placeholder",OK,,
10673,"VILGOT JR - APARADOR DE 3 PORTAS",860.00,EXCLU,"aucune image ; hors stock ; image placeholder",OK,,
10674,"VILGOT JR - EXTENSÃO PARA A MESA DE JANTAR DE 150 CM",103.00,EXCLU,"aucune image ; hors stock ; image placeholder",OK,,
10675,"VILGOT JR - EXTENSÃO PARA A MESA DE JANTAR DE 200 CM",113.00,EXCLU,"aucune image ; hors stock ; image placeholder",OK,,
10676,"VILGOT JR - MESA DE JANTAR 150 CM",941.00,EXCLU,"aucune image ; hors stock ; image placeholder",OK,,
10677,"VILGOT JR - MESA DE JANTAR 200 CM",1096.00,EXCLU,"aucune image ; hors stock ; image placeholder",OK,,
10678,"VILGOT JR - VITRINE 4 PORTAS",1150.00,EXCLU,"aucune image ; hors stock ; image placeholder",OK,,
10679,"VITAL JR - TAPETE 115X170",63.00,EXCLU,"prix < 80 € ; aucune image ; hors stock ; image placeholder",OK,,
10680,"VITAL JR - TAPETE 160X230",108.00,EXCLU,"aucune image ; hors stock ; image placeholder",OK,,
10681,"VITAL JR - TAPETE 200X300",153.00,EXCLU,"aucune image ; hors stock ; image placeholder",OK,,
10682,"VITAL JR - TAPETE 57X150",36.00,EXCLU,"prix < 80 € ; aucune image ; hors stock ; image placeholder",OK,,
10683,"WOODY JR - MESA DE CENTRO D80",380.00,EXCLU,"aucune image ; hors stock ; image placeholder",OK,,
10684,"0090CADR JR - 20 SLATS ESTRUTURA METÁLICACOLCHÃO 90X190CM",130.00,EXCLU,"aucune image ; hors stock ; image placeholder",OK,,
10685,"0090CAD2 JR - 20 SLATS ESTRUTURA METÁLICACOLCHÕES 90X200CM E 180X200CM",149.00,EXCLU,"aucune image ; hors stock ; image placeholder",OK,,
10686,"0120CADR JR -  SLATS 2X20ESTRUTURA METÁLICACOLCHÃO 120X190CM",191.00,EXCLU,"aucune image ; hors stock ; image placeholder",OK,,
10687,"0140CADR JR - LATAS 2X20 ESTRUTURA METÁLICA COLCHÃO 140X190CM",229.00,EXCLU,"aucune image ; hors stock ; image placeholder",OK,,
10688,"0140CAD2 JR - 2X20 SLATS ESTRUTURA METÁLICA COLCHÃO 140X200CM",232.00,EXCLU,"aucune image ; hors stock ; image placeholder",OK,,
10689,"0160CAD3 JR - 2X20 SLATS ESTRUTURA METÁLICA COLCHÃO 160X200CM",273.00,EXCLU,"aucune image ; hors stock ; image placeholder",OK,,
10690,"3402SOMM JR - ESTRUTURA METÁLICA ELEVADA PARA COLCHÃO 140X190CM",321.00,EXCLU,"aucune image ; hors stock ; image placeholder",OK,,
10691,"3402SOM2 JR - ESTRUTURA METÁLICA ELEVÁVEL PARA COLCHÃO DE 160X200CM",370.00,EXCLU,"aucune image ; hors stock ; image placeholder",OK,,
10692,"3301L120 JR - CAMA ADAPTADA PARA 120X190-200CM COM ESPAÇO DE ARRUMAÇÃO",287.00,EXCLU,"aucune image ; hors stock ; image placeholder",OK,,
10693,"2101LSUR JR - DORMITÓRIO DUPLO",1345.00,EXCLU,"aucune image ; hors stock ; image placeholder",OK,,
10694,"2336LISU JR - BELICHE 90X200CM",928.00,EXCLU,"aucune image ; hors stock ; image placeholder",OK,,
10695,"2145LSUR JR - CAMA ALTA COM BARRA DE BELEZA",1024.00,EXCLU,"aucune image ; hors stock ; image placeholder",OK,,
10696,"2104L290 JR - CAMA 90X200/190CM COM ARRUMAÇÃO",350.00,EXCLU,"aucune image ; hors stock ; image placeholder",OK,,
10697,"2498A2PT JR - ROUPEIRO DE 2 PORTAS",319.00,EXCLU,"aucune image ; hors stock ; image placeholder",OK,,
10698,"2498A3PX JR - ROUPEIRO DE 3 PORTAS",382.00,EXCLU,"aucune image ; hors stock ; image placeholder",OK,,
10699,"2498BURE JR - SECRETÁRIA",120.00,EXCLU,"aucune image ; hors stock ; image placeholder",OK,,
10700,"2498CH1T JR - MESA DE CABECEIRA",56.00,EXCLU,"prix < 80 € ; aucune image ; hors stock ; image placeholder",OK,,
10701,"2498CO3T JR - COFRE DE 3 GAVETAS",164.00,EXCLU,"aucune image ; hors stock ; image placeholder",OK,,
10702,"2498COMB JR - DORMINHOCACOLCHÃO 90X200CM",594.00,EXCLU,"aucune image ; hors stock ; image placeholder",OK,,
10703,"2498ENVI JR - UNIDADE SOBRE CAMA",159.00,EXCLU,"aucune image ; hors stock ; image placeholder",OK,,
10704,"2498LITM JR - CAMA COM DEGRAUS E GAVETACOLCHÃO 90X190CM",191.00,EXCLU,"aucune image ; hors stock ; image placeholder",OK,,
10705,"2498L2TM JR - CAMA COM DEGRAU E GAVETACOLCHÃO 90X200CM",193.00,EXCLU,"aucune image ; hors stock ; image placeholder",OK,,
10706,"2103LIBU JR - CAMA COM SECRETÁRIACONJUNTO REVERSÍVEL",447.00,EXCLU,"aucune image ; hors stock ; image placeholder",OK,,
10707,"3580LISU JR - BELICHE",640.00,EXCLU,"aucune image ; hors stock ; image placeholder",OK,,
10708,"3580TILI JR - GAVETA COM BELICHE",145.00,EXCLU,"aucune image ; hors stock ; image placeholder",OK,,
10709,"2311AR2P JR - ROUPEIRO DE 2 PORTAS",360.00,EXCLU,"aucune image ; hors stock ; image placeholder",OK,,
10710,"2311BURE JR - SECRETÁRIA",251.00,EXCLU,"aucune image ; hors stock ; image placeholder",OK,,
10711,"2311CHEV JR - MESA DE CABECEIRA",94.00,EXCLU,"aucune image ; hors stock ; image placeholder",OK,,
10712,"2311CO3T JR - ARCA DE 3 GAVETAS",210.00,EXCLU,"aucune image ; hors stock ; image placeholder",OK,,
10713,"2311L2TI JR - CAMA COM GAVETA FRONTALCOLCHÃO 90X200CM",248.00,EXCLU,"aucune image ; hors stock ; image placeholder",OK,,
10714,"2311T2CO JR - CONJUNTO DE 2 GAVETAS LATERAIS 200CM",181.00,EXCLU,"aucune image ; hors stock ; image placeholder",OK,,
10715,"2530COMB JR - DORMINHOCACOLCHÃO 90X200CM",722.00,EXCLU,"aucune image ; hors stock ; image placeholder",OK,,
10716,"2380LSUR JR - CAMA ALTACOLCHÃO 90X200CM.",928.00,EXCLU,"aucune image ; hors stock ; image placeholder",OK,,
10717,"2410LSU2 JR - SLEEPER ALTO 90X200CMSECRETÁRIA 133X66CMPRATELEIRAS E PLATAFORMA DE ARMAZENAMENTOROUPEIRO COM PORTA DE CORRER.",1152.00,EXCLU,"aucune image ; hors stock ; image placeholder",OK,,
10718,"2180LIBU JR - CAMA COM 2 GAVETAS E 1 SECRETÁRIANECESSITA DE ESTRUTURA COM RIPAS",319.00,EXCLU,"aucune image ; hors stock ; image placeholder",OK,,
10719,"2100COMB JR - DORMITÓRIO INTERMÉDIO",773.00,EXCLU,"aucune image ; hors stock ; image placeholder",OK,,
10720,"2309LITI JR - CAMA COM 2 GAVETAS E 1 SECRETÁRIACOLCHÃO 90X200CMAJUSTÁVEL PARA COLCHÃO 90X190NECESSITA DE ESTRUTURA COM RIPAS",370.00,EXCLU,"aucune image ; hors stock ; image placeholder",OK,,
10721,"2389LITI JR - CAMA COM 2 GAVETAS E 1 SECRETÁRIACOLCHÃO 90X200CMAJUSTÁVEL PARA COLCHÃO 90X190NECESSITA DE ESTRUTURA COM RIPAS",396.00,EXCLU,"aucune image ; hors stock ; image placeholder",OK,,
10722,"2412LSUR JR - CABINE DE CAMA ALTA COM ARRUMAÇÃO",992.00,EXCLU,"aucune image ; hors stock ; image placeholder",OK,,
10723,"2038L2TI JR - CAMA COM 2 GAVETASCOLCHÃO 90X200CM",169.00,EXCLU,"aucune image ; hors stock ; image placeholder",OK,,
10724,"2078L2TI JR - CAMA COM 2 GAVETASCOLCHÃO 90X200CM",178.00,EXCLU,"aucune image ; hors stock ; image placeholder",OK,,
10725,"2143LISU JR - BELICHE COM SECRETÁRIA E PRATELEIRAS",831.00,EXCLU,"aucune image ; hors stock ; image placeholder",OK,,
10726,"2368LSUR JR - DORMITÓRIO ALTOPRATELEIRAS DE SECRETÁRIA E CAMA DE JOGOS DE ARRUMAÇÃO.",928.00,EXCLU,"aucune image ; hors stock ; image placeholder",OK,,
10727,"2150LI90 JR - CAMA COLCHÃO 90X190CM",116.00,EXCLU,"aucune image ; hors stock ; image placeholder",OK,,
10728,"2150L290 JR - CAMA COLCHÃO 90X200CM",120.00,EXCLU,"aucune image ; hors stock ; image placeholder",OK,,
10729,"2150AR2P JR - ROUPEIRO DE 2 PORTAS",287.00,EXCLU,"aucune image ; hors stock ; image placeholder",OK,,
10730,"2150CH1T JR - MESA DE CABECEIRA",49.00,EXCLU,"prix < 80 € ; aucune image ; hors stock ; image placeholder",OK,,
10731,"2150CO3T JR - PEITO DE 3 GAVETAS",159.00,EXCLU,"aucune image ; hors stock ; image placeholder",OK,,
10732,"2150BU1P JR - SECRETÁRIA",120.00,EXCLU,"aucune image ; hors stock ; image placeholder",OK,,
10733,"2150COMB JR - DORMIDOR",512.00,EXCLU,"aucune image ; hors stock ; image placeholder",OK,,
10734,"2270COMB JR - DORMINHOCACOLCHÃO 90X200CM.",543.00,EXCLU,"aucune image ; hors stock ; image placeholder",OK,,
10735,"2335LISU JR - BELICHE 90X200 COM NICHOS COMO MESA DE CABECEIRA",640.00,EXCLU,"aucune image ; hors stock ; image placeholder",OK,,
10736,"2332TILI JR - GAVETA DA CAMAUM COLCHÃO DE 90X190CM CABE LÁ DENTRO",155.00,EXCLU,"aucune image ; hors stock ; image placeholder",OK,,
10737,"2335LI90 JR - 90X190CM CAMA",113.00,EXCLU,"aucune image ; hors stock ; image placeholder",OK,,
10738,"2335ENVH JR - CABECEIRA ALTA",215.00,EXCLU,"aucune image ; hors stock ; image placeholder",OK,,
10739,"2335ENVB JR - CABECEIRA BAIXA",140.00,EXCLU,"aucune image ; hors stock ; image placeholder",OK,,
10740,"2335BURE JR - SECRETÁRIA",94.00,EXCLU,"aucune image ; hors stock ; image placeholder",OK,,
10741,"2335TIRO JR - CONJUNTO DE 2 GAVETAS",94.00,EXCLU,"aucune image ; hors stock ; image placeholder",OK,,
10742,"2400COM2 JR - DORMITÓRIO",531.00,EXCLU,"aucune image ; hors stock ; image placeholder",OK,,
10743,"2400LISU JR - BELICHECOLCHÃO 90X200CM",640.00,EXCLU,"aucune image ; hors stock ; image placeholder",OK,,
10744,"2400TIR2 JR - GAVETA DE BELICHES",68.00,EXCLU,"prix < 80 € ; aucune image ; hors stock ; image placeholder",OK,,
10745,"2400LSUR JR - DORMITÓRIO ALTO",722.00,EXCLU,"aucune image ; hors stock ; image placeholder",OK,,
10746,"2401A2PT JR - ROUPEIRO DE 2 PORTAS",350.00,EXCLU,"aucune image ; hors stock ; image placeholder",OK,,
10747,"2401CO2T JR - PEITO DE 2 GAVETAS",164.00,EXCLU,"aucune image ; hors stock ; image placeholder",OK,,
10748,"2401CH1P JR - MESA DE CABECEIRA",56.00,EXCLU,"prix < 80 € ; aucune image ; hors stock ; image placeholder",OK,,
10749,"2401TIRO JR - CONJUNTO DE 2 GAVETAS DE CAMA",85.00,EXCLU,"aucune image ; hors stock ; image placeholder",OK,,
10750,"2401ENVI JR - UNIDADE DE CABECEIRA SOBRE CAMA OU SECRETÁRIA",328.00,EXCLU,"aucune image ; hors stock ; image placeholder",OK,,
10751,"2339L290 JR - CAMA COM PRATELEIRAS SUPERIORESCOLCHÃO 90X200CMAJUSTÁVEL A 90X190CMNECESSITA DE ESTRUTURA COM RIPAS",271.00,EXCLU,"aucune image ; hors stock ; image placeholder",OK,,
10752,"2339TIRO JR - CONJUNTO DE 2 GAVETAS",140.00,EXCLU,"aucune image ; hors stock ; image placeholder",OK,,
10753,"2338TIRO JR - CONJUNTO DE 2 GAVETAS",136.00,EXCLU,"aucune image ; hors stock ; image placeholder",OK,,
10754,"2223A2PR JR - ROUPEIRO DE 2 PORTAS",319.00,EXCLU,"aucune image ; hors stock ; image placeholder",OK,,
10755,"2223BURE JR - SECRETÁRIA",164.00,EXCLU,"aucune image ; hors stock ; image placeholder",OK,,
10756,"2223CH1T JR - MESA DE CABECEIRA",56.00,EXCLU,"prix < 80 € ; aucune image ; hors stock ; image placeholder",OK,,
10757,"2223CO3T JR - TORDO DE 3 GAVETAS",178.00,EXCLU,"aucune image ; hors stock ; image placeholder",OK,,
10758,"2223L2TI JR - CAMA COM GAVETASCOLCHÃO 90X200CM",302.00,EXCLU,"aucune image ; hors stock ; image placeholder",OK,,
10759,"2320LISU JR - BELICHE COLCHÃO 90X200CM",640.00,EXCLU,"aucune image ; hors stock ; image placeholder",OK,,
10760,"2360COMB JR - DORMINHOCACOLCHÃO 90X200CM.",831.00,EXCLU,"aucune image ; hors stock ; image placeholder",OK,,
10761,"3071L140 JR - CAMA COLCHÃO 140X190CM",145.00,EXCLU,"aucune image ; hors stock ; image placeholder",OK,,
10762,"3130ENVI JR - CABECEIRA",819.00,EXCLU,"aucune image ; hors stock ; image placeholder",OK,,
10763,"3130LICO JR - CAMA DE ARRUMAÇÃO 140X190CM",222.00,EXCLU,"aucune image ; hors stock ; image placeholder",OK,,
10764,"3402SOMM JR - ESTRUTURA METÁLICA ELEVADA PARA COLCHÃO 140X190CM",321.00,EXCLU,"aucune image ; hors stock ; image placeholder",OK,,
10765,"3130L140 JR - CAMA COLCHÃO 140X190CM",184.00,EXCLU,"aucune image ; hors stock ; image placeholder",OK,,
10766,"3130L260 JR - CAMA COLCHÃO 160X200CM",193.00,EXCLU,"aucune image ; hors stock ; image placeholder",OK,,
10767,"3130TIRO JR - CONJUNTO DE 2 GAVETAS",107.00,EXCLU,"aucune image ; hors stock ; image placeholder",OK,,
10768,"3230ENVI JR - CABECEIRA",831.00,EXCLU,"aucune image ; hors stock ; image placeholder",OK,,
10769,"3230TIRO JR - CONJUNTO DE 2 GAVETAS",107.00,EXCLU,"aucune image ; hors stock ; image placeholder",OK,,
10770,"3132ENVI JR - CABECEIRA",831.00,EXCLU,"aucune image ; hors stock ; image placeholder",OK,,
10771,"3132TIRO JR - CONJUNTO DE 2 GAVETAS",107.00,EXCLU,"aucune image ; hors stock ; image placeholder",OK,,
10772,"3982L140 JR - CAMA COLCHÃO 140X190CM",140.00,EXCLU,"aucune image ; hors stock ; image placeholder",OK,,
10773,"3982L260 JR - CAMA COLCHÃO 160X200CM",169.00,EXCLU,"aucune image ; hors stock ; image placeholder",OK,,
10774,"3982TIRO JR - CONJUNTO DE 2 GAVETAS",87.00,EXCLU,"aucune image ; hors stock ; image placeholder",OK,,
10775,"3982CH1T JR - MESA DE CABECEIRA COM 1 GAVETA",56.00,EXCLU,"prix < 80 € ; aucune image ; hors stock ; image placeholder",OK,,
10776,"3982ENVI JR - CABECEIRA",396.00,EXCLU,"aucune image ; hors stock ; image placeholder",OK,,
10777,"3982A3PM JR - ROUPEIRO DE 3 PORTAS",447.00,EXCLU,"aucune image ; hors stock ; image placeholder",OK,,
10778,"3350L240 JR - 140X200CM CAMA ADAPTÁVEL EM 190CM COM CABECEIRA DE TECIDO",399.00,EXCLU,"aucune image ; hors stock ; image placeholder",OK,,
10779,"3350L260 JR - 160X200CM CAMA COM CABECEIRA DE TECIDO",434.00,EXCLU,"aucune image ; hors stock ; image placeholder",OK,,
10780,"3350T2RO JR - CONJUNTO DE 2 GAVETAS",111.00,EXCLU,"aucune image ; hors stock ; image placeholder",OK,,
10781,"3350CHES JR - 2 MESAS DE CABECEIRA SUSPENSAS",242.00,EXCLU,"aucune image ; hors stock ; image placeholder",OK,,
10782,"3350CO6T JR - CÔMODA DE 6 GAVETAS",287.00,EXCLU,"aucune image ; hors stock ; image placeholder",OK,,
10783,"3350A4PT JR - ROUPEIRO DE 4 PORTAS COM ESPELHO INTERIOR",688.00,EXCLU,"aucune image ; hors stock ; image placeholder",OK,,
10784,"3299L240 JR - CENTE 140X200 ADAPTÁVEL 190CM, CABECEIRA COM 4 PRATELEIRAS, COM GRANDE GAVETA DE ARRUMAÇÃO",297.00,EXCLU,"aucune image ; hors stock ; image placeholder",OK,,
10785,"3783L140 JR - CAMA DE ARRUMAÇÃOCOLCHÃO 140X190CM",287.00,EXCLU,"aucune image ; hors stock ; image placeholder",OK,,
10786,"3785L140 JR - CAMA DE ARRECADAÇÃOCOLCHÃO 140X190CM",287.00,EXCLU,"aucune image ; hors stock ; image placeholder",OK,,
10787,"3402L140 JR - ESTRUTURA DE CAMA 140 COM RECARGA PARA BASE DE RIPAS LEVANTÁVEL E ADAPTÁVEL A BASES DE RIPAS NÃO REMOVÍVEIS",191.00,EXCLU,"aucune image ; hors stock ; image placeholder",OK,,
10788,"3402SOMM JR - ESTRUTURA METÁLICA ELEVADA PARA COLCHÃO 140X190CM",321.00,EXCLU,"aucune image ; hors stock ; image placeholder",OK,,
10789,"3402TIRO JR - KIT DE 2 GAVETAS PARA CAMA DE 140CM",133.00,EXCLU,"aucune image ; hors stock ; image placeholder",OK,,
10790,"3402L260 JR - ESTRUTURA DE CAMA 160 COM RECARGA PARA BASE DE RIPAS LEVANTÁVEIS E ADAPTÁVEL A BASES DE RIPAS NÃO REMOVÍVEIS",242.00,EXCLU,"aucune image ; hors stock ; image placeholder",OK,,
10791,"3402SOM2 JR - ESTRUTURA METÁLICA ELEVÁVEL PARA COLCHÃO DE 160X200CM",370.00,EXCLU,"aucune image ; hors stock ; image placeholder",OK,,
10792,"3402T2RO JR - KIT DE 2 GAVETAS PARA CAMA DE 160CM",142.00,EXCLU,"aucune image ; hors stock ; image placeholder",OK,,
10793,"1530L240 JR - CAMA DE ARRUMAÇÃO COM 3 GAVETASPODE SER ADAPTADO A COLCHÕES DE 140X190CME COLCHÃO DE 140X200CM",382.00,EXCLU,"aucune image ; hors stock ; image placeholder",OK,,
10794,"1530L260 JR - CAMA DE ARRUMAÇÃO COM 3 GACETASCOLCHÃO 160X200CM(0082SABO INCLUÍDO)",418.00,EXCLU,"aucune image ; hors stock ; image placeholder",OK,,
10795,"1630L240 JR - CAMA DE ARRUMAÇÃO COM 3 GAVETASPODE SER ADAPTADO A COLCHÕES DE 140X190CME COLCHÃO DE 140X200CM",418.00,EXCLU,"aucune image ; hors stock ; image placeholder",OK,,
10796,"1630L260 JR - CAMA DE ARRUMAÇÃO COM 3 GAVETASCOLCHÃO 160X200CM(0082SABO INCLUÍDO)",459.00,EXCLU,"aucune image ; hors stock ; image placeholder",OK,,
10797,"1730L240 JR - CAMA DE ARRUMAÇÃO COM 3 GAVETASPODE SER ADAPTADO A COLCHÕES DE 140X190CME COLCHÃO DE 140X200CM",401.00,EXCLU,"aucune image ; hors stock ; image placeholder",OK,,
10798,"2038L24T JR - CAMA COM 2 GAVETASCOLCHÃO 140X200CM",191.00,EXCLU,"aucune image ; hors stock ; image placeholder",OK,,
10799,"2038L14T JR - CAMA COM 2 GAVETASCOLCHÃO 140X190CM",186.00,EXCLU,"aucune image ; hors stock ; image placeholder",OK,,
10800,"2078L14T JR - CAMA COM 2 GAVETASCOLCHÃO 140X190CM",203.00,EXCLU,"aucune image ; hors stock ; image placeholder",OK,,
10801,"3320L260 JR - CAMA 160X200CM COM CABECEIRA DE TECIDO",430.00,EXCLU,"aucune image ; hors stock ; image placeholder",OK,,
10802,"3320L140 JR - CAMA 140X190CM COM CABECEIRA DE TECIDO",389.00,EXCLU,"aucune image ; hors stock ; image placeholder",OK,,
10803,"3320CHES JR - 2 MESAS DE CABECEIRA SUSPENSAS COM TECIDO",273.00,EXCLU,"aucune image ; hors stock ; image placeholder",OK,,
10804,"3320TIRO JR - GAVETA",82.00,EXCLU,"aucune image ; hors stock ; image placeholder",OK,,
10805,"3023L140 JR - CAMA COLCHÃO 140X190CM",142.00,EXCLU,"aucune image ; hors stock ; image placeholder",OK,,
10806,"3199TETE JR - CABECEIRA COM MESAS DE CABECEIRA INTEGRADAS",430.00,EXCLU,"aucune image ; hors stock ; image placeholder",OK,,
10807,"3198TETE JR - CABECEIRA COM MESAS DE CABECEIRA INTEGRADAS",437.00,EXCLU,"aucune image ; hors stock ; image placeholder",OK,,
10808,"3121LICO JR - ESTRUTURA DA CAMA 140X190CM COM ESPAÇO DE ARRUMAÇÃO SEM RIPAS",215.00,EXCLU,"aucune image ; hors stock ; image placeholder",OK,,
10809,"3121L2CO JR - ESTRUTURA DA CAMA 160X200CM COM ESPAÇO DE ARRUMAÇÃO SEM RIPAS",242.00,EXCLU,"aucune image ; hors stock ; image placeholder",OK,,
10810,"1542LICO JR - CAMA ADAPTADA PARA COLCHÕES DE 140X190CM E 140X200CM+ ESPAÇO DE ARMAZENAMENTO + RIPAS COM ESTRUTURA METÁLICA",928.00,EXCLU,"aucune image ; hors stock ; image placeholder",OK,,
10811,"1540LICO JR - CAMA ADAPTADA PARA COLCHÕES 140X190CM E 140X200CM+ ESPAÇO DE ARMAZENAMENTO + RIPAS COM ESTRUTURA METÁLICA.",1056.00,EXCLU,"aucune image ; hors stock ; image placeholder",OK,,
10812,"0302EN4P JR - APARADOR DE 4 PORTAS",264.00,EXCLU,"aucune image ; hors stock ; image placeholder",OK,,
10813,"0302EN3P JR - APARADOR DE 3 PORTAS",169.00,EXCLU,"aucune image ; hors stock ; image placeholder",OK,,
10814,"0302ENFI JR - APARADOR DE 3 PORTAS",191.00,EXCLU,"aucune image ; hors stock ; image placeholder",OK,,
10815,"0302EN2P JR - APARADOR DE 2 PORTAS",126.00,EXCLU,"aucune image ; hors stock ; image placeholder",OK,,
10816,"0302BATV JR - UNIDADE DE TV COM PORTA E PORTA DE CORRER",142.00,EXCLU,"aucune image ; hors stock ; image placeholder",OK,,
10817,"0302PATV JR - UNIDADE DE PAREDE DE TV",271.00,EXCLU,"aucune image ; hors stock ; image placeholder",OK,,
10818,"0312EN4P JR - APARADOR DE 4 PORTAS",271.00,EXCLU,"aucune image ; hors stock ; image placeholder",OK,,
10819,"0312EN3P JR - APARADOR DE 3 PORTAS",174.00,EXCLU,"aucune image ; hors stock ; image placeholder",OK,,
10820,"0312ENFI JR - APARADOR DE 3 PORTAS",196.00,EXCLU,"aucune image ; hors stock ; image placeholder",OK,,
10821,"0312EN2P JR - APARADOR DE 2 PORTAS",133.00,EXCLU,"aucune image ; hors stock ; image placeholder",OK,,
10822,"0312BATV JR - UNIDADE DE TV COM PORTA E PORTA DESLIZANTE",152.00,EXCLU,"aucune image ; hors stock ; image placeholder",OK,,
10823,"0312PATV JR - UNIDADE DE PAREDE DE TV",280.00,EXCLU,"aucune image ; hors stock ; image placeholder",OK,,
10824,"9432BATV JR - UNIDADE DE TV",159.00,EXCLU,"aucune image ; hors stock ; image placeholder",OK,,
10825,"9432TABA JR - MESA DE CENTRO",178.00,EXCLU,"aucune image ; hors stock ; image placeholder",OK,,
10826,"0400EN3P JR - APARADOR DE 3 PORTAS",229.00,EXCLU,"aucune image ; hors stock ; image placeholder",OK,,
10827,"0400BAHU JR - ARMÁRIO COM 2 PORTAS",203.00,EXCLU,"aucune image ; hors stock ; image placeholder",OK,,
10828,"0400BATV JR - UNIDADE DE TV COM 2 PORTAS E GAVETA",181.00,EXCLU,"aucune image ; hors stock ; image placeholder",OK,,
10829,"0400TABA JR - MESA DE CENTRO LEVANTÁVEL",200.00,EXCLU,"aucune image ; hors stock ; image placeholder",OK,,
10830,"0400TARE JR - MESA DE 160CM",239.00,EXCLU,"aucune image ; hors stock ; image placeholder",OK,,
10831,"0202EN4P JR - APARADOR DE 4 PORTAS COM NICHO E LEDS",408.00,EXCLU,"aucune image ; hors stock ; image placeholder",OK,,
10832,"0202TARE JR - TABELA COM EXTENSÃO",389.00,EXCLU,"aucune image ; hors stock ; image placeholder",OK,,
10833,"0202BATV JR - UNIDADE DE TV DE 2 PORTAS E GAVETA",271.00,EXCLU,"aucune image ; hors stock ; image placeholder",OK,,
10834,"0202TABA JR - MESA DE CENTRO LEVANTÁVEL",210.00,EXCLU,"aucune image ; hors stock ; image placeholder",OK,,
10835,"8430BUTV JR - UNIDADE TV",319.00,EXCLU,"aucune image ; hors stock ; image placeholder",OK,,
10836,"8439BUTV JR - UNIDADE DE TV",319.00,EXCLU,"aucune image ; hors stock ; image placeholder",OK,,
10837,"8431BUTV JR - UNIDADE TV COM PEGAS A PRETO E BRANCO",273.00,EXCLU,"aucune image ; hors stock ; image placeholder",OK,,
10838,"8432BUTV JR - UNIDADE TV COM PEGAS A PRETO E BRANCO",271.00,EXCLU,"aucune image ; hors stock ; image placeholder",OK,,
10839,"8436BUTV JR - UNIDADE TV COM PEGAS A PRETO E BRANCO",273.00,EXCLU,"aucune image ; hors stock ; image placeholder",OK,,
10840,"8430REHA JR - EXTENSÃO",111.00,EXCLU,"aucune image ; hors stock ; image placeholder",OK,,
10841,"8460REHA JR - 2 EXTENSÃO NICHES",87.00,EXCLU,"aucune image ; hors stock ; image placeholder",OK,,
10842,"9302BATV JR - UNIDADE DE TV",123.00,EXCLU,"aucune image ; hors stock ; image placeholder",OK,,
10843,"9312BATV JR - UNIDADE DE TV",130.00,EXCLU,"aucune image ; hors stock ; image placeholder",OK,,
10844,"0896ENFI JR - APARADOR DE 4 PORTAS",360.00,EXCLU,"aucune image ; hors stock ; image placeholder",OK,,
10845,"0896TARE JR - TABELA COM EXTENSÃO",355.00,EXCLU,"aucune image ; hors stock ; image placeholder",OK,,
10846,"0896BAHU JR - ARMÁRIO DE 3 PORTAS",287.00,EXCLU,"aucune image ; hors stock ; image placeholder",OK,,
10847,"0896BATV JR - UNIDADE DE TV",206.00,EXCLU,"aucune image ; hors stock ; image placeholder",OK,,
10848,"0896TABA JR - TABELA BASE DE ANINHAMENTO",123.00,EXCLU,"aucune image ; hors stock ; image placeholder",OK,,
10849,"6510A2PT JR - ROUPEIRO 2 PORTAS 2 GACETAS",287.00,EXCLU,"aucune image ; hors stock ; image placeholder",OK,,
10850,"6521A2PT JR - ROUPEIRO 2 PORTAS 2 GACETAS",287.00,EXCLU,"aucune image ; hors stock ; image placeholder",OK,,
10851,"6510A2PM JR - ROUPEIRO 2 PORTAS 2 GAVETASCOM ESPELHO",321.00,EXCLU,"aucune image ; hors stock ; image placeholder",OK,,
10852,"6521A2PM JR - ROUPEIRO 2 PORTAS 2 GACETASCOM ESPELHO",321.00,EXCLU,"aucune image ; hors stock ; image placeholder",OK,,
10853,"6510A3PT JR - ROUPEIRO 3 PORTAS 2 GACETAS",338.00,EXCLU,"aucune image ; hors stock ; image placeholder",OK,,
10854,"6521A3PT JR - ROUPEIRO 3 PORTAS 2 GAVETAS",338.00,EXCLU,"aucune image ; hors stock ; image placeholder",OK,,
10855,"6510A3PM JR - ROUPEIRO 3 PORTAS 2 GAVETASCOM ESPELHO",377.00,EXCLU,"aucune image ; hors stock ; image placeholder",OK,,
10856,"6521A3PM JR - ROUPEIRO 3 PORTAS 2 GAVETASCOM ESPELHO",377.00,EXCLU,"aucune image ; hors stock ; image placeholder",OK,,
10857,"6531A3PM JR - ROUPEIRO 3 PORTAS 2 GAVETAS COM ESPELHO",399.00,EXCLU,"aucune image ; hors stock ; image placeholder",OK,,
10858,"6510A4PT JR - ROUPEIRO 4 PORTAS 2 GAVETAS",456.00,EXCLU,"aucune image ; hors stock ; image placeholder",OK,,
10859,"6521A4PT JR - ROUPEIRO 4 PORTAS 2 GAVETAS",456.00,EXCLU,"aucune image ; hors stock ; image placeholder",OK,,
10860,"6510A4PM JR - ROUPEIRO 4 PORTAS 2 GAVETAS COM ESPELHO",527.00,EXCLU,"aucune image ; hors stock ; image placeholder",OK,,
10861,"6521A4PM JR - ROUPEIRO 4 PORTAS 2 GACETAS COM ESPELHO",527.00,EXCLU,"aucune image ; hors stock ; image placeholder",OK,,
10862,"6531A4PM JR - ROUPEIRO 4 PORTAS 2 GAVETAS COM ESPELHO",556.00,EXCLU,"aucune image ; hors stock ; image placeholder",OK,,
10863,"6561A2PM JR - ROUPEIRO 2 PORTAS 2 GACETASCOM ESPELHO",321.00,EXCLU,"aucune image ; hors stock ; image placeholder",OK,,
10864,"6561A3PM JR - ROUPEIRO 3 PORTAS 2 GAVETASCOM ESPELHO",377.00,EXCLU,"aucune image ; hors stock ; image placeholder",OK,,
10865,"6561A4PM JR - ROUPEIRO 3 PORTAS 2 GACETAS COM ESPELHO",527.00,EXCLU,"aucune image ; hors stock ; image placeholder",OK,,
10866,"7627VEST JR - UNIDADE DE ENTRADA COM 2 COMPARTIMENTOS",287.00,EXCLU,"aucune image ; hors stock ; image placeholder",OK,,
10867,"5366A6PT JR - GUARDA-ROUPA DE 6 PORTAS E 3 GAVETAS",512.00,EXCLU,"aucune image ; hors stock ; image placeholder",OK,,
10868,"7628VEST JR - UNIDADE DO ÁTRIO DE ENTRADA",319.00,EXCLU,"aucune image ; hors stock ; image placeholder",OK,,
10869,"6482A3PT JR - ROUPEIRO DE 3 PORTAS E 2 GAVETAS, COM 1 ESPELHO E PUXADORES EM PELE",498.00,EXCLU,"aucune image ; hors stock ; image placeholder",OK,,
10870,"6492A3PT JR - ROUPEIRO DE 3 PORTAS E 2 GAVETAS, COM 1 ESPELHO E PUXADORES EM PELE",531.00,EXCLU,"aucune image ; hors stock ; image placeholder",OK,,
10871,"6580A2PT JR - ROUPEIRO DE 2 PORTAS E 1 GAVETA",232.00,EXCLU,"aucune image ; hors stock ; image placeholder",OK,,
10872,"0410BIBL JR - ESTANTE",181.00,EXCLU,"aucune image ; hors stock ; image placeholder",OK,,
10873,"0410BIBU JR - ESTANTE ESTREITA E BAIXA",94.00,EXCLU,"aucune image ; hors stock ; image placeholder",OK,,
10874,"0410EN3P JR - APARADOR DE 3 PORTAS",200.00,EXCLU,"aucune image ; hors stock ; image placeholder",OK,,
10875,"0410EN2P JR - APARADOR DE 2 PORTAS",142.00,EXCLU,"aucune image ; hors stock ; image placeholder",OK,,
10876,"6800RP15 JR - 2 PORTAS DESLIZANTES 150CM GUARDA-ROUPA",502.00,EXCLU,"aucune image ; hors stock ; image placeholder",OK,,
10877,"6800RM15 JR - 2 PORTAS DESLIZANTES 150CM GUARDA-ROUPA COM MIROR",575.00,EXCLU,"aucune image ; hors stock ; image placeholder",OK,,
10878,"6801RP15 JR - 2 PORTAS DESLIZANTES 150CM GUARDA-ROUPA",512.00,EXCLU,"aucune image ; hors stock ; image placeholder",OK,,
10879,"6801RM15 JR - 2 PORTAS DESLIZANTES 150CM GUARDA-ROUPA COM MIROR",585.00,EXCLU,"aucune image ; hors stock ; image placeholder",OK,,
10880,"6800MM15 JR - 2 PORTAS DE CORRER ROUPEIRO 150CM COM 2 ESPELHOS",645.00,EXCLU,"aucune image ; hors stock ; image placeholder",OK,,
10881,"6801MM15 JR - 2 PORTAS DE CORRER ROUPEIRO 150CM COM 2 ESPELHOS",645.00,EXCLU,"aucune image ; hors stock ; image placeholder",OK,,
10882,"6800RP18 JR - 2 PORTAS DESLIZANTES 180CM GUARDA-ROUPA",543.00,EXCLU,"aucune image ; hors stock ; image placeholder",OK,,
10883,"6800RM18 JR - 2 PORTAS DESLIZANTES 180CM GUARDA-ROUPA COM MIROR",659.00,EXCLU,"aucune image ; hors stock ; image placeholder",OK,,
10884,"6801RP18 JR - 2 PORTAS DESLIZANTES 180CM GUARDA-ROUPA",568.00,EXCLU,"aucune image ; hors stock ; image placeholder",OK,,
10885,"6801RM18 JR - 2 PORTAS DESLIZANTES 180CM GUARDA-ROUPA COM MIROR",669.00,EXCLU,"aucune image ; hors stock ; image placeholder",OK,,
10886,"6800MM18 JR - 2 PORTAS DE CORRER ROUPEIRO 180CM COM 2 ESPELHOS",751.00,EXCLU,"aucune image ; hors stock ; image placeholder",OK,,
10887,"6801MM18 JR - 2 PORTAS DESLIZANTES ROUPEIRO 180CM COM 2 ESPELHOS",751.00,EXCLU,"aucune image ; hors stock ; image placeholder",OK,,
10888,"6802CA3T JR - KIT DE 3 GAVETAS",97.00,EXCLU,"aucune image ; hors stock ; image placeholder",OK,,
10889,"6802TA15 JR - KIT DE PRATELEIRAS 3X75CM",43.00,EXCLU,"prix < 80 € ; aucune image ; hors stock ; image placeholder",OK,,
10890,"6802TA18 JR - KIT DE PRATELEIRAS 3X90CM",53.00,EXCLU,"prix < 80 € ; aucune image ; hors stock ; image placeholder",OK,,
10891,"5068DRES JR - REVESTIMENTO 2 COLUNAS E 2 RAIS SUSPENSOS",479.00,EXCLU,"aucune image ; hors stock ; image placeholder",OK,,
10892,"5071DRES JR - 1 COLUNA COM GAVETAS, BARRA DE PENDURAR E ESPAÇO PARA SAPATOS",191.00,EXCLU,"aucune image ; hors stock ; image placeholder",OK,,
10893,"5065DRES JR - DECORAÇÃO 4 PRATELEIRAS, 1 GOVACA, 2 CORRIDAS DE PENDURAR E CORTINA",232.00,EXCLU,"aucune image ; hors stock ; image placeholder",OK,,
10894,"301190 JR - 2 CORRIMÃOS SUSPENSAS COM GAVETA, 4 PRATELEIRAS E CORTINA PRETA",258.00,EXCLU,"aucune image ; hors stock ; image placeholder",OK,,
10895,"301340 JR - 2 CORRIMÃOS SUSPENSAS COM GAVETA, 4 PRATELEIRAS E CORTINA CINZENTA",229.00,EXCLU,"aucune image ; hors stock ; image placeholder",OK,,
10896,"0982DRES JR - ACABAMENTO COM 6 NICHOS, GAVETA, BARRA DE PENDURAR E CORTINA",319.00,EXCLU,"aucune image ; hors stock ; image placeholder",OK,,
10897,"300230 JR - CHICAGO C",145.00,EXCLU,"aucune image ; hors stock ; image placeholder",OK,,
10898,"300240 JR - CHICAGO D",164.00,EXCLU,"aucune image ; hors stock ; image placeholder",OK,,
10899,"300250 JR - CHICAGO E",62.00,EXCLU,"prix < 80 € ; aucune image ; hors stock ; image placeholder",OK,,
10900,"300260 JR - CHICAGO F",162.00,EXCLU,"aucune image ; hors stock ; image placeholder",OK,,
10901,"300270 JR - CHICAGO G",169.00,EXCLU,"aucune image ; hors stock ; image placeholder",OK,,
10902,"301510 JR - COMBI A",111.00,EXCLU,"aucune image ; hors stock ; image placeholder",OK,,
10903,"301520 JR - COMBI B",126.00,EXCLU,"aucune image ; hors stock ; image placeholder",OK,,
10904,"301530 JR - COMBI C",136.00,EXCLU,"aucune image ; hors stock ; image placeholder",OK,,
10905,"301540 JR - COMBI D",162.00,EXCLU,"aucune image ; hors stock ; image placeholder",OK,,
10906,"301550 JR - COMBI E",65.00,EXCLU,"prix < 80 € ; aucune image ; hors stock ; image placeholder",OK,,
10907,"301580 JR - COMBI F",164.00,EXCLU,"aucune image ; hors stock ; image placeholder",OK,,
10908,"301590 JR - COMBI G",164.00,EXCLU,"aucune image ; hors stock ; image placeholder",OK,,
10909,"300750 JR - MOLHO COM 2 PENDURADOS CORRIMÃOS, 2 GAVETAS, 6 PRATELEIRAS E CORTINA CINZENTA",312.00,EXCLU,"aucune image ; hors stock ; image placeholder",OK,,
10910,"301160 JR - VESTIR COM 2 PENDURADOS CORRIMÃOS, 2 GAVETAS, 6 PRATELEIRAS E A CORTINA PRETA",348.00,EXCLU,"aucune image ; hors stock ; image placeholder",OK,,
10911,"302180 JR - VESTIR COM GAVETA, 4 PRATELEIRAS COM FUNDO PRETO E CORTINA PRETA",382.00,EXCLU,"aucune image ; hors stock ; image placeholder",OK,,
10912,"300020 JR - DERSSING COM 2 SUSPENSÕES RAIS 3 PRATELEIRAS, 2 NICHOS E GAVETA",244.00,EXCLU,"aucune image ; hors stock ; image placeholder",OK,,
10913,"303180 JR - DERSSING COM 2 SUSPENSÕES CORRIMÃOS, 4 PRATELEIRAS, GAVETA E CORTINA PRETA",254.00,EXCLU,"aucune image ; hors stock ; image placeholder",OK,,
10914,"300960 JR - MOLHO COM CORRIMÃOS SUSPENSOS, PRATELEIRAS, GAVETAS E PORTA DA OFICINA",575.00,EXCLU,"aucune image ; hors stock ; image placeholder",OK,,
10915,"303402 JR - UNIDADE COM CORRIMÃO DE PENDURAÇÃO, 4 PRATELEIRAS E 2 GAVETAS",370.00,EXCLU,"aucune image ; hors stock ; image placeholder",OK,,
10916,"303401 JR - UNIDADE COM CORRIMÃO SUSPENSO E PRATELEIRA",164.00,EXCLU,"aucune image ; hors stock ; image placeholder",OK,,
10917,"303404 JR - CORTINA DE 120CM",43.00,EXCLU,"prix < 80 € ; aucune image ; hors stock ; image placeholder",OK,,
10918,"303403 JR - CORTINA DE 83CM",39.00,EXCLU,"prix < 80 € ; aucune image ; hors stock ; image placeholder",OK,,
10919,"300140 JR - DECORAÇÃO FIXA NA PAREDE COM CORRIMÃO SUSPENSO E 3 PRATELEIRAS",107.00,EXCLU,"aucune image ; hors stock ; image placeholder",OK,,
10920,"300910 JR - KIT DE DECORAÇÃO DEBAIXO DO TELHADO",133.00,EXCLU,"aucune image ; hors stock ; image placeholder",OK,,
10921,"4020CA80 JR - ARMÁRIO 80CM",273.00,EXCLU,"aucune image ; hors stock ; image placeholder",OK,,
10922,"4020CA60 JR - ARMÁRIO 60CM",248.00,EXCLU,"aucune image ; hors stock ; image placeholder",OK,,
10923,"4020ANGL JR - UNIDADE DE CANTO",229.00,EXCLU,"aucune image ; hors stock ; image placeholder",OK,,
10924,"4020EMIR JR - UNIDADE ESPELHO E PRATELEIRAS",244.00,EXCLU,"aucune image ; hors stock ; image placeholder",OK,,
10925,"4020BIBL JR - UNIDADE DE ESTANTE",152.00,EXCLU,"aucune image ; hors stock ; image placeholder",OK,,
10926,"4020PO60 JR - PORTA DE 60CM",75.00,EXCLU,"prix < 80 € ; aucune image ; hors stock ; image placeholder",OK,,
10927,"4021PO60 JR - PORTA DE 60CM",72.00,EXCLU,"prix < 80 € ; aucune image ; hors stock ; image placeholder",OK,,
10928,"4022PO60 JR - PORTA DE 60CM",87.00,EXCLU,"aucune image ; hors stock ; image placeholder",OK,,
10929,"4020PO40 JR - CONJUNTO DE PORTA 2X40CM",91.00,EXCLU,"aucune image ; hors stock ; image placeholder",OK,,
10930,"4021PO40 JR - CONJUNTO DE PORTAS 2X40CM",85.00,EXCLU,"aucune image ; hors stock ; image placeholder",OK,,
10931,"4022PO40 JR - CONJUNTO DE PORTAS 2X40CM",107.00,EXCLU,"aucune image ; hors stock ; image placeholder",OK,,
10932,"4023PO40 JR - CONJUNTO DE PORTA ESPELHADA 2X40CM",222.00,EXCLU,"aucune image ; hors stock ; image placeholder",OK,,
10933,"4020TA60 JR - CONJUNTO DE 2 PRATELEIRAS 60CM",53.00,EXCLU,"prix < 80 € ; aucune image ; hors stock ; image placeholder",OK,,
10934,"4020TA80 JR - CONJUNTO DE 2 PRATELEIRAS 80CM",62.00,EXCLU,"prix < 80 € ; aucune image ; hors stock ; image placeholder",OK,,
10935,"4020TI60 JR - CONJUNTO DE 2 GIVETAS, 60CM",94.00,EXCLU,"aucune image ; hors stock ; image placeholder",OK,,
10936,"4020TI80 JR - CONJUNTO DE 2 GAVETAS 80CM",111.00,EXCLU,"aucune image ; hors stock ; image placeholder",OK,,
10937,"4021CH35 JR - 4 DOBRADIÇAS PARA ARMÁRIO (VENDIDO EM PACOTES DE 25)",27.00,EXCLU,"prix < 80 € ; aucune image ; hors stock ; image placeholder",OK,,
10938,"4020CH35 JR - 4 DOBRADIÇAS PARA UNIDADE DE CANTO (VENDIDO EM PACOTES DE 10)",29.00,EXCLU,"prix < 80 € ; aucune image ; hors stock ; image placeholder",OK,,
10939,"4020BA60 JR - CARRIL SUSPENSO DE 60 CM",17.00,EXCLU,"prix < 80 € ; aucune image ; hors stock ; image placeholder",OK,,
10940,"4020BA80 JR - 80CM RAIL SUSPENSO",20.00,EXCLU,"prix < 80 € ; aucune image ; hors stock ; image placeholder",OK,,
10941,"4020B80D JR - CORRIMÃO PRETO DE 80CM COM CORTINA",27.00,EXCLU,"prix < 80 € ; aucune image ; hors stock ; image placeholder",OK,,
10942,"4020B12D JR - TRAVESSÃO PRETA DE 120CM COM CORTINA",29.00,EXCLU,"prix < 80 € ; aucune image ; hors stock ; image placeholder",OK,,
10943,"300010 JR - TANGO AMÉM. PLA CH. BRO",450.00,EXCLU,"aucune image ; hors stock ; image placeholder",OK,,
10944,"7630COIF JR - BAR DE BELEZA COM ESPELHO,  2 PRATELEIRAS E GAVETA",145.00,EXCLU,"aucune image ; hors stock ; image placeholder",OK,,
10945,"7385COIF-ECR JR - BAR DE BELEZAESPELHO + LEDS5 GAVETAS ROTATIVAS COM SEPARAÇÕES INTERNAS.",399.00,EXCLU,"aucune image ; hors stock ; image placeholder",OK,,
10946,"7365COIF JR - BAR DE BELEZAESPELHO + LEDS5 GAVETAS ROTATIVAS COM SEPARAÇÕES INTERNAS.",382.00,EXCLU,"aucune image ; hors stock ; image placeholder",OK,,
10947,"0982BAPT JR - APARADOR DE 3 PORTAS COM 2 GAVETAS",200.00,EXCLU,"aucune image ; hors stock ; image placeholder",OK,,
10948,"0982BA2P JR - ARMÁRIO DE 2 PORTAS",130.00,EXCLU,"aucune image ; hors stock ; image placeholder",OK,,
10949,"0982MCH2 JR - ARMÁRIO DE SAPATOS",155.00,EXCLU,"aucune image ; hors stock ; image placeholder",OK,,
10950,"0982MCH4 JR - ARMÁRIO DE SAPATOS",193.00,EXCLU,"aucune image ; hors stock ; image placeholder",OK,,
10951,"0982BAPC JR - 2-ARMÁRIO DE PORTA DESLIZANTE",136.00,EXCLU,"aucune image ; hors stock ; image placeholder",OK,,
10952,"0982CO3T JR - CÓMODA DE 3 GACETAS",162.00,EXCLU,"aucune image ; hors stock ; image placeholder",OK,,
10953,"0982CO6T JR - CÔMODA DE 6 GACETAS",319.00,EXCLU,"aucune image ; hors stock ; image placeholder",OK,,
10954,"0983BAPT JR - APARADOR DE 3 PORTAS COM 2 GAVES",200.00,EXCLU,"aucune image ; hors stock ; image placeholder",OK,,
10955,"0983BA2P JR - ARMÁRIO DE 2 PORTAS",130.00,EXCLU,"aucune image ; hors stock ; image placeholder",OK,,
10956,"0983MCH2 JR - ARMÁRIO PARA SAPATOS",155.00,EXCLU,"aucune image ; hors stock ; image placeholder",OK,,
10957,"0983MCH4 JR - ARMÁRIO DE SAPATOS",193.00,EXCLU,"aucune image ; hors stock ; image placeholder",OK,,
10958,"5350CH1T JR - MESA DE CABECEIRA DE 1 GAVETA",56.00,EXCLU,"prix < 80 € ; aucune image ; hors stock ; image placeholder",OK,,
10959,"5354CO4T JR - PEITO DE 4 GAVETAS",186.00,EXCLU,"aucune image ; hors stock ; image placeholder",OK,,
10960,"2078CO3T JR - PEITO DE 3 GAVETAS",181.00,EXCLU,"aucune image ; hors stock ; image placeholder",OK,,
10961,"2078CH1T JR - MESA DE CABECEIRA COM 1 GAVETA",53.00,EXCLU,"prix < 80 € ; aucune image ; hors stock ; image placeholder",OK,,
10962,"5900CH2T JR - MESA DE CABECEIRA DE 2 GAVES",68.00,EXCLU,"prix < 80 € ; aucune image ; hors stock ; image placeholder",OK,,
10963,"5903CO3T JR - PEITO DE 3 GAVETAS",164.00,EXCLU,"aucune image ; hors stock ; image placeholder",OK,,
10964,"5901CO6T JR - TORMENTO DE 6 GAVETAS",335.00,EXCLU,"aucune image ; hors stock ; image placeholder",OK,,
10965,"5993CH2T JR - MESA DE CABECEIRA DE 2 GAVETAS",72.00,EXCLU,"prix < 80 € ; aucune image ; hors stock ; image placeholder",OK,,
10966,"5996CO3T JR - COFRE DE 3 GAVETAS",169.00,EXCLU,"aucune image ; hors stock ; image placeholder",OK,,
10967,"5994CO6T JR - PEITO DE 6 GAVETAS",338.00,EXCLU,"aucune image ; hors stock ; image placeholder",OK,,
10968,"8433BIBL JR - ESTANTE ALTA",162.00,EXCLU,"aucune image ; hors stock ; image placeholder",OK,,
10969,"8433COLO JR - ESTANTE ESTREITA E ALTA",120.00,EXCLU,"aucune image ; hors stock ; image placeholder",OK,,
10970,"8433BIBU JR - ESTANTE BAIXA",97.00,EXCLU,"aucune image ; hors stock ; image placeholder",OK,,
10971,"8433B2BU JR - ESTANTE ESTREITA E BAIXA",75.00,EXCLU,"prix < 80 € ; aucune image ; hors stock ; image placeholder",OK,,
10972,"8243BIBL JR - ESTANTE ALTA",152.00,EXCLU,"aucune image ; hors stock ; image placeholder",OK,,
10973,"8223COLO JR - ESTANTE ESTREITA E ALTA",113.00,EXCLU,"aucune image ; hors stock ; image placeholder",OK,,
10974,"8283BIBU JR - ESTANTE BAIXA",91.00,EXCLU,"aucune image ; hors stock ; image placeholder",OK,,
10975,"8263BIBU JR - ESTANTE BAIXA E ESTREITA",68.00,EXCLU,"prix < 80 € ; aucune image ; hors stock ; image placeholder",OK,,
10976,"6940BI2P JR - ESTANTE DE LIVROS DE 2 PORTAS COM LEDS E PRATELEIRA DE VIDRO",251.00,EXCLU,"aucune image ; hors stock ; image placeholder",OK,,
10977,"9846CLAS JR - PASTA DE SECRETÁRIA",159.00,EXCLU,"aucune image ; hors stock ; image placeholder",OK,,
10978,"8221COLO JR - ESTANTE ESTREITA E ALTA",120.00,EXCLU,"aucune image ; hors stock ; image placeholder",OK,,
10979,"8222COLO JR - ESTANTE ESTREITA E ALTA",120.00,EXCLU,"aucune image ; hors stock ; image placeholder",OK,,
10980,"8241BIBL JR - ESTANTE ALTA",164.00,EXCLU,"aucune image ; hors stock ; image placeholder",OK,,
10981,"8242BIBL JR - ESTANTE ALTA",164.00,EXCLU,"aucune image ; hors stock ; image placeholder",OK,,
10982,"8261BIBU JR - ESTANTE ESTREITA E BAIXA",75.00,EXCLU,"prix < 80 € ; aucune image ; hors stock ; image placeholder",OK,,
10983,"8262BIBU JR - ESTANTE BAIXA E ESTREITA",75.00,EXCLU,"prix < 80 € ; aucune image ; hors stock ; image placeholder",OK,,
10984,"8281BIBU JR - ESTANTE BAIXA",101.00,EXCLU,"aucune image ; hors stock ; image placeholder",OK,,
10985,"8282BIBU JR - ESTANTE BAIXA",101.00,EXCLU,"aucune image ; hors stock ; image placeholder",OK,,
10986,"8101BAHU JR - ESTANTE COM 2 PORTAS E PRATELEIRAS",273.00,EXCLU,"aucune image ; hors stock ; image placeholder",OK,,
10987,"8101PORV JR - CONJUNTO DE 2 PORTAS DE VIDRO COM CARVALHO JAPONÊS",145.00,EXCLU,"aucune image ; hors stock ; image placeholder",OK,,
10988,"8293PORP JR - PORTAS COM PUXADORES PRETOS E BRANCOS",58.00,EXCLU,"prix < 80 € ; aucune image ; hors stock ; image placeholder",OK,,
10989,"8291PORP JR - PORTAS COM PUXADORES PRETOS",56.00,EXCLU,"prix < 80 € ; aucune image ; hors stock ; image placeholder",OK,,
10990,"8433PORP JR - PORTAS COM PUXADORES PRETOS",56.00,EXCLU,"prix < 80 € ; aucune image ; hors stock ; image placeholder",OK,,
10991,"8292PORP JR - PORTAS COM PUXADORES PRETOS E BRANCOS",58.00,EXCLU,"prix < 80 € ; aucune image ; hors stock ; image placeholder",OK,,
10992,"8291PORV JR - CONJUNTO DE 2 PORTAS DE VIDRO ESTILO INDUSTRIAL",162.00,EXCLU,"aucune image ; hors stock ; image placeholder",OK,,
10993,"8316PORV JR - CONJUNTO DE 2 PORTAS DE VIDRO",162.00,EXCLU,"aucune image ; hors stock ; image placeholder",OK,,
10994,"8317PORP JR - PORTAS COM PUXADORES BRANCOS",58.00,EXCLU,"prix < 80 € ; aucune image ; hors stock ; image placeholder",OK,,
10995,"8430BIBL JR - ESTANTE",164.00,EXCLU,"aucune image ; hors stock ; image placeholder",OK,,
10996,"8430COLO JR - ESTANTE ESTREITA E ALTA",120.00,EXCLU,"aucune image ; hors stock ; image placeholder",OK,,
10997,"8430BIBU JR - ESTANTE BAIXA",101.00,EXCLU,"aucune image ; hors stock ; image placeholder",OK,,
10998,"8430B2BU JR - ESTANTE BAIXA E ESTREITA",75.00,EXCLU,"prix < 80 € ; aucune image ; hors stock ; image placeholder",OK,,
10999,"8790BIBL JR - ESTANTES METÁLICAS 5 PRATELEIRAS",159.00,EXCLU,"aucune image ; hors stock ; image placeholder",OK,,
11000,"8791BIBL JR - ESTANTES METÁLICAS 5 PRATELEIRAS",159.00,EXCLU,"aucune image ; hors stock ; image placeholder",OK,,
11001,"8430PORC JR - PORTAS SIMPLES",94.00,EXCLU,"aucune image ; hors stock ; image placeholder",OK,,
11002,"8439PORC JR - PORTAS EMOLDURADAS COM MAÇANETAS E PUXADORES",85.00,EXCLU,"aucune image ; hors stock ; image placeholder",OK,,
11003,"8431P2RP JR - PORTAS COM PUXADORES PRETOS E BRANCOS",58.00,EXCLU,"prix < 80 € ; aucune image ; hors stock ; image placeholder",OK,,
11004,"8431PORP JR - PORTAS SIMPLES COM PUXADORES PRETOS E BRANCOS",56.00,EXCLU,"prix < 80 € ; aucune image ; hors stock ; image placeholder",OK,,
11005,"8435PORP JR - PORTAS COM PUXADORES PRETOS E BRANCOS",62.00,EXCLU,"prix < 80 € ; aucune image ; hors stock ; image placeholder",OK,,
11006,"8436PORP JR - PORTAS COM PUXADORES PRETOS E BRANCOS",62.00,EXCLU,"prix < 80 € ; aucune image ; hors stock ; image placeholder",OK,,
11007,"8437PORP JR - PORTAS COM PUXADORES PRETOS E BRANCOS",78.00,EXCLU,"prix < 80 € ; aucune image ; hors stock ; image placeholder",OK,,
11008,"8434PORV JR - PORTAS DE VIDRO",178.00,EXCLU,"aucune image ; hors stock ; image placeholder",OK,,
11009,"KITQAB01 JR - KIT DE FERRAGENS DE CANTO",130.00,EXCLU,"aucune image ; hors stock ; image placeholder",OK,,
11010,"9875BURE JR - SECRETÁRIA COM GAVETA, PORTA E NICHOS",210.00,EXCLU,"aucune image ; hors stock ; image placeholder",OK,,
11011,"9875REHA JR - SECRETÁRIA COM GAVETA, PORTA E NICHOS",133.00,EXCLU,"aucune image ; hors stock ; image placeholder",OK,,
11012,"9873BUAN JR - SECRETÁRIA DE CANTO",215.00,EXCLU,"aucune image ; hors stock ; image placeholder",OK,,
11013,"5349BURE JR - SECRETÁRIA",145.00,EXCLU,"aucune image ; hors stock ; image placeholder",OK,,
11014,"6940STAT JR - SECRETÁRIA DE GAMING COM LEDS.",350.00,EXCLU,"aucune image ; hors stock ; image placeholder",OK,,
11015,"6493BUR1-ECR JR - SECRETÁRIA DE 3 GAVETAS",142.00,EXCLU,"aucune image ; hors stock ; image placeholder",OK,,
11016,"6439BURE JR - SECRETÁRIA DE 3 GAVETAS",155.00,EXCLU,"aucune image ; hors stock ; image placeholder",OK,,
11017,"6440BURE JR - SECRETÁRIA DE 3 GAVETAS",155.00,EXCLU,"aucune image ; hors stock ; image placeholder",OK,,
11018,"6441BUAN JR - SECRETÁRIA DE CANTO",213.00,EXCLU,"aucune image ; hors stock ; image placeholder",OK,,
11019,"6444BURE JR - SECRETÁRIA DE 3 GAVETAS",142.00,EXCLU,"aucune image ; hors stock ; image placeholder",OK,,
11020,"6900STAT JR - SECRETÁRIA DE JOGOS COM LEDS.",287.00,EXCLU,"aucune image ; hors stock ; image placeholder",OK,,
11021,"6933BURE JR - SECRETÁRIA DE JOGOS COM LEDS",338.00,EXCLU,"aucune image ; hors stock ; image placeholder",OK,,
11022,"7424BURE JR - SECRETÁRIA DE 1 GAVETA",78.00,EXCLU,"prix < 80 € ; aucune image ; hors stock ; image placeholder",OK,,
11023,"7426BURE JR - SECRETÁRIA DE 1 GAVETA",82.00,EXCLU,"aucune image ; hors stock ; image placeholder",OK,,
11024,"7424BUAN JR - SECRETÁRIA DE CANTO COM 1 GAVETA E 2 NICHOS",178.00,EXCLU,"aucune image ; hors stock ; image placeholder",OK,,
11025,"9872BURE JR - SECRETÁRIA",244.00,EXCLU,"aucune image ; hors stock ; image placeholder",OK,,
11026,"9872REHA JR - CAIXA DE SECRETÁRIA",133.00,EXCLU,"aucune image ; hors stock ; image placeholder",OK,,
11027,"7540STAT JR - SECRETÁRIA DE JOGOS COM LEDS.",466.00,EXCLU,"aucune image ; hors stock ; image placeholder",OK,,
11028,"7968BU15 JR - SECRETÁRIA DE 150CM",350.00,EXCLU,"aucune image ; hors stock ; image placeholder",OK,,
11029,"7968CAIS JR - ARMÁRIO DE 3 GAVETAS COM FECHADURA",149.00,EXCLU,"aucune image ; hors stock ; image placeholder",OK,,
11030,"7968POTI JR - PORTA DUPLA +2 GAVETAS",113.00,EXCLU,"aucune image ; hors stock ; image placeholder",OK,,
11031,"7968BIBU JR - GABINETE 3-NICHES",123.00,EXCLU,"aucune image ; hors stock ; image placeholder",OK,,
11032,"7968REHA JR - 2 EXTENSÕES DE PRATELEIRAS",82.00,EXCLU,"aucune image ; hors stock ; image placeholder",OK,,
11033,"6932BUAN JR - SECRETÁRIA FLEXÍVEL",338.00,EXCLU,"aucune image ; hors stock ; image placeholder",OK,,
11034,"244001 JR - UNIDADE SUPERIOR DE 40 CM COM 1 PORTA",65.00,EXCLU,"prix < 80 € ; aucune image ; hors stock ; image placeholder",OK,,
11035,"244002 JR - UNIDADE SUPERIOR DE 60CM COM 1 PORTA",82.00,EXCLU,"aucune image ; hors stock ; image placeholder",OK,,
11036,"244003 JR - UNIDADE SUPERIOR DE 80 CM COM 2 PORTAS",97.00,EXCLU,"aucune image ; hors stock ; image placeholder",OK,,
11037,"244005 JR - UNIDADE SUPERIOR DE 35CM DE ALTURA COM 2 PORTAS",62.00,EXCLU,"prix < 80 € ; aucune image ; hors stock ; image placeholder",OK,,
11038,"244009 JR - UNIDADE BASE 40CM COM PORTA E GAVETA",136.00,EXCLU,"aucune image ; hors stock ; image placeholder",OK,,
11039,"244011 JR - UNIDADE BASE DE 60CM COM PORTA",155.00,EXCLU,"aucune image ; hors stock ; image placeholder",OK,,
11040,"244012 JR - UNIDADE BASE DE 60CM COM GAVETA E 2 GAVETAS DE PANELA",171.00,EXCLU,"aucune image ; hors stock ; image placeholder",OK,,
11041,"244014 JR - UNIDADE BASE DE 80CMCOM 2 GAVETAS E 2 PORTAS",174.00,EXCLU,"aucune image ; hors stock ; image placeholder",OK,,
11042,"244043 JR - UNIDADE BASE DE FORNO DE 60 CM",107.00,EXCLU,"aucune image ; hors stock ; image placeholder",OK,,
11043,"244044 JR - 80CM COM 2 PORTAS",159.00,EXCLU,"aucune image ; hors stock ; image placeholder",OK,,
11044,"244049 JR - 1/2 GUARDA-ROUPA",210.00,EXCLU,"aucune image ; hors stock ; image placeholder",OK,,
11045,"244301 JR - UNIDADE SUPERIOR DE 40CM COM PORTA",68.00,EXCLU,"prix < 80 € ; aucune image ; hors stock ; image placeholder",OK,,
11046,"244302 JR - UNIDADE SUPERIOR DE 60CM COM PORTA",85.00,EXCLU,"aucune image ; hors stock ; image placeholder",OK,,
11047,"244303 JR - UNIDADE SUPERIOR DE 80CM COM 2 PORTAS",101.00,EXCLU,"aucune image ; hors stock ; image placeholder",OK,,
11048,"244305 JR - 35CM DE ALTURA UNIDADE COM PORTA",65.00,EXCLU,"prix < 80 € ; aucune image ; hors stock ; image placeholder",OK,,
11049,"244309 JR - UNIDADE BASE 40CM COM PORTA E GAVETA",140.00,EXCLU,"aucune image ; hors stock ; image placeholder",OK,,
11050,"244311 JR - UNIDADE BASE DE 60CM COM PORTA",155.00,EXCLU,"aucune image ; hors stock ; image placeholder",OK,,
11051,"244312 JR - UNIDADE BASE DE 60CM COM GAVETA E 2 GAVETAS DE TACHO",174.00,EXCLU,"aucune image ; hors stock ; image placeholder",OK,,
11052,"244314 JR - UNIDADE BASE DE 80CMCOM 2 GAVETAS E 2 PORTAS",178.00,EXCLU,"aucune image ; hors stock ; image placeholder",OK,,
11053,"244343 JR - UNIDADE BASE DE FORNO DE 60CM",107.00,EXCLU,"aucune image ; hors stock ; image placeholder",OK,,
11054,"244344 JR - 80CM COM 2 PORTAS",162.00,EXCLU,"aucune image ; hors stock ; image placeholder",OK,,
11055,"244349 JR - 1/2 GUARDA-ROUPA",210.00,EXCLU,"aucune image ; hors stock ; image placeholder",OK,,
11056,"244201 JR - UNIDADE SUPERIOR DE 40 CM COM PORTA",72.00,EXCLU,"prix < 80 € ; aucune image ; hors stock ; image placeholder",OK,,
11057,"244202 JR - UNIDADE SUPERIOR DE 60CM COM PORTA",87.00,EXCLU,"aucune image ; hors stock ; image placeholder",OK,,
11058,"244203 JR - UNIDADE SUPERIOR DE 80 CM COM 2 PORTAS",107.00,EXCLU,"aucune image ; hors stock ; image placeholder",OK,,
11059,"244205 JR - 35CM DE ALTURA UNIDADE COM PORTA",65.00,EXCLU,"prix < 80 € ; aucune image ; hors stock ; image placeholder",OK,,
11060,"244209 JR - UNIDADE BASE DE 40CM COM PORTA E GAVETA",142.00,EXCLU,"aucune image ; hors stock ; image placeholder",OK,,
11061,"244211 JR - UNIDADE BASE DE 60CM COM PORTA",162.00,EXCLU,"aucune image ; hors stock ; image placeholder",OK,,
11062,"244212 JR - UNIDADE BASE DE 60CM COM GAVETA E 2 GAVETAS DE PANELA",178.00,EXCLU,"aucune image ; hors stock ; image placeholder",OK,,
11063,"244214 JR - UNIDADE BASE DE 80CMCOM 2 GAVETAS E 2 PORTAS",184.00,EXCLU,"aucune image ; hors stock ; image placeholder",OK,,
11064,"244243 JR - UNIDADE BASE DE FORNO DE 60 CM",107.00,EXCLU,"aucune image ; hors stock ; image placeholder",OK,,
11065,"244244 JR - 80CM COM 2 PORTAS",169.00,EXCLU,"aucune image ; hors stock ; image placeholder",OK,,
11066,"244249 JR - 1/2 GUARDA-ROUPA",215.00,EXCLU,"aucune image ; hors stock ; image placeholder",OK,,
11067,"246501 JR - 40CM UNIDADE SUPERIOR COM PORTA",75.00,EXCLU,"prix < 80 € ; aucune image ; hors stock ; image placeholder",OK,,
11068,"246502 JR - UNIDADE SUPERIOR DE 60CM COM PORTA",91.00,EXCLU,"aucune image ; hors stock ; image placeholder",OK,,
11069,"246503 JR - UNIDADE SUPERIOR 80CM COM 2 PORTAS",113.00,EXCLU,"aucune image ; hors stock ; image placeholder",OK,,
11070,"246505 JR - 35CM DE ALTURA UNIDADE COM PORTA",68.00,EXCLU,"prix < 80 € ; aucune image ; hors stock ; image placeholder",OK,,
11071,"246507 JR - 2 NICHES",75.00,EXCLU,"prix < 80 € ; aucune image ; hors stock ; image placeholder",OK,,
11072,"246509 JR - UNIDADE BASE DE 40CM COM GAVETA E PORTA",149.00,EXCLU,"aucune image ; hors stock ; image placeholder",OK,,
11073,"246512 JR - UNIDADE BASE DE 60CM COM GAVETA E 2 GAVETAS DE TACHO",210.00,EXCLU,"aucune image ; hors stock ; image placeholder",OK,,
11074,"246513 JR - UNIDADE BASE DE 60CM COM PORTA",145.00,EXCLU,"aucune image ; hors stock ; image placeholder",OK,,
11075,"246514 JR - UNIDADE BASE DE 80CMCOM 2 GAVETAS E 2 PORTAS",213.00,EXCLU,"aucune image ; hors stock ; image placeholder",OK,,
11076,"246539 JR - ROUPEIRO DE MEIO FORNO",203.00,EXCLU,"aucune image ; hors stock ; image placeholder",OK,,
11077,"246543 JR - UNIDADE BASE DE FORNO DE 60CM",113.00,EXCLU,"aucune image ; hors stock ; image placeholder",OK,,
11078,"246544 JR - UNIDADE BASE DE 80CM COM 2 PORTAS",186.00,EXCLU,"aucune image ; hors stock ; image placeholder",OK,,
11079,"803370 JR - MESA ALTA COM ARRUMAÇÃO",287.00,EXCLU,"aucune image ; hors stock ; image placeholder",OK,,
11080,"7250 JR - UNIDADE DE LAVATÓRIO 80CM COM 2 PORTAS",116.00,EXCLU,"aucune image ; hors stock ; image placeholder",OK,,
11081,"7251 JR - UNIDADE DE 100CM COM 2 PORTAS",130.00,EXCLU,"aucune image ; hors stock ; image placeholder",OK,,
11082,"7252 JR - UNIDADE DE 120CM COM 2 PORTAS",145.00,EXCLU,"aucune image ; hors stock ; image placeholder",OK,,
11083,"7253 JR - UNIDADE DE 120CM COM 3 PORTAS",159.00,EXCLU,"aucune image ; hors stock ; image placeholder",OK,,
11084,"245301 JR - UNIDADE SUPERIOR DE 40CM COM PORTA",62.00,EXCLU,"prix < 80 € ; aucune image ; hors stock ; image placeholder",OK,,
11085,"245302 JR - UNIDADE SUPERIOR DE 60CM COM PORTA",78.00,EXCLU,"prix < 80 € ; aucune image ; hors stock ; image placeholder",OK,,
11086,"245303 JR - UNIDADE SUPERIOR DE 80CM COM 2 PORTAS",94.00,EXCLU,"aucune image ; hors stock ; image placeholder",OK,,
11087,"245339 JR - COLUNA DE MEIA-FORNO DE 60CM",181.00,EXCLU,"aucune image ; hors stock ; image placeholder",OK,,
11088,"245305 JR - UNIDADE SUPERIOR DE 35CM DE ALTURA",58.00,EXCLU,"prix < 80 € ; aucune image ; hors stock ; image placeholder",OK,,
11089,"245309 JR - UNIDADE BASE DE 40CM COM PORTA E GAVETA",120.00,EXCLU,"aucune image ; hors stock ; image placeholder",OK,,
11090,"245329 JR - UNIDADE BASE DE 40CM COM PORTA",107.00,EXCLU,"aucune image ; hors stock ; image placeholder",OK,,
11091,"245344 JR - UNIDADE BASE DE 80CM COM 2 PORTAS",152.00,EXCLU,"aucune image ; hors stock ; image placeholder",OK,,
11092,"245313 JR - 60CM COM PORTA",120.00,EXCLU,"aucune image ; hors stock ; image placeholder",OK,,
11093,"245312 JR - UNIDADE BASE DE 60CM COM GAVETA E 2 GAVETAS DE PANELA",171.00,EXCLU,"aucune image ; hors stock ; image placeholder",OK,,
11094,"245343 JR - UNIDADE BASE DE FORNO DE 60 CM",97.00,EXCLU,"aucune image ; hors stock ; image placeholder",OK,,
11095,"245314 JR - UNIDADE BASE 80CMCOM 2 GAVETAS E 2 PORTAS",174.00,EXCLU,"aucune image ; hors stock ; image placeholder",OK,,
11096,"0850HA40 JR - 40CM UNIDADE SUPERIOR COM PORTA",72.00,EXCLU,"prix < 80 € ; aucune image ; hors stock ; image placeholder",OK,,
11097,"0850HA60 JR - 60CM UNIDADE SUPERIOR COM PORTA",91.00,EXCLU,"aucune image ; hors stock ; image placeholder",OK,,
11098,"0850HA80 JR - 80CM UNIDADE SUPERIOR COM 2 PORTAS",111.00,EXCLU,"aucune image ; hors stock ; image placeholder",OK,,
11099,"0850HC60 JR - UNIDADE SUPERIOR DE 35CM DE ALTURA",68.00,EXCLU,"prix < 80 € ; aucune image ; hors stock ; image placeholder",OK,,
11100,"0850BA40 JR - UNIDADE BASE DE 40CM COM PORTA E GAVETA",120.00,EXCLU,"aucune image ; hors stock ; image placeholder",OK,,
11101,"0850BT60 JR - UNIDADE BASE DE 60CM COM GAVETA E 2 GAVETAS DE PANELA",184.00,EXCLU,"aucune image ; hors stock ; image placeholder",OK,,
11102,"0850BP60 JR - 60CM COM PORTA",133.00,EXCLU,"aucune image ; hors stock ; image placeholder",OK,,
11103,"0850BAFO JR - UNIDADE BASE DE FORNO DE 60 CM",87.00,EXCLU,"aucune image ; hors stock ; image placeholder",OK,,
11104,"0850BP80 JR - UNIDADE BASE DE 80CM COM 2 PORTAS",164.00,EXCLU,"aucune image ; hors stock ; image placeholder",OK,,
11105,"0851HA40 JR - 40CM UNIDADE SUPERIOR COM PORTA",75.00,EXCLU,"prix < 80 € ; aucune image ; hors stock ; image placeholder",OK,,
11106,"0851HA60 JR - 60CM UNIDADE SUPERIOR COM PORTA",94.00,EXCLU,"aucune image ; hors stock ; image placeholder",OK,,
11107,"0851HA80 JR - 80CM UNIDADE SUPERIOR COM 2 PORTAS",113.00,EXCLU,"aucune image ; hors stock ; image placeholder",OK,,
11108,"0851HC60 JR - UNIDADE SUPERIOR DE 35CM DE ALTURA",72.00,EXCLU,"prix < 80 € ; aucune image ; hors stock ; image placeholder",OK,,
11109,"0851BA40 JR - UNIDADE BASE DE 40CM COM PORTA E GAVETA",123.00,EXCLU,"aucune image ; hors stock ; image placeholder",OK,,
11110,"0851BT60 JR - UNIDADE BASE DE 60CM COM GAVETA E 2 GAVETAS DE PANELA",186.00,EXCLU,"aucune image ; hors stock ; image placeholder",OK,,
11111,"0851BP60 JR - 60CM COM PORTA",136.00,EXCLU,"aucune image ; hors stock ; image placeholder",OK,,
11112,"0851BAFO JR - UNIDADE BASE DE FORNO DE 60CM",91.00,EXCLU,"aucune image ; hors stock ; image placeholder",OK,,
11113,"0851BP80 JR - UNIDADE BASE DE 80CM COM 2 PORTAS",169.00,EXCLU,"aucune image ; hors stock ; image placeholder",OK,,
11114,"0851CO60 JR - UNIDADE DE FORNO",171.00,EXCLU,"aucune image ; hors stock ; image placeholder",OK,,
11115,"243101 JR - UNIDADE SUPERIOR DE 40CM COM PORTA",62.00,EXCLU,"prix < 80 € ; aucune image ; hors stock ; image placeholder",OK,,
11116,"243102 JR - UNIDADE SUPERIOR DE 60CM COM PORTA",75.00,EXCLU,"prix < 80 € ; aucune image ; hors stock ; image placeholder",OK,,
11117,"243103 JR - UNIDADE SUPERIOR DE 80CM COM 2 PORTAS",94.00,EXCLU,"aucune image ; hors stock ; image placeholder",OK,,
11118,"243105 JR - UNIDADE SUPERIOR 60CM1 PORTA",58.00,EXCLU,"prix < 80 € ; aucune image ; hors stock ; image placeholder",OK,,
11119,"243109 JR - UNIDADE BASE 40CM1 PORTA + 1 GAVETA",120.00,EXCLU,"aucune image ; hors stock ; image placeholder",OK,,
11120,"243111 JR - UNIDADE BASE 60CM1 PORTA + 1 GAVETA",145.00,EXCLU,"aucune image ; hors stock ; image placeholder",OK,,
11121,"243113 JR - UNIDADE BASE 60CM1 PORTA",120.00,EXCLU,"aucune image ; hors stock ; image placeholder",OK,,
11122,"243112 JR - UNIDADE BASE CM3 PORTAS",174.00,EXCLU,"aucune image ; hors stock ; image placeholder",OK,,
11123,"243114 JR - UNIDADE BASE 80CM2 PORTAS + 1 GAVETA",162.00,EXCLU,"aucune image ; hors stock ; image placeholder",OK,,
11124,"243129 JR - UNIDADE BASE 40CM1 PORTA",107.00,EXCLU,"aucune image ; hors stock ; image placeholder",OK,,
11125,"243143 JR - UNIDADE BASE DE FORNO 60CM",97.00,EXCLU,"aucune image ; hors stock ; image placeholder",OK,,
11126,"243144 JR - UNIDADE BASE 80CM2 PORTAS",152.00,EXCLU,"aucune image ; hors stock ; image placeholder",OK,,
11127,"243159 JR - UNIDADE BASE 40CM1 PORTA + 1 GAVETALARGURA 47CM",104.00,EXCLU,"aucune image ; hors stock ; image placeholder",OK,,
11128,"243164 JR - UNIDADE BASE 80CM2 PORTAS + 1 GAVETALARGURA 47CM",145.00,EXCLU,"aucune image ; hors stock ; image placeholder",OK,,
11129,"0832HA40 JR - 40CM UNIDADE SUPERIOR COM PORTA",65.00,EXCLU,"prix < 80 € ; aucune image ; hors stock ; image placeholder",OK,,
11130,"0832HA60 JR - 60CM UNIDADE SUPERIOR COM PORTA",78.00,EXCLU,"prix < 80 € ; aucune image ; hors stock ; image placeholder",OK,,
11131,"0832HA80 JR - 80CM UNIDADE SUPERIOR COM 2 PORTAS",97.00,EXCLU,"aucune image ; hors stock ; image placeholder",OK,,
11132,"0832HC60 JR - UNIDADE SUPERIOR 60CM1 PORTA",62.00,EXCLU,"prix < 80 € ; aucune image ; hors stock ; image placeholder",OK,,
11133,"0832BA40 JR - UNIDADE BASE 40CM1 PORTA + 1 GAVETA",123.00,EXCLU,"aucune image ; hors stock ; image placeholder",OK,,
11134,"0832BA60 JR - UNIDADE BASE 60CM1 PORTA + 1 GAVETA",149.00,EXCLU,"aucune image ; hors stock ; image placeholder",OK,,
11135,"0832BT60 JR - UNIDADE BASE 60CM3 GAVETAS",178.00,EXCLU,"aucune image ; hors stock ; image placeholder",OK,,
11136,"0832BP60 JR - UNIDADE BASE 60CM1 PORTA",123.00,EXCLU,"aucune image ; hors stock ; image placeholder",OK,,
11137,"0832BA80 JR - UNIDADE BASE 80CM2 PORTAS + 1 GAVETA",164.00,EXCLU,"aucune image ; hors stock ; image placeholder",OK,,
11138,"0832BP40 JR - UNIDADE BASE 40CM1 PORTA",111.00,EXCLU,"aucune image ; hors stock ; image placeholder",OK,,
11139,"0832BAFO JR - UNIDADE BASE DE FORNO 60CM",101.00,EXCLU,"aucune image ; hors stock ; image placeholder",OK,,
11140,"0832BP80 JR - UNIDADE BASE 80CM2 PORTAS",159.00,EXCLU,"aucune image ; hors stock ; image placeholder",OK,,
11141,"0832CUIS JR - KITCHNETTE",348.00,EXCLU,"aucune image ; hors stock ; image placeholder",OK,,
11142,"803346 JR - ILHA DA COZINHA",293.00,EXCLU,"aucune image ; hors stock ; image placeholder",OK,,
11143,"3435 JR - ARMÁRIO COM PORTA, 4 PRATELEIRAS E SUPORTE PARA GARRAFAS",483.00,EXCLU,"aucune image ; hors stock ; image placeholder",OK,,
11144,"803372 JR - APARADOR COM PORTA, PRATELEIRA E SUPORTE PARA GARRAFAS",319.00,EXCLU,"aucune image ; hors stock ; image placeholder",OK,,
11145,"803339 JR - CARRINHO DE 60CM 2 PORTAS",133.00,EXCLU,"aucune image ; hors stock ; image placeholder",OK,,
11146,"3241 JR - ARMÁRIO 80 CM 4 PORTAS E GAVETA",287.00,EXCLU,"aucune image ; hors stock ; image placeholder",OK,,
11147,"3406 JR - ARMÁRIO 120CM 6 PORTAS E GAVETA",360.00,EXCLU,"aucune image ; hors stock ; image placeholder",OK,,
11148,"3407 JR - ARMÁRIO 120CM 6 PORTAS E GAVETA",370.00,EXCLU,"aucune image ; hors stock ; image placeholder",OK,,
11149,"3408 JR - ARMÁRIO DE 120CM 6 PORTAS E GAVETA",379.00,EXCLU,"aucune image ; hors stock ; image placeholder",OK,,
11150,"803219 JR - 2 PORTAS E GAVETA SERVIÇO DE SERVIÇO",152.00,EXCLU,"aucune image ; hors stock ; image placeholder",OK,,
11151,"803347 JR - 2 PORTAS E GAVETA SERVIÇO DE SERVIÇO",159.00,EXCLU,"aucune image ; hors stock ; image placeholder",OK,,
11152,"803348 JR - 2 PORTAS E GAVETA SERVIÇO DE SERVIÇO",162.00,EXCLU,"aucune image ; hors stock ; image placeholder",OK,,
11153,"0852BU6P JR - ARMÁRIO DE 120 CM COM 6 PORTAS E 1 GAVETA",377.00,EXCLU,"aucune image ; hors stock ; image placeholder",OK,,
11154,"0853BU6P JR - ARMÁRIO DE 120CM COM 6 PORTAS E 1 GAVETA",401.00,EXCLU,"aucune image ; hors stock ; image placeholder",OK,,
11155,"0853ILOT JR - ILHA DA COZINHA",319.00,EXCLU,"aucune image ; hors stock ; image placeholder",OK,,
11156,"0853DESS JR - CARRINHO DE COZINHA",142.00,EXCLU,"aucune image ; hors stock ; image placeholder",OK,,
11157,"0838DESS JR - CARRINHO DE SERVIÇO DE 2 PORTAS, GAVETAS E NICHO",184.00,EXCLU,"aucune image ; hors stock ; image placeholder",OK,,
11158,"0838BU4P JR - 72CM 4 PORTAS, GAVETA E ARMÁRIO DE NICHO",251.00,EXCLU,"aucune image ; hors stock ; image placeholder",OK,,
11159,"0838BU5P JR - 108CM 5 PORTAS, GAVETAS E NICHOS ARMÁRIO",345.00,EXCLU,"aucune image ; hors stock ; image placeholder",OK,,
11160,"3401 JR - ARMÁRIO 100CM",408.00,EXCLU,"aucune image ; hors stock ; image placeholder",OK,,
11161,"803343 JR - 76CM 2 PORTAS E NICHOS QUE SERVEM O ELÉTRICO",159.00,EXCLU,"aucune image ; hors stock ; image placeholder",OK,,
11162,"0839BU5P JR - 108CM 5 PORTAS, GAVETAS E NICHOS ARMÁRIO",377.00,EXCLU,"aucune image ; hors stock ; image placeholder",OK,,
11163,"0839DESS JR - 76CM 2 PORTAS E NICHOS QUE SERVEM O ELÉTRICO",203.00,EXCLU,"aucune image ; hors stock ; image placeholder",OK,,
11164,"0839BU4P JR - 72CM 4 PORTAS, GAVETA E ARMÁRIO DE NICHO",264.00,EXCLU,"aucune image ; hors stock ; image placeholder",OK,,
11165,"3436 JR - ARMÁRIO COM 2 PORTAS, GAVETA E NICHOS",297.00,EXCLU,"aucune image ; hors stock ; image placeholder",OK,,
11166,"803375 JR - ARMÁRIO COM 1 PORTA E GAVETA",213.00,EXCLU,"aucune image ; hors stock ; image placeholder",OK,,
11167,"803376 JR - APARADOR 1 PORTA, GAVETA E PRATELEIRA",239.00,EXCLU,"aucune image ; hors stock ; image placeholder",OK,,
11168,"803319 JR - ILHA DA COZINHA",297.00,EXCLU,"aucune image ; hors stock ; image placeholder",OK,,
11169,"0841BA12 JR - 120CM DEBAIXO DA PIA COM PORTA",225.00,EXCLU,"aucune image ; hors stock ; image placeholder",OK,,
11170,"0842BA12 JR - 120CM DEBAIXO DA PIA COM PORTA",210.00,EXCLU,"aucune image ; hors stock ; image placeholder",OK,,
11171,"3415 JR - ARMÁRIO DE 120CM COM 6 PORTAS E 1 GACETA",389.00,EXCLU,"aucune image ; hors stock ; image placeholder",OK,,
11172,"3389 JR - ARMÁRIO COM PORTAS, GAVETA? PRATELEIRAS E CORRIMÃO SUSPENSO",370.00,EXCLU,"aucune image ; hors stock ; image placeholder",OK,,
11173,"0837DESS JR - ELÉTRICO DE SERVIÇO 60CM",120.00,EXCLU,"aucune image ; hors stock ; image placeholder",OK,,
11174,"0832DESS JR - 60CM ELÉTRICO DE SERVIÇO",126.00,EXCLU,"aucune image ; hors stock ; image placeholder",OK,,
11175,"0837BU2P JR - ARMÁRIO COM 2 PORTAS, GAVETA E NICHO",193.00,EXCLU,"aucune image ; hors stock ; image placeholder",OK,,
11176,"0832BU2P JR - ARMÁRIO COM 2 PORTAS, GAVETA E NICHO",213.00,EXCLU,"aucune image ; hors stock ; image placeholder",OK,,
11177,"0837BU4P JR - ARMÁRIO DE 100CM COM 4 PORTAS, GAVETA E NICHO",264.00,EXCLU,"aucune image ; hors stock ; image placeholder",OK,,
11178,"0832BU4P JR - ARMÁRIO DE 100CM COM 4 PORTAS, GAVETA E NICHO",287.00,EXCLU,"aucune image ; hors stock ; image placeholder",OK,,
11179,"0440BAPT JR - UNIDADE DE 2 PORTAS E GAVETAS",251.00,EXCLU,"aucune image ; hors stock ; image placeholder",OK,,
11180,"3363 JR - ARMÁRIO 101CM",293.00,EXCLU,"aucune image ; hors stock ; image placeholder",OK,,
11181,"803308 JR - 70CM DE SERVIÇO ELÉTRICO",107.00,EXCLU,"aucune image ; hors stock ; image placeholder",OK,,
11182,"602725 JR - DEBAIXO DA PIA",82.00,EXCLU,"aucune image ; hors stock ; image placeholder",OK,,
11183,"2047 JR - ARMÁRIO DE ARRUMAÇÃO POR CIMA",111.00,EXCLU,"aucune image ; hors stock ; image placeholder",OK,,
11184,"602715 JR - COLUNA DE 2 PORTAS COM GAVETA",235.00,EXCLU,"aucune image ; hors stock ; image placeholder",OK,,
11185,"602714 JR - COLUNA COM PORTA ESPELHADA",174.00,EXCLU,"aucune image ; hors stock ; image placeholder",OK,,
11186,"1074RA1B JR - UNIDADE DE LAVANDARIA COM ESPAÇO PARA MÁQUINA DE LAVAR, NICHO E BARRA DE PENDURAR",169.00,EXCLU,"aucune image ; hors stock ; image placeholder",OK,,
11187,"1074RA2B JR - UNIDADE DE LAVANDARIA COM ESPAÇO PARA MÁQUINA DE LAVAR, NICHO E 2 PRATELEIRAS",191.00,EXCLU,"aucune image ; hors stock ; image placeholder",OK,,
11188,"1074RA3B JR - LAVANDARIA COM 3 PORTAS",229.00,EXCLU,"aucune image ; hors stock ; image placeholder",OK,,
11189,"1074RA4B JR - LAVANDARIA COM 4 PORTAS",345.00,EXCLU,"aucune image ; hors stock ; image placeholder",OK,,
11190,"1074DRES JR - VESTIR COM 2 MÁQUINAS DE LAVAR, ESPAÇO PARA MÁQUINAS, 4 PRATELEIRAS E CORTINA",299.00,EXCLU,"aucune image ; hors stock ; image placeholder",OK,,
11191,"1076RA6B JR - UNIDADE COM 2 PORTAS E ESPAÇO PARA MÁQUINA DE LAVAR",287.00,EXCLU,"aucune image ; hors stock ; image placeholder",OK,,
11192,"1074RA5B JR - UNIDADE PARA MÁQUINA DE SECAR E MÁQUINA DE LAVAR COM PRATELEIRA DESLIZANTE",206.00,EXCLU,"aucune image ; hors stock ; image placeholder",OK,,
11193,"1075RA5B JR - UNIDADE PARA MÁQUINA DE SECAR E MÁQUINA DE LAVAR COM PRATELEIRA DESLIZANTE",193.00,EXCLU,"aucune image ; hors stock ; image placeholder",OK,,
11194,"1074RA6B JR - UNIDADE COM 2 PORTAS E ESPAÇO PARA MÁQUINA DE LAVAR",273.00,EXCLU,"aucune image ; hors stock ; image placeholder",OK,,
11195,"1074RA7B JR - UNIDADE COM ESPAÇOS PARA MÁQUINA DE LAVAR E SECAR ROUPA, CORRIMÃO DE SUSPENSÃO E PORTA",273.00,EXCLU,"aucune image ; hors stock ; image placeholder",OK,,
11196,"1074RA2P JR - ROUPEIRO DE 2 PORTAS",264.00,EXCLU,"aucune image ; hors stock ; image placeholder",OK,,
11197,"303301 JR - UNIDADE COM 3 PRATELEIRAS COM ESPAÇO HORIZONTAL",261.00,EXCLU,"aucune image ; hors stock ; image placeholder",OK,,
11198,"303300 JR - UNIDADE COM 3 PRATELEIRAS",184.00,EXCLU,"aucune image ; hors stock ; image placeholder",OK,,
11199,"803373 JR - ARMÁRIO DE ARRUMAÇÃO DE 2 PORTAS",140.00,EXCLU,"aucune image ; hors stock ; image placeholder",OK,,
11200,"803374 JR - COLUNA DE 1 PORTA",159.00,EXCLU,"aucune image ; hors stock ; image placeholder",OK,,
11201,"0832CO1P JR - ARRUMAÇÃO COM PORTA",159.00,EXCLU,"aucune image ; hors stock ; image placeholder",OK,,
11202,"0832RA2P JR - ARMAZENAMENTO COM 2 PORTAS",140.00,EXCLU,"aucune image ; hors stock ; image placeholder",OK,,
11203,"604837 JR - ARMÁRIO DE ARRUMAÇÃO DE 2 PORTAS",130.00,EXCLU,"aucune image ; hors stock ; image placeholder",OK,,
11204,"7901MCHA JR - ARMÁRIO PARA SAPATOS COM 2 PALMAS",97.00,EXCLU,"aucune image ; hors stock ; image placeholder",OK,,
11205,"7901MCHC JR - ARMÁRIO DE SAPATOS COM 4 LATAS",171.00,EXCLU,"aucune image ; hors stock ; image placeholder",OK,,
11206,"7901CO3T JR - CÔMODA DE 3 GAVETAS",120.00,EXCLU,"aucune image ; hors stock ; image placeholder",OK,,
11207,"7901AR3P JR - ROUPEIRO 3 PORTAS",264.00,EXCLU,"aucune image ; hors stock ; image placeholder",OK,,
11208,"7901AR2P JR - ROUPEIRO 2 PORTAS",186.00,EXCLU,"aucune image ; hors stock ; image placeholder",OK,,
11209,"7901EN3P JR - APARADOR DE 3 PORTAS",130.00,EXCLU,"aucune image ; hors stock ; image placeholder",OK,,
11210,"KMAX LF7 Cadeirão Relax Elevatório",349.00,EXCLU,"éligible non inclus (au-delà de la cible)",MÉDIO,"description nettoyée",
11211,"ALICE & RORY Conjunto de Mesa e Cadeiras",312.00,EXCLU,"éligible non inclus (au-delà de la cible)",MÉDIO,"description nettoyée",
11212,"SENSEI & RORY Conjunto de Mesa de Tampo Duplo e Cadeiras",348.00,INCLUS,,MÉDIO,"description nettoyée",828
11218,"ROYCE & RORY Conjunto de Mesa e Cadeiras",349.00,EXCLU,"hors stock",OK,,
11219,"REGATTA & RORY Conjunto de Mesa e Cadeiras",399.00,INCLUS,,MÉDIO,"description nettoyée",802
11227,"KMAX 992 Sofá Chaise Longue",899.00,INCLUS,,MÉDIO,"description nettoyée",81
11228,"AGRA 232 FL - 80X150 - 01 MULTI",28.00,EXCLU,"prix < 80 € ; aucune image ; hors stock ; image placeholder",OK,,
11229,"AGRA 232 FL - 80X150 - 03 MULTI",28.00,EXCLU,"prix < 80 € ; aucune image ; hors stock ; image placeholder",OK,,
11230,"AGRA 232 FL - 80X150 - PRETO",28.00,EXCLU,"prix < 80 € ; aucune image ; hors stock ; image placeholder",OK,,
11231,"AGRA 232 FL - 120X160 - 01 MULTI",45.00,EXCLU,"prix < 80 € ; aucune image ; hors stock ; image placeholder",OK,,
11232,"AGRA 232 FL - 120X160 - 03 MULTI",45.00,EXCLU,"prix < 80 € ; aucune image ; hors stock ; image placeholder",OK,,
11233,"AGRA 232 FL - 120X160 - PRETO",45.00,EXCLU,"prix < 80 € ; aucune image ; hors stock ; image placeholder",OK,,
11234,"AGRA 232 FL - 133X190 - 01 MULTI",59.00,EXCLU,"prix < 80 € ; aucune image ; hors stock ; image placeholder",OK,,
11235,"AGRA 232 FL - 133X190 - 03 MULTI",59.00,EXCLU,"prix < 80 € ; aucune image ; hors stock ; image placeholder",OK,,
11236,"AGRA 232 FL - 133X190 - PRETO",59.00,EXCLU,"prix < 80 € ; aucune image ; hors stock ; image placeholder",OK,,
11237,"AGRA 232 FL - 160X235 - 01 MULTI",89.00,EXCLU,"aucune image ; hors stock ; image placeholder",OK,,
11238,"AGRA 232 FL - 160X235 - 03 MULTI",89.00,EXCLU,"aucune image ; hors stock ; image placeholder",OK,,
11239,"AGRA 232 FL - 160X235 - PRETO",89.00,EXCLU,"aucune image ; hors stock ; image placeholder",OK,,
11240,"AGRA 232 FL - 200X285 - 01 MULTI",135.00,EXCLU,"aucune image ; hors stock ; image placeholder",OK,,
11241,"AGRA 232 FL - 200X285 - 03 MULTI",135.00,EXCLU,"aucune image ; hors stock ; image placeholder",OK,,
11242,"AGRA 232 FL - 200X285 - PRETO",135.00,EXCLU,"aucune image ; hors stock ; image placeholder",OK,,
11243,"RUI Sofá Chaise Longue",599.00,INCLUS,,MÉDIO,"description nettoyée",82
11244,"LAZIO Sofá Relax 3 Lugares",1549.00,INCLUS,,MÉDIO,"description nettoyée",893
11252,"D-924 Sofá 2 Lugares",249.00,INCLUS,,MÉDIO,"description nettoyée",786
11253,"D-924 Sofá 3 Lugares",269.00,EXCLU,"hors stock",OK,,
11257,"AS1260 Cadeira",59.00,EXCLU,"prix < 80 €",OK,,
11258,"AS1357 Cadeira",69.00,EXCLU,"prix < 80 €",OK,,
11259,"AS1176 Cadeira",59.00,EXCLU,"prix < 80 €",OK,,
11262,"AS1326BT - CADEIRA",99.00,EXCLU,"aucune image ; image placeholder",OK,,
11263,"AS1324BT - CADEIRA",99.00,EXCLU,"aucune image ; image placeholder",OK,,
11266,"EF019 Cadeira",59.00,EXCLU,"prix < 80 €",OK,,
11268,"RINO Cadeira de Escritório",139.00,INCLUS,,MÉDIO,"description nettoyée",867
11273,"K-516 Cadeira",139.00,INCLUS,,MÉDIO,"description nettoyée",279
11277,"MERRY Cadeirão",239.00,INCLUS,,MÉDIO,"description nettoyée",242
11432,"LYDEN Aparador",129.00,EXCLU,"éligible non inclus (au-delà de la cible)",MÉDIO,"description nettoyée",
11433,"LYDEN Aparador c/ Garrafeira",139.00,EXCLU,"éligible non inclus (au-delà de la cible)",MÉDIO,"description nettoyée",
11434,"LYDEN Consola",119.00,INCLUS,,MÉDIO,"description nettoyée",712
11435,"MERRY2 Cadeirão Giratório",269.00,INCLUS,,MÉDIO,"description nettoyée",189
11454,"Sofa Md 3 Lugares Amarelo D-7099-2",239.00,EXCLU,"éligible non inclus (au-delà de la cible)",MÉDIO,"titre normalisé (casse), description nettoyée",
11455,"VIGO III Sofá c/ Chaise Reversível",749.00,INCLUS,,MÉDIO,"description nettoyée",11
11457,"KMAX 1066 Sofá Relax 2 Lugares",699.00,INCLUS,,OK,,964
11458,"KMAX 1066 Sofá Relax 3 Lugares",1049.00,INCLUS,,OK,,957
11465,"TROYA Cadeirão Relax",439.00,INCLUS,,MÉDIO,"description nettoyée",636
11466,"SOFA RELAX 1 LUGAR KMAX-508 BEGE",349.00,EXCLU,"aucune image ; image placeholder",OK,,
11467,"KMAX 1066 Cadeirão",349.00,EXCLU,"aucune image ; image placeholder",OK,,
11468,"TROYA Sofá 2 Lugares",719.00,INCLUS,,MÉDIO,"description nettoyée",804
11469,"TROYA Sofá 3 Lugares",899.00,INCLUS,,MÉDIO,"description nettoyée",608
11470,"HS 60781A Sofá 3 Lugares",769.00,INCLUS,,MÉDIO,"description nettoyée",963
11471,"D-924 Cadeirão",169.00,INCLUS,,MÉDIO,"description nettoyée",788
11473,"HAMBURG LC - MOVEL CASA DE BANHO SUSPENSO C/ 1 GAVETA (110X47X49CM) ACABAMENTO BRONZO/ MERCURE",349.00,EXCLU,"hors stock",OK,,
11474,"HAMBURG LC - MOVEL CASA DE BANHO SUSPENSO C/ 1 GAVETA (92X47X49CM) ACABAMENTO BRONZO/ MERCURE",339.00,EXCLU,"hors stock",OK,,
11475,"HAMBURG LC - MOVEL CASA DE BANHO SUSPENSO C/ 1 GAVETA (79X47X49CM) ACABAMENTO BRONZO/ MERCURE",319.00,EXCLU,"hors stock",OK,,
11498,"KMAX 807 Cadeirão Relax",229.00,INCLUS,,MÉDIO,"description nettoyée",667
11499,"PRIMO Mesa de Jantar",419.00,INCLUS,,MÉDIO,"description nettoyée",972
11515,"MENFIS Cadeirão Relax",280.00,INCLUS,,MÉDIO,"description nettoyée",222
11516,"VIRGINIA Base TV",49.00,EXCLU,"prix < 80 €",OK,,
11517,"YURI DS -  MESA DE COZINHA FIXA C/TRANSPA  NEGRO",59.00,EXCLU,"prix < 80 €",OK,,
11519,"DOCK Base TV",99.00,EXCLU,"éligible non inclus (au-delà de la cible)",MÉDIO,"description nettoyée",
11520,"IZAN Sofá Cama 2 Lugares",459.00,EXCLU,"éligible non inclus (au-delà de la cible)",MÉDIO,"description nettoyée",
11576,"DONALD Móvel Baixo 2 Gavetas",80.00,INCLUS,,MÉDIO,"description nettoyée",456
11578,"DONALD Roupeiro 2 Portas",318.00,INCLUS,,MÉDIO,"description nettoyée",747
11579,"Roupeiro Roma 2 Portas + 3 Gavetas Blanco Mate 42127",239.00,EXCLU,"éligible non inclus (au-delà de la cible)",MÉDIO,"titre normalisé (casse), description nettoyée",
11581,"Roupeiro Roma 3 Portas + 3 Gavetas Sahara 42047",359.00,EXCLU,"éligible non inclus (au-delà de la cible)",MÉDIO,"titre normalisé (casse), description nettoyée",
11582,"Roupeiro Roma 3 Portas + 3 Gavetas C/ Espelho Blanco Mate 43171",389.00,EXCLU,"éligible non inclus (au-delà de la cible)",MÉDIO,"titre normalisé (casse), description nettoyée",
11583,"Roupeiro Roma 3 Portas + 3 Gavetas C/ Espelho Sahara 43172",389.00,EXCLU,"éligible non inclus (au-delà de la cible)",MÉDIO,"titre normalisé (casse), description nettoyée",
11584,"Roupeiro Roma 4 Portas + 2 Gavetas Sahara 42059",459.00,EXCLU,"éligible non inclus (au-delà de la cible)",MÉDIO,"titre normalisé (casse), description nettoyée",
11585,"Roupeiro Roma 4 Portas + 2 Gavetas Blanco Mate 42058",439.00,EXCLU,"éligible non inclus (au-delà de la cible)",MÉDIO,"titre normalisé (casse), description nettoyée",
11588,"LARA Roupeiro 2 Portas",348.00,INCLUS,,MÉDIO,"description nettoyée",745
11601,"LARA 06 Roupeiro",359.00,INCLUS,,MÉDIO,"description nettoyée",446
11619,"SIENA Roupeiro",619.00,EXCLU,"hors stock",OK,,
11728,"PASTEL Roupeiro",1259.00,EXCLU,"éligible non inclus (au-delà de la cible)",MÉDIO,"description nettoyée",
11729,"WATSON Mesa de Cabeceira",49.00,EXCLU,"prix < 80 €",OK,,
11730,"COUPLE Mesa de Cabeceira",69.00,EXCLU,"prix < 80 € ; hors stock",OK,,
11737,"MIRO Mesa de Jantar Extensível",339.00,EXCLU,"hors stock",OK,,
11738,"COUPLE Mesa de Cabeceira",89.00,INCLUS,,MÉDIO,"description nettoyée",782
11748,"EVORA Mesa de Cabeceira",179.00,INCLUS,,MÉDIO,"description nettoyée",354
11749,"WATSON Painel",239.00,EXCLU,"hors stock",OK,,
11750,"ISCHIA 05MR Aparador",359.00,INCLUS,,MÉDIO,"description nettoyée",248
11764,"ISCHIA 08MR Aparador",459.00,EXCLU,"hors stock",OK,,
11765,"ISCHIA 07MR Aparador",459.00,EXCLU,"hors stock",OK,,
11766,"BAOBAB 029 Móvel de Apoio",95.00,EXCLU,"éligible non inclus (au-delà de la cible)",MÉDIO,"description nettoyée",
11767,"BAOBAB 028 Móvel de Apoio",64.00,EXCLU,"prix < 80 €",OK,,
11777,"BOLLO BO4 Aparador",169.00,INCLUS,,MÉDIO,"description nettoyée",644
11778,"BOLLO BO6 Aparador",269.00,INCLUS,,MÉDIO,"description nettoyée",629
11781,"MURANO LC - MÓVEL ALTO 2P CARVALHO CADIZ",459.00,EXCLU,"hors stock",OK,,
11782,"MURANO LC - MÓVEL ALTO 1P VARVALHO CADIZ",439.00,EXCLU,"hors stock",OK,,
11783,"ARCO Conjunto 2 Mesas de Cabeceira",329.00,INCLUS,,MÉDIO,"description nettoyée",741
11784,"MONIKA Cómoda",124.00,INCLUS,,MÉDIO,"description nettoyée",455
11785,"SOHO 315 Aparador",79.00,EXCLU,"prix < 80 €",OK,,
11786,"SOHO 314 Aparador",149.00,EXCLU,"hors stock",OK,,
11787,"Ac1654 - Set Exterior - Alumínio",1290.00,EXCLU,"éligible non inclus (au-delà de la cible)",MÉDIO,"titre normalisé (casse), description nettoyée",
11788,"WATSON Cómoda",159.00,INCLUS,,MÉDIO,"description nettoyée",355
11790,"KMAX SL118 Sofá Relax 3 Lugares",639.00,EXCLU,"éligible non inclus (au-delà de la cible)",MÉDIO,"description nettoyée",
11791,"Kmax Sl118",499.00,EXCLU,"éligible non inclus (au-delà de la cible)",MÉDIO,"titre normalisé (casse), description nettoyée",
11792,"Sofa Relax 1 Lugares Kmax-Sl118-1 Cinza",299.00,EXCLU,"éligible non inclus (au-delà de la cible)",MÉDIO,"titre normalisé (casse), description nettoyée",
11793,"LARA Cómoda",154.00,INCLUS,,MÉDIO,"description nettoyée",584
11794,"DONALD Cómoda",186.00,INCLUS,,MÉDIO,"description nettoyée",580
11797,"ZUG 01 Aparador",129.00,EXCLU,"hors stock",OK,,
11800,"ISCHIA 10MR Vitrine",359.00,INCLUS,,MÉDIO,"description nettoyée",349
11801,"ARCO Cómoda",389.00,INCLUS,,MÉDIO,"description nettoyée",340
11802,"ISCHIA 06MR Vitrine",439.00,EXCLU,"hors stock",OK,,
11803,"ZUG 02 Aparador",129.00,EXCLU,"hors stock",OK,,
11804,"ZUG 03 Aparador",169.00,INCLUS,,MÉDIO,"description nettoyée",726
11805,"KMAX 04 Camiseiro",139.00,INCLUS,,MÉDIO,"description nettoyée",351
11808,"KMAX 05 Camiseiro",199.00,INCLUS,,MÉDIO,"description nettoyée",348
11809,"CUCA Sofá c/ Dupla Chaise",449.00,INCLUS,,MÉDIO,"description nettoyée",819
11810,"Kmax-199B - Cadeira Bege",99.00,INCLUS,,MÉDIO,"titre normalisé (casse), description nettoyée",944
11811,"Kmax-199V - Cadeira Verde",99.00,INCLUS,,MÉDIO,"titre normalisé (casse), description nettoyée",945
11812,"CUCA Sofá c/ Dupla Chaise Longue",449.00,INCLUS,,MÉDIO,"description nettoyée",820
11818,"RIO 10 Vitrine",319.00,INCLUS,,MÉDIO,"description nettoyée",253
11819,"RIO 06 Vitrine",499.00,EXCLU,"hors stock",OK,,
11821,"SMILE 42 Armário",159.00,INCLUS,,MÉDIO,"description nettoyée",924
11822,"RIO 07 Aparador",379.00,INCLUS,,MÉDIO,"description nettoyée",321
11825,"SMILE 22 Armário",199.00,EXCLU,"hors stock",OK,,
11826,"SMILE 23 Armário",289.00,EXCLU,"hors stock",OK,,
11831,"ASTRO XL Sofá Chaise Longue Reversível",299.00,INCLUS,,MÉDIO,"description nettoyée",158
11832,"SMILE 43 Armário",199.00,EXCLU,"hors stock",OK,,
11835,"DONALD 24 Roupeiro",234.00,INCLUS,,MÉDIO,"description nettoyée",450
11836,"RIO 05 Aparador",339.00,EXCLU,"hors stock",OK,,
11837,"LIDO 04 Aparador Alto",459.00,EXCLU,"hors stock",OK,,
11840,"RIO 09 Aparador",439.00,EXCLU,"hors stock",OK,,
11841,"RIO Aparador Alto",339.00,INCLUS,,MÉDIO,"description nettoyée",324
11845,"LIDO 12 Aparador",319.00,EXCLU,"hors stock",OK,,
11846,"LIDO 14 Aparador Alto",499.00,EXCLU,"hors stock",OK,,
11847,"RODHES-FT MW - CADEIRA JD8835-1-P CURRY (HAGA CURRY 68/ VELVET 7525-132) C/ PERNAS PRETAS",89.00,EXCLU,"hors stock",OK,,
11848,"RODHES MW - CADEIRA 8835-2 ANTRACITE (HAGA 16/ VELVET 7525) C/ PERNAS PRETAS",79.00,EXCLU,"prix < 80 €",OK,,
11854,"LIDO 05 Aparador",369.00,INCLUS,,MÉDIO,"description nettoyée",305
11855,"LIDO 07 Aparador",419.00,INCLUS,,MÉDIO,"description nettoyée",558
11856,"LIDO 08 Aparador",419.00,INCLUS,,MÉDIO,"description nettoyée",434
11857,"Rodhes-Ft Mw - Cadeira Jd8835-1-P Vert (Haga Velvet 74/ Velvet 7525-156) C/ Pernas Pretas",89.00,EXCLU,"éligible non inclus (au-delà de la cible)",MÉDIO,"titre normalisé (casse), description nettoyée",
11858,"Rodhes-Ft Mw - Cadeira Jd8835-1-P Bege (Haga Bege 23/ Velvet 7525-01) C/ Pernas Pretas",89.00,INCLUS,,MÉDIO,"titre normalisé (casse), description nettoyée",783
11859,"Roupeiro Roma 3 Portas + 3 Gavetas Blanco Mate 42046",339.00,INCLUS,,MÉDIO,"titre normalisé (casse), description nettoyée",902
11861,"DALLAS Consola",69.00,EXCLU,"prix < 80 €",OK,,
11863,"DAKHLA Cadeira",59.00,EXCLU,"prix < 80 €",OK,,
11864,"FLY Mesa de Jantar",379.00,EXCLU,"éligible non inclus (au-delà de la cible)",MÉDIO,"description nettoyée",
11865,"MILÃO Consola",299.00,INCLUS,,MÉDIO,"description nettoyée",739
11866,"225200 Puff",35.00,EXCLU,"prix < 80 €",OK,,
11867,"2097009 Puff",49.00,EXCLU,"prix < 80 €",OK,,
11868,"CHAMPION 01 Quarto Juvenil",144.00,INCLUS,,MÉDIO,"description nettoyée",254
11869,"BASEL 01 Aparador",419.00,EXCLU,"hors stock",OK,,
11870,"BASEL 02 Aparador",289.00,EXCLU,"hors stock",OK,,
11872,"PUFF C/ARRUMAÇÃO LIRA",35.00,EXCLU,"prix < 80 €",OK,,
11873,"CRAFT 18 Aparador",339.00,EXCLU,"hors stock",OK,,
11874,"CRAFT 01 Aparador",225.00,EXCLU,"hors stock",OK,,
11875,"ANEL BAMBU Conjunto 2 Puffs",59.00,EXCLU,"prix < 80 €",OK,,
11876,"HARNETT PUFF Quadrado",49.00,EXCLU,"prix < 80 €",OK,,
11877,"2267000 Puff Qaudrado",49.00,EXCLU,"prix < 80 €",OK,,
11878,"2205005 Conjunto 2 Puffs",99.00,INCLUS,,MÉDIO,"description nettoyée",579
11879,"ZANTE ZA2 Aparador",449.00,INCLUS,,MÉDIO,"description nettoyée",228
11880,"ZANTE ZA4 Aparador",539.00,EXCLU,"hors stock",OK,,
11881,"ZANTE ZA3 Aparador",469.00,INCLUS,,MÉDIO,"description nettoyée",223
11882,"PRESTIGO P5 Aparador",379.00,INCLUS,,MÉDIO,"description nettoyée",564
11883,"PRESTIGO Vitrine",479.00,INCLUS,,MÉDIO,"description nettoyée",219
11884,"ARMARIO DE PARTELEIRAS 2PORTAS PRESTIGO (EXC. ONLINE)",339.00,EXCLU,"hors stock",OK,,
11886,"LARA Móvel Baixo 1 Porta",99.00,INCLUS,,MÉDIO,"description nettoyée",299
11887,"PRESTIGO P6 Aparador",439.00,INCLUS,,MÉDIO,"description nettoyée",315
11890,"LARA Base TV 2 Gavetas",159.00,INCLUS,,MÉDIO,"description nettoyée",690
11906,"ROYAL K104 Aparador",309.00,INCLUS,,MÉDIO,"description nettoyée",243
11907,"ROYAL K154 Aparador",449.00,INCLUS,,MÉDIO,"description nettoyée",216
11916,"DIAMOND K104 Aparador",229.00,EXCLU,"hors stock",OK,,
11917,"DIAMOND K154 Aparador",299.00,INCLUS,,MÉDIO,"description nettoyée",320
11918,"DIAMOND KSZ154 Aparador",349.00,INCLUS,,MÉDIO,"description nettoyée",561
11919,"SKY 155 Aparador",379.00,INCLUS,,MÉDIO,"description nettoyée",563
11920,"SKY 120 Aparador",239.00,INCLUS,,MÉDIO,"description nettoyée",328
11921,"VICI K154 Aparador",459.00,EXCLU,"hors stock",OK,,
11922,"VICI KSZ103 Aparador",399.00,EXCLU,"hors stock",OK,,
11927,"HELION 108 Aparador",379.00,EXCLU,"hors stock",OK,,
11928,"HELION 160 Aparador",359.00,EXCLU,"hors stock",OK,,
11929,"ROSETA Sofá C/ Dupla Chaise",449.00,INCLUS,,MÉDIO,"description nettoyée",143
11931,"LUMI 01 Aparador",609.00,INCLUS,,MÉDIO,"description nettoyée",129
11932,"LANG Vitrine Alta",499.00,EXCLU,"hors stock",OK,,
11933,"LUMI 02 Aparador",499.00,INCLUS,,MÉDIO,"description nettoyée",136
11934,"LANG Vitrine",345.00,EXCLU,"hors stock",OK,,
11935,"LANG 150 Aparador",399.00,EXCLU,"hors stock",OK,,
11936,"LANG 180 Aparador",435.00,EXCLU,"hors stock",OK,,
11937,"BAIONA III Sofá c/ Dupla Chaise",1290.00,INCLUS,,MÉDIO,"description nettoyée",70
11939,"SENTO Vitrine",445.00,EXCLU,"hors stock",OK,,
11940,"SENTO Vitrine Alta",555.00,EXCLU,"hors stock",OK,,
11942,"SENTO K154 Aparador",445.00,EXCLU,"hors stock",OK,,
11943,"SENTO KSZ154 Aparador",465.00,EXCLU,"hors stock",OK,,
11944,"SENTO K104 Aparador",325.00,INCLUS,,MÉDIO,"description nettoyée",217
11950,"ADA Cadeira",29.00,EXCLU,"prix < 80 €",OK,,
11951,"MADIS 01 Aparador",429.00,INCLUS,,MÉDIO,"description nettoyée",338
11954,"KI 2 Cama",555.00,INCLUS,,MÉDIO,"description nettoyée",171
11955,"MADIS 02 Aparador",379.00,INCLUS,,MÉDIO,"description nettoyée",190
11956,"CHELLEN Módulo Suspenso",89.00,EXCLU,"éligible non inclus (au-delà de la cible)",MÉDIO,"description nettoyée",
11958,"TORRO Aparador",429.00,INCLUS,,MÉDIO,"description nettoyée",230
11959,"Torro Lk - Comoda C/ 6 Gavetas - Fim de Linha",439.00,INCLUS,,MÉDIO,"titre normalisé (casse), description nettoyée",574
11963,"DORE Vitrine Alta",499.00,INCLUS,,MÉDIO,"description nettoyée",218
11964,"ARENA Puff",36.00,EXCLU,"prix < 80 €",OK,,
11965,"DORE Vitrine",399.00,INCLUS,,MÉDIO,"description nettoyée",191
11966,"NABU Aparador Alto",309.00,EXCLU,"hors stock",OK,,
11967,"NABU Aparador",379.00,EXCLU,"hors stock",OK,,
11968,"SEMI 204 Aparador",679.00,EXCLU,"hors stock",OK,,
11969,"ANEMONE MW - CADEIRA JD8846-1-D CURRY (BREGO 68) C/ PERNAS PRETAS",59.00,EXCLU,"prix < 80 €",OK,,
11970,"ANEMONE MW - CADEIRA JD8846-1-D SABLE (BREGO 31) C/ PERNAS PRETAS",59.00,EXCLU,"prix < 80 €",OK,,
11971,"ANEMONE MW - CADEIRA JD8846-1-D BLEU (BREGO 86) C/ PERNAS PRETAS",59.00,EXCLU,"prix < 80 € ; hors stock",OK,,
11972,"Rodhes-Ft Mw - Cadeira Jd8835-1-P Antracite (Haga Black 16/ Velvet 7525-67) C/ Pernas Pretas",89.00,EXCLU,"éligible non inclus (au-delà de la cible)",MÉDIO,"titre normalisé (casse), description nettoyée",
11973,"RODHES MW - CADEIRA 8835-2 CURRY (HAGA 68/ VELVET 7525-132) C/ PERNAS PRETAS",79.00,EXCLU,"prix < 80 €",OK,,
11974,"DEVONPORT 01S MW - CADEIRA 8476 GREY C/ PERNAS PRETAS",49.00,EXCLU,"prix < 80 €",OK,,
11975,"SEMI 154 Aparador",589.00,EXCLU,"hors stock",OK,,
11976,"SEMI Aparador Alto",569.00,EXCLU,"hors stock",OK,,
11977,"SEMI 104 Aparador",409.00,EXCLU,"hors stock",OK,,
11980,"KMAX 107 Sofá de Canto c/ Puff",699.00,INCLUS,,MÉDIO,"description nettoyée",599
11981,"HIRO 203 Aparador",419.00,EXCLU,"hors stock",OK,,
11982,"HIRO 176 Aparador",399.00,EXCLU,"hors stock",OK,,
11990,"ACCESS 761 Aparador",199.00,INCLUS,,MÉDIO,"description nettoyée",530
11991,"ACCESS 760 Aparador",169.00,EXCLU,"hors stock",OK,,
11992,"NEVADA Cadeira",29.00,EXCLU,"prix < 80 €",OK,,
11993,"PALMA MW - CADEIRA 9320 BLEU (LEO 86) C/ PERNAS PRETAS",69.00,EXCLU,"prix < 80 € ; hors stock",OK,,
11994,"PALMA MW - CADEIRA 9320 ANTRACITE (LEO 18) C/ PERNAS PRETAS",69.00,EXCLU,"prix < 80 €",OK,,
12000,"RICK MW - CADEIRA JD9049 GRIS C/ PERNAS PRETAS",29.00,EXCLU,"prix < 80 €",OK,,
12001,"MJ7271 MW - CADEIRA MJ7271 GREY C/ PERNAS PRETAS",49.00,EXCLU,"prix < 80 €",OK,,
12002,"IBIZA MW - CADEIRA 9169 BEGE (HEVRE 22/ LINS 22) C/ PERNAS PRETAS",59.00,EXCLU,"prix < 80 €",OK,,
12003,"IBIZA MW - CADEIRA 9169 BLEU (HEVRE 88/ LINS 88) C/ PERNAS PRETAS",59.00,EXCLU,"prix < 80 €",OK,,
12004,"IBIZA MW - CADEIRA 9169 TERRACOTA (HEVRE 59/ LINS 58) C/ PERNAS PRETAS",59.00,EXCLU,"prix < 80 €",OK,,
12005,"RICK MW - CADEIRA JD9049 BLUE C/ PERNAS PRETAS",29.00,EXCLU,"prix < 80 €",OK,,
12006,"RICK MW - CADEIRA JD9049 YELLOW C/ PERNAS PRETAS",29.00,EXCLU,"prix < 80 €",OK,,
12007,"ROUPEIRO RIVER 4 PORTAS SAHARA 43181",329.00,EXCLU,"hors stock",OK,,
12008,"ROUPEIRO RIVER 4 PORTAS BLANCO MATE 43179",329.00,EXCLU,"hors stock",OK,,
12017,"D-6005 Sofá-Cama Click-Clack",169.00,INCLUS,,MÉDIO,"description nettoyée",265
12018,"MEDEA Cadeirão Relax",229.00,EXCLU,"éligible non inclus (au-delà de la cible)",MÉDIO,"description nettoyée",
12020,"MADRID Cadeirão Relax",369.00,INCLUS,,MÉDIO,"description nettoyée",232
12021,"MB-25221 Cadeirão",189.00,INCLUS,,MÉDIO,"description nettoyée",244
12022,"MB-25221 Sofá 2 Lugares",299.00,INCLUS,,MÉDIO,"description nettoyée",497
12023,"MB-25221 Sofá 3 Lugares",299.00,INCLUS,,MÉDIO,"description nettoyée",266
12024,"OLIMPO DS - SOFÁ 1 LUGAR RELAX - RAMA GRIS",299.00,EXCLU,"hors stock",OK,,
12025,"OLIMPO Sofá 3 Lugares",755.00,INCLUS,,MÉDIO,"description nettoyée",611
12030,"ORO KSZ107 Aparador",259.00,INCLUS,,MÉDIO,"description nettoyée",275
12031,"ORO K160 Aparador",289.00,INCLUS,,MÉDIO,"description nettoyée",271
12032,"MENFIS Sofá 2 Lugares",619.00,INCLUS,,MÉDIO,"description nettoyée",617
12033,"MENFIS Sofá 3 Lugares Relax Elétrico",989.00,INCLUS,,MÉDIO,"description nettoyée",604
12036,"LINK 120 Aparador",279.00,INCLUS,,MÉDIO,"description nettoyée",744
12037,"MENFIS Sofá 3 Lugares Relax Manual",779.00,INCLUS,,MÉDIO,"description nettoyée",486
12038,"LINK 140 Aparador",339.00,INCLUS,,MÉDIO,"description nettoyée",573
12041,"KMAX 717 Cadeirão Relax",349.00,EXCLU,"éligible non inclus (au-delà de la cible)",MÉDIO,"description nettoyée",
12042,"KMAX 717 Sofá 3 Lugares",849.00,INCLUS,,MÉDIO,"description nettoyée",961
12043,"KMAX 058 Cadeirão Relax",536.85,INCLUS,,MÉDIO,"description nettoyée",966
12044,"KMAX 058 Sofá 2 Lugares",789.00,INCLUS,,MÉDIO,"description nettoyée",962
12045,"KMAX 058 Sofá 3 Lugares",909.00,INCLUS,,MÉDIO,"description nettoyée",959
12047,"KMAX 425 Cadeirão Relax",449.00,INCLUS,,MÉDIO,"description nettoyée",634
12048,"KMAX 425 Sofá 2 Lugares Relax",799.00,INCLUS,,MÉDIO,"description nettoyée",610
12049,"KMAX 425 Sofá 3 Lugares Relax",949.00,INCLUS,,MÉDIO,"description nettoyée",606
12050,"EMMA Colchão Diamond Cool Hybrid",1372.00,INCLUS,,MÉDIO,"description nettoyée",47
12054,"51358M Sofá 3 Lugares Relax",799.00,INCLUS,,MÉDIO,"description nettoyée",796
12055,"51358 Cadeirão Relax",179.00,INCLUS,,MÉDIO,"description nettoyée",805
12056,"HS 60323 Sofá 3 Lugares Relax",1399.00,INCLUS,,MÉDIO,"description nettoyée",370
12057,"HS 60323 Sofá de 2 Lugares Relax",1299.00,INCLUS,,MÉDIO,"description nettoyée",371
12058,"CHELLEN Garrafeira",134.00,INCLUS,,MÉDIO,"description nettoyée",357
12059,"SANTORINI 8361-2 Cadeira",59.00,EXCLU,"prix < 80 €",OK,,
12060,"CINO JR - SECRETÁRIA - BRANCA",149.00,EXCLU,"aucune image ; hors stock ; image placeholder",OK,,
12061,"CINO JR - SECRETÁRIA - ARTISAN",129.00,EXCLU,"aucune image ; image placeholder",OK,,
12062,"CINO JR - SECRETÁRIA - ARTISAN / GRAFITE",129.00,EXCLU,"aucune image ; image placeholder",OK,,
12063,"BENJAMIN JR - MESA DE JANTAR EXTENSÍVEL - BEGE / CASHMERE",1090.00,EXCLU,"aucune image ; image placeholder",OK,,
12064,"VESNA JR - MESA DE JANTAR EXTENSÍVEL - BEGE / MARBLE",1290.00,EXCLU,"aucune image ; image placeholder",OK,,
12065,"LUCIANO JR - MESA DE JANTAR EXTENSÍVEL - MARBLE BRANCO / PRETO",1290.00,EXCLU,"aucune image ; image placeholder",OK,,
12066,"ARMANI JR - MESA DE JANTAR EXTENSÍVEL - MARBLE PRETO / PRETO",749.00,EXCLU,"aucune image ; image placeholder",OK,,
12067,"FERNANDO JR - MESA DE JANTAR EXTENSÍVEL - MARBLE BRANCO / PRETO",990.00,EXCLU,"aucune image ; image placeholder",OK,,
12068,"CALYPSO JR - MESA DE JANTAR EXTENSÍVEL - NATURAL",689.00,EXCLU,"aucune image ; image placeholder",OK,,
12069,"FLAVOR JR - MESA DE JANTAR EXTENSÍVEL - MARBLE BRANCO / WALNUT",1290.00,EXCLU,"aucune image ; hors stock ; image placeholder",OK,,
12070,"VAGNER JR - MESA DE JANTAR EXTENSÍVEL - WALNUT",949.00,EXCLU,"aucune image ; hors stock ; image placeholder",OK,,
12071,"LARSON JR - MESA DE JANTAR",149.00,EXCLU,"aucune image ; image placeholder",OK,,
12072,"K572 JR - CADEIRA CREME",179.00,EXCLU,"aucune image ; hors stock ; image placeholder",OK,,
12073,"HOLLYWOOD 2 JR - TOUCADOR - CASHMERE / WALNUT",239.00,EXCLU,"aucune image ; image placeholder",OK,,
12074,"HOLLYWOOD 2 XL JR - TOUCADOR - CASHMERE / WALNUT",399.00,EXCLU,"aucune image ; image placeholder",OK,,
12075,"TONY JR - CADEIRA ESCRITÓRIO - PRETA",89.00,EXCLU,"aucune image ; image placeholder",OK,,
12076,"SANTORINI 8361-1 Cadeira",59.00,EXCLU,"prix < 80 €",OK,,
12077,"SALINA Cadeira",59.00,EXCLU,"prix < 80 €",OK,,
12078,"KMAX 3051 Sofá",359.00,INCLUS,,MÉDIO,"description nettoyée",374
12079,"SOFA RELAX 2 LUGARES KMAX-508 BEGE",549.00,EXCLU,"aucune image ; image placeholder",OK,,
12080,"NEXT Sofá Chaise Longue",990.00,INCLUS,,MÉDIO,"description nettoyée",478
12084,"LEGOS 9 - CONJUNTO 220 BRANCO MATE-NATURAL",199.00,EXCLU,"hors stock",OK,,
12085,"ESCENA - CONJUNTO 258 NATURAL-PIZARRA",469.00,EXCLU,"hors stock",OK,,
12086,"ARGOS EXTEND II - CONJUNTO 4P 293 NATURAL-BRANCO MATE",399.00,EXCLU,"hors stock",OK,,
12087,"FLY - CONJUNTO 180 BRANCO MATE-NATURAL",199.00,EXCLU,"hors stock",OK,,
12092,"Cadeirao Verde - He8005V",149.00,INCLUS,,MÉDIO,"titre normalisé (casse), description nettoyée",927
12093,"Cadeirao Bege - He8005B",149.00,INCLUS,,MÉDIO,"titre normalisé (casse), description nettoyée",928
12094,"Cadeirao Bege - He8651B",169.00,INCLUS,,MÉDIO,"titre normalisé (casse), description nettoyée",919
12095,"Cadeirao Azul - He8312Z",129.00,INCLUS,,MÉDIO,"titre normalisé (casse), description nettoyée",935
12096,"Cadeirao Verde Lima - He-8312V",129.00,INCLUS,,MÉDIO,"titre normalisé (casse), description nettoyée",936
12097,"Cadeira Giratoria Azul - He-8180Z",189.00,INCLUS,,MÉDIO,"titre normalisé (casse), description nettoyée",913
12098,"DINAMARCA Mesa Jantar Redonda",69.00,EXCLU,"prix < 80 €",OK,,
12099,"DINAMARCA Mesa Jantar Redonda",69.00,EXCLU,"prix < 80 €",OK,,
12100,"Cadeira Giratoria Cinza - He8643C",169.00,INCLUS,,MÉDIO,"titre normalisé (casse), description nettoyée",920
12101,"Cadeira Giratoria Castanha - He8631Ca",169.00,INCLUS,,MÉDIO,"titre normalisé (casse), description nettoyée",921
12102,"Cadeira Giratoria Verde Azeitona - He-8631V",169.00,INCLUS,,MÉDIO,"titre normalisé (casse), description nettoyée",922
12103,"Cadeira Giratoria Verde - He8020V",199.00,INCLUS,,MÉDIO,"titre normalisé (casse), description nettoyée",910
12104,"Cadeira Giratória Bege - He-8668B",179.00,INCLUS,,MÉDIO,"titre normalisé (casse), description nettoyée",914
12105,"CHAMPION Cama",139.00,INCLUS,,MÉDIO,"description nettoyée",267
12106,"BASIC 10 Vitrine",269.00,INCLUS,,MÉDIO,"description nettoyée",718
12108,"BASIC 05 Aparador",269.00,INCLUS,,MÉDIO,"description nettoyée",329
12109,"BASIC 08 Aparador",319.00,INCLUS,,MÉDIO,"description nettoyée",327
12111,"DONALD Cama c/ 2 Gavetas",178.00,INCLUS,,MÉDIO,"description nettoyée",284
12113,"DONALD 42 Beliche",352.00,INCLUS,,MÉDIO,"description nettoyée",233
12115,"DONALD 45 Beliche",568.00,INCLUS,,MÉDIO,"description nettoyée",179
12116,"AURA 02 Sapateira",59.00,EXCLU,"prix < 80 €",OK,,
12117,"AURA 03 Sapateira",65.00,EXCLU,"prix < 80 €",OK,,
12121,"NIALL Sapateira",69.00,EXCLU,"prix < 80 €",OK,,
12122,"SOFA MD 2 LUGARES AZUL D-7099-4",239.00,EXCLU,"hors stock",OK,,
12123,"SOTO DS mesa de cabeceira",69.00,EXCLU,"prix < 80 €",OK,,
12125,"RIVERSIDE Base TV",149.00,EXCLU,"hors stock",OK,,
12130,"DONALD Secretária",82.00,EXCLU,"éligible non inclus (au-delà de la cible)",MÉDIO,"description nettoyée",
12131,"VH022 Sapateira",129.00,INCLUS,,MÉDIO,"description nettoyée",353
12133,"ALMANSA Consola",129.00,INCLUS,,MÉDIO,"description nettoyée",547
12134,"TREND Sapateira c/ Espelho",149.00,INCLUS,,MÉDIO,"description nettoyée",292
12135,"LARA Mesa de Centro",69.00,EXCLU,"prix < 80 €",OK,,
12136,"SOTO Base TV",139.00,INCLUS,,MÉDIO,"description nettoyée",868
12139,"SENA Sapateira",139.00,INCLUS,,MÉDIO,"description nettoyée",361
12141,"RHIN Sapateira",89.00,INCLUS,,MÉDIO,"description nettoyée",363
12151,"PASTEL Camiseiro",249.00,EXCLU,"éligible non inclus (au-delà de la cible)",MÉDIO,"description nettoyée",
12154,"MONIKA Camiseiro",104.00,INCLUS,,MÉDIO,"description nettoyée",298
12155,"SOTO Camiseiro",159.00,INCLUS,,MÉDIO,"description nettoyée",765
12156,"DONALD Camiseiro",120.00,INCLUS,,MÉDIO,"description nettoyée",362
12158,"BATALHA Sofá Chaise Longue",499.00,INCLUS,,MÉDIO,"description nettoyée",130
12159,"COUPLE Camiseiro",149.00,EXCLU,"hors stock",OK,,
12161,"CHELLEN Mesa de Centro",108.00,INCLUS,,MÉDIO,"description nettoyée",772
12162,"MR180 Kit de Campismo",89.00,EXCLU,"éligible non inclus (au-delà de la cible)",MÉDIO,"description nettoyée",
12163,"KMAX 172 Cadeira",49.00,EXCLU,"prix < 80 €",OK,,
12172,"BASIC 09 Base TV",319.00,EXCLU,"hors stock",OK,,
12173,"CHELLEN Camiseiro",138.00,INCLUS,,MÉDIO,"description nettoyée",358
12174,"KI Sommier",375.00,INCLUS,,MÉDIO,"description nettoyée",309
12175,"MR VENEZA Cama",575.00,INCLUS,,MÉDIO,"description nettoyée",166
12179,"MD VISEU Cama",325.00,INCLUS,,MÉDIO,"description nettoyée",313
12181,"CHELLEN Aparador",439.00,INCLUS,,MÉDIO,"description nettoyée",897
12185,"SANTI Colchão Eco Pocket",249.00,INCLUS,,MÉDIO,"description nettoyée",192
12192,"JC8752-2 Cadeira",89.00,INCLUS,,MÉDIO,"description nettoyée",300
12193,"JC8752-1 Cadeira",109.00,INCLUS,,MÉDIO,"description nettoyée",297
12205,"CHEERS Sofá de Canto",2390.00,INCLUS,,MÉDIO,"description nettoyée",36
12208,"NILLS Sofá Chaise Longue Reversível",1159.00,INCLUS,,MÉDIO,"description nettoyée",443
12213,"ISLA TC - CADEIRA TCH9815 BEGE (TRESOR 26) C/ PERNAS CINZA",69.00,EXCLU,"prix < 80 € ; aucune image ; hors stock ; image placeholder",OK,,
12214,"ISLA TC - CADEIRA TCH9815 VERDE (TRESOR 75) C/ PERNAS CINZA",69.00,EXCLU,"prix < 80 € ; aucune image ; hors stock ; image placeholder",OK,,
12215,"ISLA TC - CADEIRA TCH9815 BEGE (TRESOR 26) C/ PERNAS WALNUT",69.00,EXCLU,"prix < 80 € ; aucune image ; hors stock ; image placeholder",OK,,
12216,"ISLA TC - CADEIRA TCH9815 VERDE (TRESOR 75) C/ PERNAS WALNUT",69.00,EXCLU,"prix < 80 € ; aucune image ; hors stock ; image placeholder",OK,,
12217,"ISLA TC - CADEIRA TCH9815 CINZA (TRESOR 05) C/ PERNAS CINZA",69.00,EXCLU,"prix < 80 € ; aucune image ; hors stock ; image placeholder",OK,,
12218,"ISLA TC - CADEIRA TCH9815 CINZA (TRESOR 05) C/ PERNAS WALNUT",69.00,EXCLU,"prix < 80 € ; aucune image ; hors stock ; image placeholder",OK,,
12219,"CARAVELA TC - MESA JANTAR EXTENSIVEL CASTANHO NOGUEIRA (160+60CM X 90CM)",509.00,EXCLU,"aucune image ; hors stock ; image placeholder",OK,,
12220,"FADO TC - MESA JANTAR EXTENSIVEL BRANCO CERAMICA (180+60CM X 90CM)",579.00,EXCLU,"aucune image ; hors stock ; image placeholder",OK,,
12221,"VENTO TC - MESA JANTAR EXTENSIVEL BRANCO MARMORE (140+30+30CM X 85CM)",569.00,EXCLU,"aucune image ; hors stock ; image placeholder",OK,,
12222,"VELA TC - CADEIRA TCH6201 BEGE (ENJOY 111) C/ PERNAS WALNUT",79.00,EXCLU,"prix < 80 € ; aucune image ; hors stock ; image placeholder",OK,,
12223,"VELA TC - CADEIRA TCH6201 TERRACOTA (ENJOY 251) C/ PERNAS WALNUT",79.00,EXCLU,"prix < 80 € ; aucune image ; hors stock ; image placeholder",OK,,
12224,"TRAVIS Quarto Casal",496.00,INCLUS,,MÉDIO,"description nettoyée",335
12232,"CHAMPION 04 Quarto Juvenil",299.00,INCLUS,,MÉDIO,"description nettoyée",639
12239,"SEALY Colchão Iowa Ultra",507.00,INCLUS,,MÉDIO,"description nettoyée",56
12242,"PICOTO Sofá Chaise Longue",1599.00,INCLUS,,MÉDIO,"description nettoyée",50
12243,"21760075-6 Espelho de Pé",39.00,EXCLU,"prix < 80 €",OK,,
12296,"PIKOLIN Topper de Hotel Viscoelástico",292.00,EXCLU,"hors stock",OK,,
12299,"21760086-7 Espelho de Pé",59.00,EXCLU,"prix < 80 €",OK,,
12300,"DAMA 05 Aparador",329.00,INCLUS,,MÉDIO,"description nettoyée",621
12301,"DAMA 08 Aparador",479.00,INCLUS,,MÉDIO,"description nettoyée",481
12302,"DAMA 07 Aparador",369.00,INCLUS,,MÉDIO,"description nettoyée",490
12303,"DAMA 19 Aparador",439.00,INCLUS,,MÉDIO,"description nettoyée",131
12304,"21760084-5 Espelho de Pé",59.00,EXCLU,"prix < 80 €",OK,,
